text,intent,escalation_required,language_style,difficulty,scenario_type,notes,tags
Is there a mobile app for tablets?,general_question,false,,,,general info question,"[""standard""]"
Is there a tutorial for role management?,general_question,false,,,,v3 bulk gq,"[""standard""]"
Thanks for the help but I don't need anything else.,general_question,false,,,,v3 bulk esc-,"[""hard_negative_escalation""]"
Can't change my account email address.,account_issue,false,,,,account issue,"[""standard"", ""account""]"
Is there a tutorial for role management?,general_question,false,,,,bulk addition 4,"[""standard""]"
The customer portal feature seems to be broken.,technical_support,false,,,,v3 bulk tech2,"[""standard"", ""technical""]"
wht is the process for cancelling my subscription,general_question,false,,,,v3 bulk noisy3,"[""noisy""]"
Do I pay extra for the mobile app?,pricing,false,,,,bulk addition 4,"[""standard""]"
Please respect my request and do not call.,general_question,false,,,,v4 esc-,"[""hard_negative_escalation""]"
Does your platform automatically pause inactive accounts?,product_question,false,,,,v4 confusion,"[""confusion_pair""]"
I have been a paying customer for 3 years and this is unacceptable.,complaint,true,,,,v3 bulk esc+,"[""escalation_positive""]"
File upload limit is stuck at 0 bytes.,technical_support,false,,,,technical issue,"[""standard"", ""technical""]"
How does the import tool work in your platform?,general_question,false,,,,bulk addition 4,"[""standard""]"
kya audit logging available hai?,product_question,false,,,,hinglish product question,"[""hinglish""]"
Where can I find documentation about the template system?,general_question,false,,,,v3 bulk gq,"[""standard""]"
Mera account issue hai aur refund bhi chahiye.,refund,true,,,,multi-intent example,"[""multi_intent""]"
kya aapke yaha koi community forum hai,general_question,false,,,,,"[""hinglish""]"
Enterprise kitna hai?,pricing,false,,,,hinglish pricing,"[""hinglish""]"
Connect me to your support team now.,human_request,true,,,,v3 info vs action,"[""standard""]"
Can you recommend a good movie?,other,false,,,,other / off-topic,"[""standard"", ""other""]"
aapki app baar baar crash ho rahi hai Android pe,technical_support,false,,,,v3 bulk hinglish,"[""hinglish""]"
The CSV importer is broken after the latest update.,technical_support,false,,,,bulk addition 4,"[""standard""]"
I'm having trouble with The chart generator.,technical_support,false,,,,v3 bulk tech,"[""standard"", ""technical""]"
The real-time updates feature seems to be broken.,technical_support,false,,,,v3 bulk tech2,"[""standard"", ""technical""]"
i wanna cancel my subscrption,sales,false,,,,spelling/noisy text,"[""noisy""]"
Thanks team,other,false,,,,very short message,[]
Not a refund request. Just asking about policy.,general_question,false,,,,v4 negation,"[""negation""]"
mujhe aapki service se koi help nahi mili,complaint,false,,,,,"[""hinglish""]"
Tell me about pricing for audit trail.,pricing,false,,,,v3 bulk pricing2,"[""standard"", ""pricing""]"
Is there a tutorial for the notification center?,general_question,false,,,,v3 bulk gq,"[""standard""]"
What do I need to know about the dashboard?,general_question,false,,,,bulk addition 4,"[""standard""]"
Does the premium plan have everything the pro plan has?,product_question,false,,,,v4 confusion,"[""confusion_pair""]"
What is the cost of the mobile app?,pricing,false,,,,v3 bulk pricing,"[""standard"", ""pricing""]"
i dnt no how 2 use this app,general_question,false,,,,v3 noisy,"[""noisy""]"
The The drag and drop editor feature is causing errors.,technical_support,false,,,,bulk addition 4,"[""standard""]"
How many users can I add on the pro plan?,product_question,false,,,,product feature question,"[""standard""]"
Data sync nahi ho raha mobile aur desktop mein.,technical_support,false,,,,hinglish technical support,"[""hinglish""]"
I need a human to explain the features and pricing to me,sales,false,,,,v3 multi-intent,"[""multi_intent""]"
The calendar sync keeps failing.,technical_support,false,,,,v3 bulk tech,"[""standard"", ""technical""]"
The account recovery process is not working.,account_issue,false,,,,account issue,"[""standard"", ""account""]"
I need technical help with the API and also a pricing question.,technical_support,false,,,,v3 bulk multi3,"[""multi_intent""]"
The quality of your product has degraded significantly.,complaint,false,,,,general complaint,"[""standard"", ""complaint""]"
Your service is terrible. I'm very disappointed.,complaint,false,,,,general complaint,"[""standard"", ""complaint""]"
Koi mujhe call karke follow up mat karo. Sab theek hai.,general_question,false,,,,v3 esc hard neg hinglish,"[""hard_negative_escalation"", ""resolution_state"", ""hinglish""]"
my email notifcations arre not comin thru,technical_support,false,,,,v3 bulk noisy,"[""noisy""]"
What is the purpose of search filters?,general_question,false,,,,v3 bulk gq2,"[""standard""]"
whr can i find the pricin page,pricing,false,,,,spelling/noisy text,"[""noisy""]"
My account needs to be unlocked immediately.,account_issue,true,,,,bulk addition 3,"[""standard""]"
I will not stop until someone addresses this.,complaint,true,,,,escalation hard positive,"[""escalation_positive"", ""hard_positive""]"
hw do i use the template builder,product_question,false,,,,v4 noisy,"[""noisy""]"
Can you connect me to a senior representative?,human_request,true,,,,human request,"[""escalation_positive"", ""human_request""]"
What is the cost of additional users?,pricing,false,,,,v3 bulk pricing,"[""standard"", ""pricing""]"
What is the cost of extra storage?,pricing,false,,,,bulk addition 4,"[""standard""]"
My account was hacked and I need help securing it.,account_issue,true,,,,v3 bulk multi,"[""multi_intent""]"
How do I configure the account setup?,general_question,false,,,,v3 bulk gq3,"[""standard""]"
"I don't need a human, just tell me how to fix this",technical_support,false,,,,v3 negation,"[""negation""]"
i wnt a full refnd of my anual plan,refund,true,,,,v3 bulk noisy,"[""noisy""]"
Plan limits increase karne hain.,sales,false,,,,hinglish sales,"[""hinglish""]"
The API endpoint is not working.,technical_support,false,,,,bulk addition 4,"[""standard""]"
dashboard export is malfunctioning.,technical_support,false,,,,v3 bulk tech2,"[""standard"", ""technical""]"
can u help me pls im stuck,general_question,false,,,,v3 noisy,"[""noisy""]"
Aapki service achi hai lekin price bahut zyada hai.,pricing,false,,,,multi-intent example,"[""multi_intent""]"
Database connection keeps dropping every 5 minutes.,technical_support,false,,,,bulk addition 2,"[""standard""]"
The API returns HTTP 500 for valid requests,technical_support,true,,,,v3 bulk confusion,"[""standard""]"
Please do not assign this to your support team. Simple query.,general_question,false,,,,v3 bulk esc-,"[""hard_negative_escalation""]"
Is there a phone number I can call?,human_request,true,,,,bulk addition,"[""standard""]"
Mai regular customer hu. Mujhe priority support do.,sales,false,,,,hinglish example,"[""hinglish""]"
How long does it take to set up user permissions?,general_question,false,,,,bulk addition 4,"[""standard""]"
sort functionality is malfunctioning.,technical_support,false,,,,v3 bulk tech2,"[""standard"", ""technical""]"
Password reset link kaam nahi kar raha.,account_issue,false,,,,hinglish account issue,"[""hinglish""]"
What is the purpose of billing alerts?,general_question,false,,,,v3 bulk gq2,"[""standard""]"
We want to sign a yearly contract.,sales,false,,,,purchase intent,"[""standard"", ""sales""]"
Fix it.,technical_support,true,,,,very short message,[]
Is migration included in the base price?,pricing,false,,,,v3 bulk pricing,"[""standard"", ""pricing""]"
Your mobile app is garbage. It never works.,complaint,false,,,,v3 confusion: tech vs complaint,"[""standard""]"
i cnt find the dark mode option anywer,product_question,false,,,,v3 bulk noisy,"[""noisy""]"
Help me understand your refund process.,refund,false,,,,bulk addition,"[""confusion_pair""]"
I need a human for my account problem but I also want pricing.,account_issue,false,,,,bulk addition 3,"[""confusion_pair""]"
Account verification fail ho raha hai.,account_issue,false,,,,hinglish account issue,"[""hinglish""]"
What do I need to know about data export?,general_question,false,,,,v3 bulk gq,"[""standard""]"
I'm extremely let down by your company.,complaint,false,,,,bulk addition 3,"[""standard""]"
Is there a tutorial for team management?,general_question,false,,,,v3 bulk gq,"[""standard""]"
this servic is a scam,complaint,true,,,,v3 noisy,"[""noisy""]"
Is there a tutorial for two-factor authentication?,general_question,false,,,,v3 bulk gq,"[""standard""]"
This is just a complaint. I don't want anyone to contact me.,complaint,false,,,,v3 esc hard neg,"[""hard_negative_escalation""]"
aapki app ne mera data delete kar diya,technical_support,true,,,,v3 bulk hinglish,"[""hinglish""]"
What should I know about the notification center?,general_question,false,,,,v3 bulk gq3,"[""standard""]"
The API endpoint keeps failing.,technical_support,false,,,,v3 bulk tech,"[""standard"", ""technical""]"
Aapke server down hain kya?,technical_support,false,,,,bulk addition 5,"[""hinglish""]"
Encountering problems with the list view.,technical_support,false,,,,v3 bulk tech3,"[""standard"", ""technical""]"
pehle aapki app slow thi but ab theek hai,technical_support,false,,,,v4 hinglish,"[""hinglish"", ""resolution_state""]"
Do you offer different pricing tiers for audit trail?,pricing,false,,,,v3 bulk pricing2,"[""standard"", ""pricing""]"
Can I segment my audience with your tool?,product_question,false,,,,product feature question,"[""standard""]"
I want a full refund because your service never worked.,refund,true,,,,v3 balance3,"[""standard""]"
This is both a feature request and a complaint about existing features,complaint,false,,,,v3 multi-intent,"[""multi_intent""]"
Is there a tutorial for custom fields?,general_question,false,,,,v3 bulk gq,"[""standard""]"
Do I need to configure the import tool manually?,general_question,false,,,,bulk addition 4,"[""standard""]"
Can I create private knowledge base articles?,product_question,false,,,,bulk addition,"[""standard""]"
Thanks for resolving my issue quickly.,other,false,,,,v3 balance,"[""standard""]"
How does account recovery affect my account?,general_question,false,,,,v3 bulk gq2,"[""standard""]"
Your analytics page is completely broken just like everything else,complaint,false,,,,v3 confusion: tech vs complaint,"[""standard""]"
kya premium plan mein API access milta hai?,product_question,false,,,,hinglish product question,"[""hinglish""]"
Mera data kahan store hota hai?,general_question,false,,,,bulk addition 5,"[""hinglish""]"
I get an error when using My workflow automation.,technical_support,false,,,,v3 bulk tech,"[""standard"", ""technical""]"
I want to buy but your price is too high and I'm upset.,pricing,false,,,,bulk addition 3,"[""confusion_pair""]"
Is premium support included in the base price?,pricing,false,,,,v3 bulk pricing,"[""standard"", ""pricing""]"
Absolutely wonderful weather we're having,other,false,,,,other / off-topic,"[""standard"", ""other""]"
What are the benefits of content scheduling?,general_question,false,,,,v3 bulk gq,"[""standard""]"
I'm having trouble with The drag and drop editor.,technical_support,false,,,,bulk addition 4,"[""standard""]"
What are the benefits of the import tool?,general_question,false,,,,v3 bulk gq,"[""standard""]"
What does your company do exactly?,general_question,false,,,,confusion pair example,"[""confusion_pair""]"
The calendar sync stopped working suddenly.,technical_support,false,,,,bulk addition 4,"[""standard""]"
Can someone explain why I was charged?,pricing,false,,,,bulk addition,"[""confusion_pair""]"
I need help with pricing and my account is also locked,pricing,true,,,,v3 multi-intent,"[""multi_intent""]"
My problem was fixed. Close this request.,technical_support,false,,,,v3 esc hard neg,"[""hard_negative_escalation"", ""resolution_state""]"
The calendar sync is not working.,technical_support,false,,,,bulk addition 4,"[""standard""]"
Additional storage ka kya charge hai?,pricing,false,,,,hinglish pricing,"[""hinglish""]"
plese refnd my muney,refund,true,,,,spelling/noisy text,"[""noisy""]"
Do I need to configure data export manually?,general_question,false,,,,bulk addition 4,"[""standard""]"
Does the basic plan include analytics?,product_question,false,,,,product feature question,"[""standard""]"
Is the enterprise add-on included in the base price?,pricing,false,,,,v3 bulk pricing,"[""standard"", ""pricing""]"
Deadline miss ho jayegi. Please koi help karo.,technical_support,true,,,,escalation hard positive,"[""escalation_positive"", ""hard_positive""]"
How does the template system work in your platform?,general_question,false,,,,bulk addition 4,"[""standard""]"
I have been a customer for 5 years and I deserve better.,complaint,true,,,,bulk addition 3,"[""escalation_positive""]"
Hinglish: nahi chal raha.,technical_support,false,,,,v4 short,"[""hinglish""]"
I am completely dissatisfied with this service.,complaint,false,,,,general complaint,"[""standard"", ""complaint""]"
File upload is not loading properly.,technical_support,false,,,,bulk addition 4,"[""standard""]"
kya main aapke platform par hindi mein type kar sakta hu,product_question,false,,,,v3 bulk hinglish3,"[""hinglish""]"
Where can I find documentation about user permissions?,general_question,false,,,,v3 bulk gq,"[""standard""]"
Transfer me to a human being right this instant.,human_request,true,,,,bulk addition 2,"[""standard""]"
Is there a limit on storage?,general_question,false,,,,general info question,"[""standard""]"
Not asking for a refund but your service is terrible.,complaint,false,,,,multi-intent example,"[""multi_intent""]"
I will report this to the data protection authority.,complaint,true,,,,v3 esc hard pos,"[""escalation_positive""]"
Encountering problems with the attachment preview.,technical_support,false,,,,v3 bulk tech3,"[""standard"", ""technical""]"
Is additional users included in the base price?,pricing,false,,,,v3 bulk pricing,"[""standard"", ""pricing""]"
mujhe aapke software ke latest update chahiye,general_question,false,,,,v3 bulk hinglish,"[""hinglish""]"
I'm very angry. I want to talk to someone right now.,human_request,true,,,,confusion pair example,"[""confusion_pair""]"
How does password policies affect my account?,general_question,false,,,,v3 bulk gq2,"[""standard""]"
I'm having trouble with My workflow automation.,technical_support,false,,,,bulk addition 4,"[""standard""]"
The template preview is broken after the latest update.,technical_support,false,,,,bulk addition 4,"[""standard""]"
I'm unable to change my billing address.,account_issue,false,,,,account issue,"[""standard"", ""account""]"
Can I use this on my phone?,general_question,false,,,,general info question,"[""standard""]"
Is there a limit on how many projects I can create?,general_question,false,,,,v3 balance,"[""standard""]"
The template preview is not working.,technical_support,false,,,,bulk addition 4,"[""standard""]"
Can I participate in beta testing?,general_question,false,,,,v3 balance,"[""standard""]"
I have a billing issue but it's not urgent. Just explain.,refund,true,,,,multi-intent example,"[""multi_intent""]"
i paid but not gettin acsess,account_issue,true,,,,v3 noisy,"[""noisy""]"
What do I need to know about data export?,general_question,false,,,,bulk addition 4,"[""standard""]"
File upload is not loading properly.,technical_support,false,,,,v3 bulk tech,"[""standard"", ""technical""]"
Error 500,technical_support,false,,,,very short message,[]
The bulk edit feature seems to be broken.,technical_support,false,,,,v3 bulk tech2,"[""standard"", ""technical""]"
Mujhe refund aur technical support dono chahiye,refund,true,,,,v3 multi-intent hinglish,"[""multi_intent"", ""hinglish""]"
API key suddenly stop ho gaya.,technical_support,false,,,,hinglish technical support,"[""hinglish""]"
aapki service ki quality pehle acchi thi ab nahi,complaint,false,,,,,"[""hinglish""]"
I don't need anyone to contact me. Period.,general_question,false,,,,v4 esc-,"[""hard_negative_escalation""]"
How long does it take to set up two-factor authentication?,general_question,false,,,,bulk addition 4,"[""standard""]"
What is the SLA for resolving issues?,general_question,false,,,,v3 info vs action,"[""standard""]"
What currency are prices in?,pricing,false,,,,pricing question,"[""standard"", ""pricing""]"
Per seat charge karte ho ya flat rate?,pricing,false,,,,hinglish pricing,"[""hinglish""]"
How long does it take to set up audit logging?,general_question,false,,,,bulk addition 4,"[""standard""]"
The search bar keeps failing.,technical_support,false,,,,bulk addition 4,"[""standard""]"
Do unused credits roll over?,pricing,false,,,,pricing question,"[""standard"", ""pricing""]"
Can the integration wizard be disabled?,general_question,false,,,,bulk addition 4,"[""standard""]"
What is the max number of integrations?,product_question,false,,,,bulk addition 3,"[""standard""]"
Can you explain the mobile app?,general_question,false,,,,v3 bulk gq,"[""standard""]"
the timeline view is giving me trouble.,technical_support,false,,,,v3 bulk tech3,"[""standard"", ""technical""]"
my paymnt got dedctd but no recpt,pricing,false,,,,v4 noisy,"[""noisy""]"
I get an error when using The mobile app.,technical_support,false,,,,bulk addition 4,"[""standard""]"
This issue is causing a security audit failure.,account_issue,true,,,,bulk addition 5,"[""escalation_positive""]"
Price?,pricing,false,,,,very short message,[]
Account inactive dikha raha hai despite payment.,account_issue,false,,,,hinglish account issue,"[""hinglish""]"
mujhe aapki service ka SLA document chahiye,general_question,false,,,,,"[""hinglish""]"
Is there a file size limit?,product_question,false,,,,bulk addition 3,"[""standard""]"
hw can i upgrade my plan,sales,false,,,,v3 noisy,"[""noisy""]"
i need help but ur chatbot is useless,human_request,true,,,,v3 bulk noisy,"[""noisy"", ""multi_intent""]"
mera payment ho gaya but account activate nahi hua,technical_support,true,,,,,"[""hinglish""]"
What are the costs associated with premium features?,pricing,false,,,,v3 bulk pricing2,"[""standard"", ""pricing""]"
I want to talk to a customer service representative.,human_request,true,,,,human request,"[""escalation_positive"", ""human_request""]"
LinkedIn login integration broke my account.,account_issue,false,,,,account issue,"[""standard"", ""account""]"
Is there a cancellation fee?,pricing,false,,,,pricing question,"[""standard"", ""pricing""]"
Billing address change nahi ho raha.,account_issue,false,,,,hinglish account issue,"[""hinglish""]"
What do I need to know about email notifications?,general_question,false,,,,bulk addition 4,"[""standard""]"
"No calls, no emails, no follow up. Got it?",general_question,false,,,,v4 esc-,"[""hard_negative_escalation""]"
My account has been compromised. I need immediate lock down.,account_issue,true,,,,bulk addition,"[""escalation_positive""]"
How long does it take to set up audit logging?,general_question,false,,,,v3 bulk gq,"[""standard""]"
I've lost all trust in your company. Fix this now.,complaint,true,,,,escalation hard positive,"[""escalation_positive"", ""hard_positive""]"
How long does setup take?,general_question,false,,,,general info question,"[""standard""]"
kya main aapke platform par multiple accounts bana sakta hu,general_question,false,,,,,"[""hinglish""]"
Someone logged into my account from a different country.,account_issue,true,,,,v3 esc hard pos,"[""escalation_positive""]"
Can you help me fix The template preview?,technical_support,false,,,,bulk addition 4,"[""standard""]"
Do I pay extra for advanced analytics?,pricing,false,,,,v3 bulk pricing,"[""standard"", ""pricing""]"
404 on the settings page when I try to update.,technical_support,false,,,,technical issue,"[""standard"", ""technical""]"
The missing data was restored. Thank you!,technical_support,false,,,,v3 resolution,"[""resolution_state""]"
If this continues I will take legal recourse.,complaint,true,,,,bulk addition 3,"[""escalation_positive""]"
mera account delete karne ke baad bhi charge aa raha hai,refund,true,,,,v3 bulk hinglish3,"[""hinglish""]"
Refund my money or I will share my experience on social media.,refund,true,,,,v3 balance,"[""standard""]"
Mujhe refund chahiye aur account bhi close karna hai.,refund,true,,,,v3 bulk multi hinglish,"[""multi_intent"", ""hinglish""]"
Sign me up for the premium tier now.,sales,false,,,,v3 info vs action,"[""standard""]"
I have a question about features and a problem with login.,account_issue,false,,,,v3 bulk multi3,"[""multi_intent""]"
Hacked!,account_issue,true,,,,very short message,[]
pls process my refund request fast,refund,true,,,,v4 noisy,"[""noisy""]"
kya aap Hindi mein bhi support dete ho,general_question,false,,,,,"[""hinglish""]"
Don't contact me. I'll follow up if needed.,general_question,false,,,,v4 esc-,"[""hard_negative_escalation""]"
Cost?,pricing,false,,,,very short message,[]
Refund the full amount or I'll take legal action.,refund,true,,,,bulk addition 3,"[""standard""]"
my paymant method isnt workin,technical_support,false,,,,spelling/noisy text,"[""noisy""]"
Hello,other,false,,,,other / off-topic,"[""standard"", ""other""]"
Account security question not working.,account_issue,false,,,,account issue,"[""standard"", ""account""]"
How does performance monitoring work in your platform?,general_question,false,,,,v3 bulk gq,"[""standard""]"
i wnt 2 speek to a reel person,human_request,true,,,,spelling/noisy text,"[""noisy""]"
Do you charge for migrations?,pricing,false,,,,bulk addition 3,"[""standard""]"
hw much for the premium plan,pricing,false,,,,v3 bulk noisy,"[""noisy""]"
Your platform has too many bugs for a production service.,complaint,false,,,,v3 balance,"[""standard""]"
I can't access my account and I'm furious about it.,account_issue,false,,,,confusion pair example,"[""confusion_pair""]"
The knowledge base search feature seems to be broken.,technical_support,false,,,,v3 bulk tech2,"[""standard"", ""technical""]"
The bulk editor is not working.,technical_support,false,,,,v3 bulk tech,"[""standard"", ""technical""]"
my paymnt got deductd but i dnt see the features,technical_support,true,,,,v3 bulk noisy,"[""noisy""]"
Can the API be disabled?,general_question,false,,,,bulk addition 4,"[""standard""]"
How long does it take to set up the API?,general_question,false,,,,v3 bulk gq,"[""standard""]"
Is the import tool available in all plans?,general_question,false,,,,bulk addition 4,"[""standard""]"
What is the cost of advanced analytics?,pricing,false,,,,v3 bulk pricing,"[""standard"", ""pricing""]"
What do I need to know about the API?,general_question,false,,,,v3 bulk gq,"[""standard""]"
Complaint here,complaint,false,,,,very short message,[]
Account suspend ho gaya bina notification ke.,account_issue,false,,,,hinglish account issue,"[""hinglish""]"
Please don't escalate. I just wanted to share my experience.,complaint,false,,,,v3 esc hard neg,"[""hard_negative_escalation""]"
Not interested in purchasing right now.,pricing,false,,,,v3 negation,"[""negation""]"
Tell me about pricing for onboarding assistance.,pricing,false,,,,v3 bulk pricing2,"[""standard"", ""pricing""]"
Can you explain real-time sync?,general_question,false,,,,v3 bulk gq,"[""standard""]"
Your product does not live up to the marketing claims.,complaint,false,,,,v3 balance,"[""standard""]"
I was wrong about the issue. Everything actually works fine.,technical_support,false,,,,v3 bulk esc-,"[""hard_negative_escalation"", ""resolution_state""]"
How is user accounts priced?,pricing,false,,,,v3 bulk pricing2,"[""standard"", ""pricing""]"
My access was restored. Thanks for the quick help.,account_issue,false,,,,v3 bulk resolution,"[""resolution_state""]"
i wnt a humen to hlp me,human_request,true,,,,v3 noisy,"[""noisy""]"
mujhe apna account delete karna hai,general_question,false,,,,,"[""hinglish""]"
Maine jo problem batayi thi wo fix ho gayi. Thanks!,technical_support,false,,,,v3 resolution hinglish,"[""resolution_state"", ""hinglish""]"
How do I connect my Slack workspace?,general_question,false,,,,bulk addition 5,"[""standard""]"
My password was changed without my permission,account_issue,true,,,,v3 confusion: account vs tech,"[""standard""]"
I have an account issue and it's making me very angry.,account_issue,false,,,,multi-intent example,"[""multi_intent""]"
Kisi ko call mat karo. Bas price bata do.,pricing,false,,,,escalation hard negative,"[""hard_negative_escalation""]"
This is NOT a support request. It's just feedback.,complaint,false,,,,v3 esc hard neg,"[""hard_negative_escalation""]"
plz fix my account setup issue,account_issue,false,,,,v4 noisy,"[""noisy""]"
Refund kab tak aayega? Paisa kat liya hai.,refund,true,,,,hinglish example,"[""hinglish""]"
Maine multiple baar email kiya hai but koi reply nahi.,complaint,true,,,,escalation hard positive,"[""escalation_positive"", ""hard_positive""]"
Is there a setup fee or is it included?,pricing,false,,,,v3 confusion: pricing vs sales,"[""standard""]"
The forgot password flow fails at the last step,technical_support,false,,,,v3 confusion: account vs tech,"[""standard""]"
The template preview keeps failing.,technical_support,false,,,,v3 bulk tech,"[""standard"", ""technical""]"
mera account kaise reactivate kare,account_issue,false,,,,,"[""hinglish""]"
The billing issue has been resolved on your end. Thanks.,pricing,false,,,,v3 bulk resolution,"[""resolution_state""]"
i paid for premium but got nthng help,account_issue,true,,,,bulk addition 5,"[""noisy""]"
My account seems to have been accessed by an unauthorized user.,account_issue,true,,,,v3 bulk esc+,"[""escalation_positive""]"
I'd like to talk to the sales team.,sales,false,,,,purchase intent,"[""standard"", ""sales""]"
cnt login to my acc,account_issue,false,,,,spelling/noisy text,"[""noisy""]"
Can you explain the import tool?,general_question,false,,,,bulk addition 4,"[""standard""]"
File upload is showing incorrect data.,technical_support,false,,,,v3 bulk tech,"[""standard"", ""technical""]"
Mujhe team plan ka invoice chahiye.,sales,false,,,,hinglish sales,"[""hinglish""]"
the chat bot is not helpfl,complaint,false,,,,spelling/noisy text,"[""noisy""]"
Talk to someone about pricing versus talk to sales.,pricing,false,,,,bulk addition 3,"[""confusion_pair""]"
You charged me after I cancelled. Give me my money back.,refund,true,,,,bulk addition,"[""standard""]"
My account details were changed by someone else. I need help.,account_issue,true,,,,v3 bulk esc+,"[""escalation_positive""]"
Forget about it. I handled it differently.,general_question,false,,,,v3 esc hard neg,"[""hard_negative_escalation""]"
Refund mat karo. Bas mujhe batao kya hua.,pricing,false,,,,v3 negation hinglish,"[""negation"", ""hinglish""]"
The calendar sync keeps failing.,technical_support,false,,,,bulk addition 4,"[""standard""]"
Kya aapke plans mein GST included hai?,pricing,false,,,,hinglish example,"[""hinglish""]"
Having issues with auto-responder.,technical_support,false,,,,v3 bulk tech2,"[""standard"", ""technical""]"
aapka product use karke bahut time ho gaya lekin update nahi aaya,complaint,false,,,,,"[""hinglish""]"
I have sales inquiry but also a technical problem.,sales,false,,,,multi-intent example,"[""multi_intent""]"
I'm disappointed with the lack of features in the basic plan.,complaint,false,,,,v3 balance,"[""standard""]"
My refund request was processed in time. Thank you.,refund,false,,,,v3 resolution,"[""resolution_state""]"
How does custom branding affect my account?,general_question,false,,,,v3 bulk gq2,"[""standard""]"
Can you explain the template system?,general_question,false,,,,v3 bulk gq,"[""standard""]"
plz help my bill is way 2 high,pricing,false,,,,v3 bulk noisy,"[""noisy""]"
ur chargin me rong amunt evry munth,pricing,true,,,,bulk addition 3,"[""noisy""]"
I don't want compensation. I just want the issue fixed.,technical_support,false,,,,v3 negation,"[""negation""]"
aapki app mein error aa raha hai fix karo jaldi,technical_support,true,,,,v3 bulk hinglish,"[""hinglish""]"
i wnt a humn not a bot plzzz,human_request,true,,,,v3 noisy,"[""noisy""]"
Do you offer different pricing tiers for user accounts?,pricing,false,,,,v3 bulk pricing2,"[""standard"", ""pricing""]"
i wnt 2 spek to a manager,human_request,true,,,,v3 noisy,"[""noisy""]"
Refund request for the annual plan I just bought.,refund,true,,,,v3 bulk multi,"[""multi_intent""]"
How do I contact support urgently?,general_question,false,,,,bulk addition,"[""standard""]"
Mujhe bulk SMS feature chahiye. Hai kya?,product_question,false,,,,hinglish example,"[""hinglish""]"
How does real-time sync work in your platform?,general_question,false,,,,bulk addition 4,"[""standard""]"
How does the dashboard work in your platform?,general_question,false,,,,v3 bulk gq,"[""standard""]"
hw do i delet my acc,general_question,false,,,,v3 noisy,"[""noisy""]"
What is the cost of white labeling?,pricing,false,,,,v3 bulk pricing,"[""standard"", ""pricing""]"
Human request hai but also my payment failed,human_request,true,,,,v3 multi-intent hinglish,"[""multi_intent"", ""hinglish""]"
team members add karne ka kya process hai?,general_question,false,,,,hinglish general question,"[""hinglish""]"
Billing?,pricing,false,,,,very short message,[]
Can I speak to technical support? Actually just tell me the price.,pricing,false,,,,v3 multi-intent,"[""multi_intent""]"
I get an error when using Email delivery.,technical_support,false,,,,v3 bulk tech,"[""standard"", ""technical""]"
i need my mony bak asap,refund,true,,,,v3 bulk noisy,"[""noisy""]"
Your system deleted my data without any warning.,technical_support,true,,,,v3 esc hard pos,"[""escalation_positive""]"
aapki service se bahut satisfaction hai thank you,other,false,,,,v3 bulk hinglish3,"[""hinglish""]"
the notifcatn icon is not showng,technical_support,false,,,,v3 noisy,"[""noisy""]"
I can't update my profile information.,account_issue,false,,,,account issue,"[""standard"", ""account""]"
mujhe aapke yaha bulk order ka discount chahiye,sales,false,,,,v4 hinglish,"[""hinglish""]"
Can I customize activity logs?,general_question,false,,,,v3 bulk gq2,"[""standard""]"
How is training sessions priced?,pricing,false,,,,v3 bulk pricing2,"[""standard"", ""pricing""]"
Actually I was wrong. Everything works.,technical_support,false,,,,bulk addition 2,"[""hard_negative_escalation""]"
What should I know about the file manager?,general_question,false,,,,v3 bulk gq3,"[""standard""]"
How does your pricing compare to competitors?,pricing,false,,,,v3 confusion: pricing vs sales,"[""standard""]"
The timezone setting keeps resetting to UTC.,technical_support,false,,,,bulk addition,"[""standard""]"
I am filing a formal complaint with your compliance department.,complaint,true,,,,v3 bulk esc+,"[""escalation_positive""]"
How much for the team collaboration add-on?,pricing,false,,,,bulk addition 2,"[""standard""]"
mera team member account add nahi ho raha,account_issue,false,,,,v3 bulk hinglish,"[""hinglish""]"
Aapki app bahut heavy hai. Phone hang ho jata hai.,technical_support,false,,,,hinglish example,"[""hinglish""]"
mujhe live chat support chahiye,general_question,false,,,,,"[""hinglish""]"
Can you explain how account cancellation works?,general_question,false,,,,v3 info vs action,"[""standard""]"
Aapka refund process kaise kaam karta hai?,refund,false,,,,hinglish example,"[""hinglish""]"
the search bar is not showin results,technical_support,false,,,,v4 noisy,"[""noisy""]"
How does role management work in your platform?,general_question,false,,,,v3 bulk gq,"[""standard""]"
How does search filters affect my account?,general_question,false,,,,v3 bulk gq2,"[""standard""]"
Is there a way to password policies?,general_question,false,,,,v3 bulk gq2,"[""standard""]"
What is the pricing for API-only access?,pricing,false,,,,v3 balance,"[""standard""]"
Please start my monthly subscription now,sales,false,,,,v3 confusion: pricing vs sales,"[""standard""]"
This experience has been nothing short of horrible.,complaint,false,,,,general complaint,"[""standard"", ""complaint""]"
Don't process any refund. I was mistaken about the charge.,pricing,false,,,,v3 negation,"[""negation""]"
Can I change my plan billing frequency?,general_question,false,,,,v3 balance3,"[""standard""]"
How does the integration wizard work in your platform?,general_question,false,,,,bulk addition 4,"[""standard""]"
The login page is not working.,technical_support,false,,,,bulk addition 4,"[""standard""]"
I want to buy the premium plan but your site crashed.,sales,true,,,,v3 bulk multi,"[""multi_intent""]"
What do I need to know about the import tool?,general_question,false,,,,v3 bulk gq,"[""standard""]"
How does your service handle security?,general_question,false,,,,v3 confusion: product vs general,"[""standard""]"
I've had enough of your ineptitude.,complaint,false,,,,general complaint,"[""standard"", ""complaint""]"
New team members can't see the shared workspace.,account_issue,false,,,,bulk addition,"[""standard""]"
mujhe apna password reset karna hai,account_issue,false,,,,,"[""hinglish""]"
What is the cost per additional user?,pricing,false,,,,pricing question,"[""standard"", ""pricing""]"
I require human assistance for this urgent matter.,human_request,true,,,,bulk addition,"[""standard""]"
What do I need to know about the analytics dashboard?,general_question,false,,,,v3 bulk gq,"[""standard""]"
Mujhe nahi samajh aata aapka pricing structure.,pricing,false,,,,bulk addition 2,"[""hinglish""]"
ur support is helpless,complaint,false,,,,v3 noisy,"[""noisy""]"
your support is helplss,complaint,false,,,,spelling/noisy text,"[""noisy""]"
Is there a flat fee or percentage?,pricing,false,,,,pricing question,"[""standard"", ""pricing""]"
whts the price of premium pakage,pricing,false,,,,spelling/noisy text,"[""noisy""]"
Password change confirmation email not received.,account_issue,false,,,,account issue,"[""standard"", ""account""]"
How long does it take to set up the mobile app?,general_question,false,,,,v3 bulk gq,"[""standard""]"
aap konsa payment method accept karte ho?,general_question,false,,,,general info question,"[""standard""]"
How do I configure data sharing?,general_question,false,,,,v3 bulk gq3,"[""standard""]"
how do u guyz charge for premium,pricing,false,,,,spelling/noisy text,"[""noisy""]"
Mera issue resolve ho gaya. Ticket close karo.,technical_support,false,,,,v3 esc hard neg hinglish,"[""hard_negative_escalation"", ""resolution_state"", ""hinglish""]"
dashboard export is causing errors in my workflow.,technical_support,false,,,,v3 bulk tech2,"[""standard"", ""technical""]"
What is the purpose of team permissions?,general_question,false,,,,v3 bulk gq2,"[""standard""]"
Mujhe aapke yaha se plan lena hai but pehle demo chahiye.,sales,false,,,,v3 bulk multi3,"[""multi_intent"", ""hinglish""]"
The double charge was refunded. Issue closed.,refund,false,,,,v3 resolution,"[""resolution_state""]"
customer portal is causing errors in my workflow.,technical_support,false,,,,v3 bulk tech2,"[""standard"", ""technical""]"
Where can I find documentation about email notifications?,general_question,false,,,,v3 bulk gq,"[""standard""]"
100 licenses chahiye organization ke liye.,sales,false,,,,hinglish sales,"[""hinglish""]"
You guys are awesome!,other,false,,,,bulk addition,"[""standard""]"
knowledge base search is causing errors in my workflow.,technical_support,false,,,,v3 bulk tech2,"[""standard"", ""technical""]"
Do I need to configure role management manually?,general_question,false,,,,bulk addition 4,"[""standard""]"
What should I know about activity tracking?,general_question,false,,,,v3 bulk gq3,"[""standard""]"
I feel like your company doesn't value existing customers.,complaint,false,,,,v3 balance,"[""standard""]"
i wnt to buy your product but need info first,product_question,false,,,,v3 bulk noisy3,"[""noisy""]"
Your bot is useless. I want to speak to someone real.,human_request,true,,,,v3 confusion: human vs sales,"[""standard""]"
Your updates keep breaking existing features.,complaint,false,,,,bulk addition,"[""standard""]"
Do I pay extra for the mobile app?,pricing,false,,,,v3 bulk pricing,"[""standard"", ""pricing""]"
aapke paas koi discount code hai kya,pricing,false,,,,,"[""hinglish""]"
I regret choosing your platform over competitors.,complaint,false,,,,v3 balance,"[""standard""]"
i cnt delet my accnt from ur website help,general_question,false,,,,v3 bulk noisy,"[""noisy""]"
The mobile app is showing incorrect data.,technical_support,false,,,,bulk addition 4,"[""standard""]"
How do I get a refund?,refund,false,,,,v3 info vs action,"[""standard""]"
I'm getting a timeout error on every request.,technical_support,false,,,,technical issue,"[""standard"", ""technical""]"
What are the benefits of backup?,general_question,false,,,,v3 bulk gq,"[""standard""]"
I demand a full refund including the setup and training fees.,refund,true,,,,v3 balance,"[""standard""]"
Refund!,refund,true,,,,very short message,[]
How does keyboard shortcuts affect my account?,general_question,false,,,,v3 bulk gq2,"[""standard""]"
I'm unable to change my account email address.,account_issue,false,,,,bulk addition,"[""standard""]"
Kya mein Salesforce se connect kar sakta hu?,product_question,false,,,,hinglish product question,"[""hinglish""]"
Can I create custom approval workflows?,product_question,false,,,,v3 balance,"[""standard""]"
Your service is bad and I want a human to explain.,human_request,true,,,,bulk addition 3,"[""multi_intent""]"
I don't want compensation. I want a solution.,technical_support,true,,,,v3 bulk negation,"[""negation""]"
Don't bother your support team. I solved it.,technical_support,false,,,,v3 negation,"[""negation"", ""resolution_state""]"
The ticket routing feature seems to be broken.,technical_support,false,,,,v3 bulk tech2,"[""standard"", ""technical""]"
Is audit logging available in all plans?,general_question,false,,,,bulk addition 4,"[""standard""]"
The mobile app keeps failing.,technical_support,false,,,,bulk addition 4,"[""standard""]"
Pricing to theek hai but product features ke baare mein batao.,product_question,false,,,,multi-intent example,"[""multi_intent""]"
How long does it take to set up the template system?,general_question,false,,,,bulk addition 4,"[""standard""]"
I want to talk to someone about upgrading my plan.,sales,false,,,,bulk addition,"[""confusion_pair""]"
I'm locked out of my account.,account_issue,false,,,,account issue,"[""standard"", ""account""]"
Can you guide me through team collaboration?,general_question,false,,,,v3 bulk gq3,"[""standard""]"
The The reporting dashboard feature is causing errors.,technical_support,false,,,,bulk addition 4,"[""standard""]"
ur service sux big time,complaint,false,,,,bulk addition,"[""noisy""]"
This has been going on for two weeks with no end in sight.,complaint,true,,,,v3 bulk esc+3,"[""escalation_positive""]"
ur team is usless i been waiting 5 days for a reply,complaint,true,,,,v3 bulk noisy,"[""noisy""]"
My issue was answered in the FAQ. All set.,general_question,false,,,,v3 bulk esc-,"[""hard_negative_escalation""]"
Nobody needs to follow up. I'll manage.,general_question,false,,,,escalation hard negative,"[""hard_negative_escalation""]"
My dashboard filters keep resetting after page refresh.,technical_support,false,,,,v3 balance,"[""standard""]"
The notification system is broken after the latest update.,technical_support,false,,,,bulk addition 4,"[""standard""]"
Can you explain email notifications?,general_question,false,,,,bulk addition 4,"[""standard""]"
Can I customize email digests?,general_question,false,,,,v3 bulk gq2,"[""standard""]"
Stop the automated messages. I want to talk to a human.,human_request,true,,,,v3 balance3,"[""standard""]"
My client is waiting for me to deliver a report using your tool.,technical_support,true,,,,v3 esc hard pos,"[""escalation_positive""]"
Custom requirements ke liye sales se baat karni hai.,sales,false,,,,hinglish sales,"[""hinglish""]"
Custom scripts kaam nahi kar rahe update ke baad.,technical_support,false,,,,hinglish technical support,"[""hinglish""]"
my team membrs cant see the files i shared,technical_support,false,,,,v3 bulk noisy,"[""noisy""]"
Is there a setup fee for enterprise?,pricing,false,,,,bulk addition,"[""standard""]"
How much does priority support cost?,pricing,false,,,,bulk addition 5,"[""standard""]"
Who won the cricket match yesterday?,other,false,,,,other / off-topic,"[""standard"", ""other""]"
We have a board meeting tomorrow and your system is down.,technical_support,true,,,,v3 esc hard pos,"[""escalation_positive""]"
sort functionality stopped responding.,technical_support,false,,,,v3 bulk tech2,"[""standard"", ""technical""]"
aapki app ka response time bahut slow hai,technical_support,false,,,,v3 bulk hinglish,"[""hinglish""]"
kya aapke yaha setup fee hai,pricing,false,,,,,"[""hinglish""]"
Lost access to my work email and can't login.,account_issue,false,,,,account issue,"[""standard"", ""account""]"
Charts are displaying incorrect data.,technical_support,false,,,,technical issue,"[""standard"", ""technical""]"
Mujhe aapke product ki training chahiye.,product_question,false,,,,bulk addition 5,"[""hinglish""]"
Tell me a story,other,false,,,,other / off-topic,"[""standard"", ""other""]"
This is a critical production outage.,technical_support,true,,,,bulk addition 3,"[""escalation_positive""]"
I fixed the issue by restarting my browser. Thanks anyway.,technical_support,false,,,,v3 bulk resolution,"[""resolution_state""]"
This needs immediate attention. I'm losing revenue.,technical_support,true,,,,bulk addition 2,"[""escalation_positive""]"
mujhe enterprise plan ka demo chahiye,sales,false,,,,,"[""hinglish""]"
"Just saying hi, love your work!",other,false,,,,v3 balance3,"[""standard""]"
i wnt my subscripn canld immeditly,sales,false,,,,v4 noisy,"[""noisy""]"
Is there a way to activity logs?,general_question,false,,,,v3 bulk gq2,"[""standard""]"
I expect compensation for the downtime I have experienced.,refund,true,,,,v3 bulk esc+,"[""escalation_positive""]"
Your support is consistently slow and unhelpful.,complaint,false,,,,bulk addition,"[""standard""]"
Payment failed and I want my money back,refund,true,,,,v3 multi-intent,"[""multi_intent""]"
The search bar is not working.,technical_support,false,,,,bulk addition 4,"[""standard""]"
Mera kaam ruka hua hai. Aap log seriously nahi le rahe.,technical_support,true,,,,v3 esc hard pos hinglish,"[""escalation_positive"", ""hinglish""]"
I was angry earlier but the issue has been resolved.,complaint,false,,,,multi-intent example,"[""multi_intent""]"
Kya aap custom integration support karte ho?,product_question,false,,,,hinglish example,"[""hinglish""]"
What are the costs associated with onboarding assistance?,pricing,false,,,,v3 bulk pricing2,"[""standard"", ""pricing""]"
how 2 upgrate to premum,sales,false,,,,bulk addition 3,"[""noisy""]"
Mujhe human se baat nahi karni. Bas jawab do.,general_question,false,,,,v3 negation hinglish,"[""negation"", ""hinglish""]"
i hav been wating 4 2 weks,complaint,true,,,,v3 noisy,"[""noisy""]"
Don't give me a refund. I want the service to work.,technical_support,true,,,,v3 bulk negation,"[""negation""]"
I need a root cause analysis for this recurring outage.,technical_support,true,,,,v3 bulk esc+,"[""escalation_positive""]"
Can we schedule the onboarding call?,sales,false,,,,purchase intent,"[""standard"", ""sales""]"
file preview stopped responding.,technical_support,false,,,,v3 bulk tech2,"[""standard"", ""technical""]"
I'm not interested in talking to anyone. Just send me the info.,general_question,false,,,,escalation hard negative,"[""hard_negative_escalation""]"
I want to complain about billing and get it fixed.,pricing,false,,,,v3 bulk multi3,"[""multi_intent""]"
Your sales team promised features that don't exist.,complaint,false,,,,v3 balance,"[""standard""]"
mujhe aapki service ka refund chahiye,refund,true,,,,v4 hinglish,"[""hinglish""]"
Mera number change ho gaya. Account mein update karo.,account_issue,false,,,,hinglish example,"[""hinglish""]"
Mujhe annual plan ka invoice chahiye.,sales,false,,,,bulk addition 5,"[""hinglish""]"
Can you explain audit logging?,general_question,false,,,,v3 bulk gq,"[""standard""]"
Maine galati se delete kar diya account. Help.,account_issue,true,,,,hinglish example,"[""hinglish""]"
Aapki vajah se mera client loss ho raha hai. Ab legal action lunga.,complaint,true,,,,v3 bulk esc+,"[""escalation_positive"", ""hinglish""]"
account activate karne mein kitna time lagta hai?,general_question,false,,,,hinglish general question,"[""hinglish""]"
I want my subscription fees back.,refund,true,,,,refund demand,"[""escalation_positive"", ""refund""]"
Can I integrate with Zapier?,general_question,false,,,,general info question,"[""standard""]"
Does your software support Kanban boards?,product_question,false,,,,v3 balance,"[""standard""]"
How do I mute notifications?,general_question,false,,,,general info question,"[""standard""]"
Mai bahut pareshan hu. Please koi help karo.,general_question,true,,,,hinglish example,"[""hinglish""]"
My reports won't export to PDF.,technical_support,false,,,,technical issue,"[""standard"", ""technical""]"
My old emails don't work for login anymore.,account_issue,false,,,,bulk addition 2,"[""standard""]"
The notification system keeps failing.,technical_support,false,,,,bulk addition 4,"[""standard""]"
Mujhe premium plan lena hai.,sales,false,,,,hinglish sales,"[""hinglish""]"
I'm having trouble with The API endpoint.,technical_support,false,,,,bulk addition 4,"[""standard""]"
Do I pay extra for API access?,pricing,false,,,,v3 bulk pricing,"[""standard"", ""pricing""]"
batch processing is malfunctioning.,technical_support,false,,,,v3 bulk tech2,"[""standard"", ""technical""]"
Is there a tutorial for the dashboard?,general_question,false,,,,v3 bulk gq,"[""standard""]"
hw 2 upgrate my plan from basic to pro,sales,false,,,,v3 bulk noisy,"[""noisy""]"
Stop the automated messages. Give me a support agent.,human_request,true,,,,v3 balance,"[""standard""]"
Thanks,other,false,,,,very short message,[]
Reset my password now. I can't wait.,account_issue,true,,,,v3 info vs action,"[""standard""]"
Can I access my account from multiple devices?,general_question,false,,,,v3 confusion: general vs tech,"[""standard""]"
I'm having trouble with The reporting dashboard.,technical_support,false,,,,bulk addition 4,"[""standard""]"
the installer is failng every time i try,technical_support,false,,,,v3 bulk noisy3,"[""noisy""]"
aapki app par mujhe koi error aa raha hai fix karo,technical_support,false,,,,v3 bulk hinglish3,"[""hinglish""]"
Don't need a human. Just wanted to leave a note.,other,false,,,,bulk addition 2,"[""hard_negative_escalation""]"
Can you explain custom fields?,general_question,false,,,,bulk addition 4,"[""standard""]"
My account has been compromised and transactions were made.,account_issue,true,,,,v3 esc hard pos,"[""escalation_positive""]"
I explicitly do not want a refund. I just want to know the policy.,general_question,false,,,,v3 esc hard neg,"[""hard_negative_escalation"", ""negation""]"
Is extra storage included in the base price?,pricing,false,,,,bulk addition 4,"[""standard""]"
i accidently deletd my accunt,account_issue,true,,,,spelling/noisy text,"[""noisy""]"
Maine refund nahi manga. Sirf puchh raha hu.,general_question,false,,,,v3 negation hinglish,"[""negation"", ""hinglish""]"
Can I speak to technical support about a billing issue,technical_support,false,,,,v3 multi-intent,"[""multi_intent""]"
The The template preview feature is causing errors.,technical_support,false,,,,bulk addition 4,"[""standard""]"
Aaj customer khoya hai aapne.,complaint,false,,,,hinglish complaint,"[""hinglish""]"
How do I set up import features?,general_question,false,,,,v3 bulk gq2,"[""standard""]"
File upload is broken after the latest update.,technical_support,false,,,,bulk addition 4,"[""standard""]"
the font selector has a bug that needs fixing.,technical_support,false,,,,v3 bulk tech3,"[""standard"", ""technical""]"
the calender sync is not wrking,technical_support,false,,,,v4 noisy,"[""noisy""]"
the tag system is giving me trouble.,technical_support,false,,,,v3 bulk tech3,"[""standard"", ""technical""]"
Tell me your pricing but not too pushy please.,pricing,false,,,,bulk addition,"[""confusion_pair""]"
The file preview feature seems to be broken.,technical_support,false,,,,v3 bulk tech2,"[""standard"", ""technical""]"
mujhe koi experienced person se baat karni hai,human_request,true,,,,,"[""hinglish""]"
Nothing to see here. Just a test message.,other,false,,,,v3 bulk esc-,"[""hard_negative_escalation""]"
I get an error when using Data export.,technical_support,false,,,,bulk addition 4,"[""standard""]"
Pricing to theek hai but product features ke baare mein batao,product_question,false,,,,v3 multi-intent hinglish,"[""multi_intent"", ""hinglish""]"
Is there a tutorial for backup?,general_question,false,,,,v3 bulk gq,"[""standard""]"
Data export is not loading properly.,technical_support,false,,,,v3 bulk tech,"[""standard"", ""technical""]"
No need to involve higher management. You can handle this.,general_question,false,,,,v3 bulk esc-,"[""hard_negative_escalation""]"
No action required. Just giving a heads up.,complaint,false,,,,v3 esc hard neg,"[""hard_negative_escalation""]"
the alignment tool is giving me trouble.,technical_support,false,,,,v3 bulk tech3,"[""standard"", ""technical""]"
I was going to complain but now I just want my money back.,refund,true,,,,multi-intent example,"[""multi_intent""]"
i payd for premum but dnt hav it,account_issue,true,,,,v3 noisy,"[""noisy""]"
How does the notification center work in your platform?,general_question,false,,,,v3 bulk gq,"[""standard""]"
How long does it take to set up content scheduling?,general_question,false,,,,v3 bulk gq,"[""standard""]"
Do you offer custom branding?,general_question,false,,,,general info question,"[""standard""]"
File upload is not working.,technical_support,false,,,,v3 bulk tech,"[""standard"", ""technical""]"
I'm interested in your product but your pricing seems high,pricing,false,,,,v3 multi-intent,"[""multi_intent""]"
My workflow automation keeps failing.,technical_support,false,,,,bulk addition 4,"[""standard""]"
Can I set up auto replies for common questions?,product_question,false,,,,bulk addition,"[""standard""]"
my data is not syncing propely,technical_support,false,,,,v3 noisy,"[""noisy""]"
Can I transfer my subscription to someone else?,general_question,false,,,,bulk addition,"[""standard""]"
How does your AI tagging work?,product_question,false,,,,product feature question,"[""standard""]"
Cost for enterprise?,pricing,false,,,,v4 short,"[""standard""]"
I want my money back for the add-on I didn't order.,refund,true,,,,bulk addition 5,"[""standard""]"
Not a request for help. Just giving feedback.,complaint,false,,,,v4 esc-,"[""hard_negative_escalation""]"
Why does my account show a different price than advertised?,pricing,false,,,,confusion pair example,"[""confusion_pair""]"
Where can I find documentation about file sharing?,general_question,false,,,,v3 bulk gq,"[""standard""]"
Do you have a loyalty program for long-term customers?,general_question,false,,,,v3 balance,"[""standard""]"
I am NOT requesting escalation. Just feedback.,complaint,false,,,,v3 negation,"[""negation""]"
I need to merge two accounts.,account_issue,false,,,,account issue,"[""standard"", ""account""]"
mera API key regenerate karo,general_question,false,,,,v4 hinglish,"[""hinglish""]"
Kisi aur ne mera account access kiya.,account_issue,false,,,,hinglish account issue,"[""hinglish""]"
ur servis is a scam i want my mony bak,complaint,true,,,,v3 noisy,"[""noisy""]"
mujhe aapke software mein custom field add karne hain,product_question,false,,,,v3 bulk hinglish,"[""hinglish""]"
This issue has been escalated to my legal team.,complaint,true,,,,v4 esc+,"[""escalation_positive""]"
Where can I find documentation about data export?,general_question,false,,,,bulk addition 4,"[""standard""]"
How is onboarding assistance priced?,pricing,false,,,,v3 bulk pricing2,"[""standard"", ""pricing""]"
Student discount milta hai kya?,pricing,false,,,,hinglish pricing,"[""hinglish""]"
Can you help me fix The login page?,technical_support,false,,,,v3 bulk tech,"[""standard"", ""technical""]"
Is there a tutorial for email notifications?,general_question,false,,,,v3 bulk gq,"[""standard""]"
the search feature is not returnin any results,technical_support,false,,,,v3 bulk noisy3,"[""noisy""]"
Is there a way to account recovery?,general_question,false,,,,v3 bulk gq2,"[""standard""]"
I'm not asking for help. Just letting you know about a bug.,technical_support,false,,,,bulk addition,"[""hard_negative_escalation""]"
refnd my paymant r i will su u,refund,true,,,,spelling/noisy text,"[""noisy""]"
Don't call me about this. Email response is fine.,general_question,false,,,,v3 esc hard neg,"[""hard_negative_escalation""]"
My workflow automation is not loading properly.,technical_support,false,,,,v3 bulk tech,"[""standard"", ""technical""]"
I don't consent to being contacted about this.,general_question,false,,,,v4 esc-,"[""hard_negative_escalation""]"
The The CSV importer feature is causing errors.,technical_support,false,,,,bulk addition 4,"[""standard""]"
I don't need anyone to follow up. Thanks.,general_question,false,,,,bulk addition 2,"[""hard_negative_escalation""]"
My account is showing balance due but I already paid.,account_issue,true,,,,bulk addition 5,"[""standard""]"
This issue has been open for 3 weeks. Escalate now.,complaint,true,,,,bulk addition 3,"[""escalation_positive""]"
Pro plan ka price kya hai?,pricing,false,,,,hinglish pricing,"[""hinglish""]"
aapka dashboard error de raha hai fix karo,technical_support,false,,,,,"[""hinglish""]"
Is there a way to request new features?,general_question,false,,,,v3 balance,"[""standard""]"
I'm having trouble with The notification system.,technical_support,false,,,,v3 bulk tech,"[""standard"", ""technical""]"
the updat made things worse not bettr,complaint,false,,,,v3 bulk noisy,"[""noisy""]"
Need technical help with integration and also want a price quote,technical_support,false,,,,v3 multi-intent,"[""multi_intent""]"
aapne mera account block kyun kiya,account_issue,true,,,,v3 bulk hinglish,"[""hinglish""]"
Can I schedule posts?,general_question,false,,,,general info question,"[""standard""]"
My team needs 50 seats. Any discount?,pricing,false,,,,pricing question,"[""standard"", ""pricing""]"
ur team charged me twice this mnth fix it,pricing,true,,,,v3 bulk noisy,"[""noisy""]"
kya main apna number change kar sakta hu account mein,account_issue,false,,,,,"[""hinglish""]"
What's the pricing for custom reporting?,pricing,false,,,,bulk addition 4,"[""standard""]"
mujhe aapke software ki trial chahiye,sales,false,,,,,"[""hinglish""]"
kya aap mere city mein service dete ho,general_question,false,,,,,"[""hinglish""]"
How do I set up keyboard shortcuts?,general_question,false,,,,v3 bulk gq2,"[""standard""]"
Sales team se baat karni hai aur price bhi confirm karna hai,sales,false,,,,v3 multi-intent hinglish,"[""multi_intent"", ""hinglish""]"
my dashbord is not loadin,technical_support,false,,,,v3 noisy,"[""noisy""]"
Where is my refund? It's been 15 business days!,refund,true,,,,bulk addition 2,"[""escalation_positive""]"
aapki company kitni purani hai?,general_question,false,,,,hinglish general question,"[""hinglish""]"
I'm unable to verify my identity for account recovery.,account_issue,false,,,,bulk addition 5,"[""standard""]"
How does data export work in your platform?,general_question,false,,,,bulk addition 4,"[""standard""]"
Is there a limit on the number of projects?,general_question,false,,,,bulk addition 2,"[""standard""]"
This is a security vulnerability that needs immediate patching.,technical_support,true,,,,v3 esc hard pos,"[""escalation_positive""]"
What is the monthly subscription fee?,pricing,false,,,,v3 confusion: pricing vs sales,"[""standard""]"
how much for the premimum plan,pricing,false,,,,spelling/noisy text,"[""noisy""]"
Interesting weather we are having.,other,false,,,,bulk addition 2,"[""standard""]"
Does the platform have a dashboard?,product_question,false,,,,product feature question,"[""standard""]"
Where can I find documentation about audit logging?,general_question,false,,,,v3 bulk gq,"[""standard""]"
Can I set up recurring reports?,general_question,false,,,,bulk addition,"[""standard""]"
Bug after bug after bug. When will it end?,complaint,false,,,,bulk addition,"[""standard""]"
"I don't need a human, just tell me how to fix this error",technical_support,false,,,,v3 multi-intent,"[""multi_intent""]"
I want to discuss my account issues with sales,sales,false,,,,v3 bulk confusion,"[""standard""]"
Mai competitor se switch karna chahta hu.,sales,false,,,,hinglish sales,"[""hinglish""]"
Team plan lena hai. Discount batao.,sales,false,,,,bulk addition 2,"[""hinglish""]"
The drag and drop editor is broken after the latest update.,technical_support,false,,,,v3 bulk tech,"[""standard"", ""technical""]"
Quality has gone downhill since I started.,complaint,false,,,,general complaint,"[""standard"", ""complaint""]"
trial period kitne din ka hai?,general_question,false,,,,general info question,"[""standard""]"
What is the enterprise minimum commitment?,pricing,false,,,,bulk addition,"[""standard""]"
Calendar sync stop ho gaya.,technical_support,false,,,,hinglish technical support,"[""hinglish""]"
There is a data discrepancy that could affect our audit.,technical_support,true,,,,v3 esc hard pos,"[""escalation_positive""]"
How much for additional team members?,pricing,false,,,,bulk addition,"[""standard""]"
Email delivery keeps failing.,technical_support,false,,,,v3 bulk tech,"[""standard"", ""technical""]"
aapki team bahut helpful hai thank you,other,false,,,,v4 hinglish,"[""hinglish""]"
Kya aapke yaha COD available hai?,pricing,false,,,,hinglish example,"[""hinglish""]"
Mujhe refund chahiye aur account bhi fix karo.,refund,true,,,,multi-intent example,"[""multi_intent""]"
Is white labeling included in the base price?,pricing,false,,,,v3 bulk pricing,"[""standard"", ""pricing""]"
What are the benefits of performance monitoring?,general_question,false,,,,v3 bulk gq,"[""standard""]"
First of all I want to say that I have been your customer for over 2 years. In that time I have seen the platform evolve and I generally like where it is going. However the recent pricing changes have me concerned. My bill has gone up by almost 40% without any additional features being added to my plan. I tried reaching out to billing but got no response. This is very frustrating for a loyal customer. I am not asking for a discount but I at least want someone to explain the pricing change to me. Please do not send automated replies. If this is not addressed I will be forced to explore other options.,pricing,false,,,,long message,"[""long""]"
Don't bother anyone about this. I was just venting.,complaint,false,,,,v3 esc hard neg,"[""hard_negative_escalation""]"
I'm having trouble with The webhook integration.,technical_support,false,,,,bulk addition 4,"[""standard""]"
Can I pay quarterly instead of monthly?,pricing,false,,,,bulk addition,"[""standard""]"
Kya?,other,false,,,,very short message,[]
How long does it take to set up billing?,general_question,false,,,,v3 bulk gq,"[""standard""]"
What is the cost of white labeling?,pricing,false,,,,bulk addition 4,"[""standard""]"
Your service failure cost me a client. I need compensation.,refund,true,,,,v3 esc hard pos,"[""escalation_positive""]"
Maine apna password change kiya but login nahi ho raha.,account_issue,false,,,,bulk addition,"[""hinglish""]"
mujhe aapke yaha bulk data import karna hai,general_question,false,,,,v3 bulk hinglish,"[""hinglish""]"
i m very angy abt the service,complaint,false,,,,v4 noisy,"[""noisy""]"
SSO login wrong account pe redirect kar raha hai.,account_issue,false,,,,hinglish account issue,"[""hinglish""]"
The reporting dashboard is not loading properly.,technical_support,false,,,,v3 bulk tech,"[""standard"", ""technical""]"
Call me,human_request,true,,,,very short message,[]
Can I set up SLA rules?,product_question,false,,,,bulk addition,"[""standard""]"
Don't call me. I'm just browsing your pricing.,pricing,false,,,,escalation hard negative,"[""hard_negative_escalation""]"
Current provider se migrate karne mein help karo.,sales,false,,,,hinglish sales,"[""hinglish""]"
Can you explain team management?,general_question,false,,,,v3 bulk gq,"[""standard""]"
Do I pay extra for additional users?,pricing,false,,,,v3 bulk pricing,"[""standard"", ""pricing""]"
How much for training?,pricing,false,,,,v3 bulk pricing,"[""standard"", ""pricing""]"
Your chatbot is useless but I don't want to escalate,complaint,false,,,,v3 multi-intent,"[""multi_intent""]"
I get an error when using The backup system.,technical_support,false,,,,v3 bulk tech,"[""standard"", ""technical""]"
Do not escalate. This is not a support issue. Just feedback.,complaint,false,,,,v3 bulk esc-3,"[""hard_negative_escalation""]"
How do I configure privacy settings?,general_question,false,,,,v3 bulk gq3,"[""standard""]"
Where is refund?,refund,true,,,,bulk addition 5,"[""standard""]"
hw come ur premium plan is so expensiv,pricing,false,,,,v3 bulk noisy,"[""noisy""]"
What should I know about security options?,general_question,false,,,,v3 bulk gq3,"[""standard""]"
How does profile visibility affect my account?,general_question,false,,,,v3 bulk gq2,"[""standard""]"
bulk edit stopped responding.,technical_support,false,,,,v3 bulk tech2,"[""standard"", ""technical""]"
Hello?,other,false,,,,very short message,[]
the calendar view is giving me trouble.,technical_support,false,,,,v3 bulk tech3,"[""standard"", ""technical""]"
How does the free tier differ from paid?,general_question,false,,,,general info question,"[""standard""]"
Keep up the good work.,other,false,,,,bulk addition,"[""standard""]"
I am unable to use the alignment tool correctly.,technical_support,false,,,,v3 bulk tech3,"[""standard"", ""technical""]"
Email parser is not categorizing tickets correctly.,technical_support,false,,,,bulk addition,"[""standard""]"
Hinglish: human do.,human_request,true,,,,v4 short,"[""hinglish""]"
Process my refund request number RF-2024-001.,refund,true,,,,v3 balance,"[""standard""]"
Hinglish: refund do.,refund,true,,,,v4 short,"[""hinglish""]"
What is the cost of training?,pricing,false,,,,v3 bulk pricing,"[""standard"", ""pricing""]"
Can you help me fix The backup system?,technical_support,false,,,,v3 bulk tech,"[""standard"", ""technical""]"
I'm interested in buying but I need to understand the features first,product_question,false,,,,v3 multi-intent,"[""multi_intent""]"
How do I set permissions for each team member?,general_question,false,,,,v3 balance,"[""standard""]"
Where can I find documentation about the integration wizard?,general_question,false,,,,bulk addition 4,"[""standard""]"
What is the cost of additional users?,pricing,false,,,,bulk addition 4,"[""standard""]"
i m very angery,complaint,false,,,,spelling/noisy text,"[""noisy""]"
Mera payment fail ho gaya but paisa kat liya.,technical_support,true,,,,bulk addition 2,"[""hinglish""]"
Cancel my escalation request. Everything is fine now.,complaint,false,,,,v3 esc hard neg,"[""hard_negative_escalation"", ""resolution_state""]"
This is affecting 200+ users in my organization.,technical_support,true,,,,v3 esc hard pos,"[""escalation_positive""]"
The refund appeared in my account. Thanks for processing.,refund,false,,,,v3 bulk resolution,"[""resolution_state""]"
I get an error when using Data export.,technical_support,false,,,,v3 bulk tech,"[""standard"", ""technical""]"
Where can I find documentation about the notification center?,general_question,false,,,,v3 bulk gq,"[""standard""]"
i hav been wating for 2 weks,complaint,true,,,,spelling/noisy text,"[""noisy""]"
Your chatbot is useless but I don't want to escalate.,complaint,false,,,,multi-intent example,"[""multi_intent""]"
What do I need to know about the mobile app?,general_question,false,,,,v3 bulk gq,"[""standard""]"
Is there a drag-and-drop form builder?,product_question,false,,,,v3 balance3,"[""standard""]"
I'm furious. Someone hacked my account. Call me now.,account_issue,true,,,,multi-intent example,"[""multi_intent""]"
Can you help me fix The mobile app?,technical_support,false,,,,v3 bulk tech,"[""standard"", ""technical""]"
How does data export work in your platform?,general_question,false,,,,v3 bulk gq,"[""standard""]"
How does two-factor authentication work in your platform?,general_question,false,,,,bulk addition 4,"[""standard""]"
Aapki service bahut achi hai pehle se.,other,false,,,,bulk addition 3,"[""hinglish""]"
Hi team,other,false,,,,very short message,[]
Mujhe premium features chahiye. Upgrade karo.,sales,false,,,,bulk addition,"[""hinglish""]"
The CSV importer is not working.,technical_support,false,,,,v3 bulk tech,"[""standard"", ""technical""]"
Let me speak to the sales engineering team.,sales,false,,,,bulk addition,"[""standard""]"
I was about to complain but actually I solved it.,complaint,false,,,,escalation hard negative,"[""hard_negative_escalation""]"
What are the benefits of audit logging?,general_question,false,,,,v3 bulk gq,"[""standard""]"
plz fix my accnt issue,account_issue,false,,,,v3 noisy,"[""noisy""]"
Graphs dashboard mein kharaab ho gaye hain.,technical_support,false,,,,hinglish technical support,"[""hinglish""]"
What do I need to know about real-time sync?,general_question,false,,,,bulk addition 4,"[""standard""]"
kya ye app India mein available hai?,general_question,false,,,,general info question,"[""standard""]"
Please connect me to your sales department.,sales,false,,,,purchase intent,"[""standard"", ""sales""]"
Can you help me reset my password and also tell me about plans,general_question,false,,,,v3 multi-intent,"[""multi_intent""]"
I've been waiting three weeks for a resolution.,technical_support,true,,,,escalation hard positive,"[""escalation_positive"", ""hard_positive""]"
Is there a trial for the enterprise plan?,general_question,false,,,,bulk addition,"[""standard""]"
What is included in your premium offering?,general_question,false,,,,v3 bulk confusion,"[""standard""]"
No action needed. I was just providing feedback.,complaint,false,,,,v3 bulk esc-,"[""hard_negative_escalation""]"
We need 100 licenses for our organization.,sales,false,,,,purchase intent,"[""standard"", ""sales""]"
Encountering problems with the search filter.,technical_support,false,,,,v3 bulk tech3,"[""standard"", ""technical""]"
Maine 5 baar complaint kiya hai but koi sun nahi raha,complaint,true,,,,,"[""hinglish""]"
My entire team is blocked because of this issue.,technical_support,true,,,,v3 esc hard pos,"[""escalation_positive""]"
I want to upgrade my plan but I'm confused about the pricing,pricing,false,,,,v3 multi-intent,"[""multi_intent""]"
Is the template system available in all plans?,general_question,false,,,,bulk addition 4,"[""standard""]"
What are the benefits of team management?,general_question,false,,,,v3 bulk gq,"[""standard""]"
Meri report generate nahi ho rahi. Error aa raha hai.,technical_support,false,,,,hinglish example,"[""hinglish""]"
What are your file upload limits?,general_question,false,,,,v3 confusion: product vs general,"[""standard""]"
What is your cancellation process?,general_question,false,,,,bulk addition,"[""standard""]"
how can i upgrade my plan,sales,false,,,,spelling/noisy text,"[""noisy""]"
Every interaction with your company is painful.,complaint,false,,,,general complaint,"[""standard"", ""complaint""]"
Workflow automation beech mein ruk gaya.,technical_support,false,,,,hinglish technical support,"[""hinglish""]"
I'm having trouble with The notification system.,technical_support,false,,,,bulk addition 4,"[""standard""]"
Is there a minimum user requirement?,pricing,false,,,,bulk addition 3,"[""standard""]"
Is there a minimum monthly spend?,pricing,false,,,,pricing question,"[""standard"", ""pricing""]"
Your software has so many bugs I want to switch providers,complaint,false,,,,v3 confusion: tech vs complaint,"[""standard""]"
my team membr cant join the work,account_issue,false,,,,v4 noisy,"[""noisy""]"
My account is acting weird and I'm thinking of canceling.,account_issue,false,,,,v3 bulk multi,"[""multi_intent""]"
I don't need a call. It's not that serious.,general_question,false,,,,bulk addition 3,"[""hard_negative_escalation""]"
Do not escalate this to anyone. Understand?,general_question,false,,,,v4 esc-,"[""hard_negative_escalation""]"
I'm ready to buy. Process my payment.,sales,false,,,,purchase intent,"[""standard"", ""sales""]"
aapne mujhe wrong currency charge kiya,pricing,true,,,,v3 bulk hinglish,"[""hinglish""]"
mera email change nahi ho raha account mein,account_issue,false,,,,,"[""hinglish""]"
Is there a tutorial for the reporting module?,general_question,false,,,,bulk addition 4,"[""standard""]"
I need someone to help me buy the right plan,sales,false,,,,v4 confusion,"[""confusion_pair""]"
I require a written explanation for this billing error.,pricing,true,,,,v3 esc hard pos,"[""escalation_positive""]"
Let me talk to a manager. This is the third time I'm calling.,human_request,true,,,,multi-intent example,"[""multi_intent""]"
Do you offer different pricing tiers for API calls?,pricing,false,,,,v3 bulk pricing2,"[""standard"", ""pricing""]"
Please connect me to a real person immediately.,human_request,true,,,,v3 balance,"[""standard""]"
I'm happy with product but angry at support.,complaint,false,,,,bulk addition 3,"[""multi_intent""]"
I thought I needed help but I don't. Thanks anyway.,other,false,,,,escalation hard negative,"[""hard_negative_escalation""]"
Mera issue resolved nahi ho raha hai since 3 days,technical_support,false,,,,,"[""hinglish""]"
"I'm annoyed that the dashboard keeps glitching, please fix it",technical_support,false,,,,v3 confusion: tech vs complaint mixed,"[""standard""]"
I want a supervisor to personally review my case.,human_request,true,,,,v3 bulk esc+,"[""escalation_positive""]"
Is pricing different for different regions?,pricing,false,,,,pricing question,"[""standard"", ""pricing""]"
I demand a full refund including the service charges.,refund,true,,,,bulk addition 2,"[""standard""]"
aapki app mere phone mein notifications nahi dikha rahi,technical_support,false,,,,,"[""hinglish""]"
Get me a human on the line. I need to buy something.,sales,false,,,,confusion pair example,"[""confusion_pair""]"
i wnt my subscripion canclld,sales,false,,,,v3 noisy,"[""noisy""]"
Do I pay extra for the enterprise add-on?,pricing,false,,,,bulk addition 4,"[""standard""]"
How is dedicated support priced?,pricing,false,,,,v3 bulk pricing2,"[""standard"", ""pricing""]"
I'm having trouble with My workflow automation.,technical_support,false,,,,v3 bulk tech,"[""standard"", ""technical""]"
Encountering problems with the inline editor.,technical_support,false,,,,v3 bulk tech3,"[""standard"", ""technical""]"
hello ji,other,false,,,,other / off-topic,"[""standard"", ""other""]"
My entire team is blocked. We need immediate assistance.,technical_support,true,,,,escalation hard positive,"[""escalation_positive"", ""hard_positive""]"
What are the benefits of the notification center?,general_question,false,,,,v3 bulk gq,"[""standard""]"
Do I need to configure two-factor authentication manually?,general_question,false,,,,bulk addition 4,"[""standard""]"
Mujhe bulk users add karne hain. Kya limit hai?,product_question,false,,,,bulk addition,"[""hinglish""]"
We are ready to purchase. Send me the contract.,sales,false,,,,v3 confusion: pricing vs sales,"[""standard""]"
I am unable to use the grid view correctly.,technical_support,false,,,,v3 bulk tech3,"[""standard"", ""technical""]"
custom reports bana sakte hain?,product_question,false,,,,hinglish product question,"[""hinglish""]"
"i dnt wnt a refund, jst want info",refund,false,,,,spelling/noisy text,"[""noisy""]"
mera account ka profile picture update nahi ho raha,account_issue,false,,,,v3 bulk hinglish,"[""hinglish""]"
Can you guide me through data sharing?,general_question,false,,,,v3 bulk gq3,"[""standard""]"
Don't need anyone to reach out. Just wanted to give feedback.,complaint,false,,,,bulk addition 3,"[""hard_negative_escalation""]"
How much for the enterprise add-on?,pricing,false,,,,bulk addition 4,"[""standard""]"
the grid view has a bug that needs fixing.,technical_support,false,,,,v3 bulk tech3,"[""standard"", ""technical""]"
Can you help me fix Email delivery?,technical_support,false,,,,v3 bulk tech,"[""standard"", ""technical""]"
Mera poora kaam ruka hai. Yeh urgent hai. Koi action lo.,technical_support,true,,,,v3 bulk esc+,"[""escalation_positive"", ""hinglish""]"
aapki app ka performance bahut slow hai,technical_support,false,,,,v4 hinglish,"[""hinglish""]"
I don't have an account and I'm just browsing.,other,false,,,,bulk addition 5,"[""standard""]"
kya Linux support hai?,general_question,false,,,,hinglish general question,"[""hinglish""]"
The drag and drop editor is showing incorrect data.,technical_support,false,,,,v3 bulk tech,"[""standard"", ""technical""]"
My business is losing $500 per hour this system is down.,technical_support,true,,,,v3 bulk esc+3,"[""escalation_positive""]"
Turns out I was wrong. Your platform works perfectly.,technical_support,false,,,,v3 bulk esc-,"[""hard_negative_escalation"", ""resolution_state""]"
Can you help me fix The API endpoint?,technical_support,false,,,,v3 bulk tech,"[""standard"", ""technical""]"
I solved the problem using your documentation. Great docs!,technical_support,false,,,,v3 bulk esc-3,"[""hard_negative_escalation"", ""resolution_state""]"
aapka software kaise use kare koi tutorial hai,general_question,false,,,,v4 hinglish,"[""hinglish""]"
kya mere data safe hai?,general_question,false,,,,general info question,"[""standard""]"
Mera account issue hai aur refund bhi chahiye,refund,true,,,,v3 multi-intent hinglish,"[""multi_intent"", ""hinglish""]"
Payment kat gaya but account activate nahi hua.,technical_support,true,,,,hinglish example,"[""hinglish""]"
Extra storage ka kya charge hai?,pricing,false,,,,hinglish pricing,"[""hinglish""]"
Bahut disappointing experience hai.,complaint,false,,,,hinglish complaint,"[""hinglish""]"
data filtering stopped responding.,technical_support,false,,,,v3 bulk tech2,"[""standard"", ""technical""]"
Bilkul bekar service.,complaint,false,,,,hinglish complaint,"[""hinglish""]"
this websit is so slo its anoyin,technical_support,false,,,,bulk addition,"[""noisy""]"
Kya aap Hindi mein support dete ho?,general_question,false,,,,bulk addition,"[""hinglish""]"
How does notification preferences affect my account?,general_question,false,,,,v3 bulk gq2,"[""standard""]"
the template editor is giving me trouble.,technical_support,false,,,,v3 bulk tech3,"[""standard"", ""technical""]"
What file formats do you support?,general_question,false,,,,general info question,"[""standard""]"
How long does it take to set up the integration wizard?,general_question,false,,,,bulk addition 4,"[""standard""]"
I'm about to miss a regulatory filing because of your bug.,technical_support,true,,,,v3 esc hard pos,"[""escalation_positive""]"
Mai aapka customer banna chahta hu.,sales,false,,,,hinglish sales,"[""hinglish""]"
Mera password reset nahi ho raha.,account_issue,false,,,,hinglish example,"[""hinglish""]"
This security vulnerability needs to be patched immediately.,technical_support,true,,,,v3 bulk esc+,"[""escalation_positive""]"
Can I customize user invitations?,general_question,false,,,,v3 bulk gq2,"[""standard""]"
plz hlp my accnt is locked,account_issue,true,,,,v3 noisy,"[""noisy""]"
my id is not verifide,account_issue,false,,,,spelling/noisy text,"[""noisy""]"
Can I integrate with Shopify?,product_question,false,,,,product feature question,"[""standard""]"
Do you have a pay-per-use model?,pricing,false,,,,bulk addition 2,"[""standard""]"
What is the purpose of custom branding?,general_question,false,,,,v3 bulk gq2,"[""standard""]"
Real person connect karo please.,human_request,true,,,,human request,"[""escalation_positive"", ""human_request""]"
Can I integrate your tool with my existing CRM?,product_question,false,,,,v3 confusion: product vs general,"[""standard""]"
I solved it myself. Thanks anyway.,technical_support,false,,,,bulk addition 2,"[""hard_negative_escalation""]"
aapki pricing transparent nahi hai,pricing,false,,,,,"[""hinglish""]"
mera trial period kab khatam ho raha hai,general_question,false,,,,,"[""hinglish""]"
"Resolved. Thanks, close this out.",technical_support,false,,,,v3 bulk esc-,"[""hard_negative_escalation"", ""resolution_state""]"
Very poor service. Not happy at all.,complaint,false,,,,general complaint,"[""standard"", ""complaint""]"
How much for data backup?,pricing,false,,,,v3 bulk pricing,"[""standard"", ""pricing""]"
can i splk to sles,sales,false,,,,spelling/noisy text,"[""noisy""]"
aapki app mein koi bug hai fix karo jaldi,technical_support,false,,,,v4 hinglish,"[""hinglish""]"
This is causing a data integrity issue that could be catastrophic.,technical_support,true,,,,v3 bulk esc+,"[""escalation_positive""]"
How long does it take to set up the reporting module?,general_question,false,,,,bulk addition 4,"[""standard""]"
Main to sirf pricing poochh raha tha but ab account bhi nahi chal raha,pricing,false,,,,v3 multi-intent hinglish,"[""multi_intent"", ""hinglish""]"
How do I generate an invoice?,general_question,false,,,,general info question,"[""standard""]"
Can you teach me to code?,other,false,,,,bulk addition 2,"[""standard""]"
batch processing stopped responding.,technical_support,false,,,,v3 bulk tech2,"[""standard"", ""technical""]"
I'm tired of chatting with bots. Real person needed.,human_request,true,,,,human request,"[""escalation_positive"", ""human_request""]"
hw much 4 the team plan with 10 users,pricing,false,,,,v3 bulk noisy,"[""noisy""]"
How much for premium support?,pricing,false,,,,pricing question,"[""standard"", ""pricing""]"
ur chargin me evry mnth without my concent,pricing,true,,,,v3 bulk noisy,"[""noisy""]"
i dnt kno how 2 use this app,general_question,false,,,,spelling/noisy text,"[""noisy""]"
Does it support multi-brand?,product_question,false,,,,bulk addition,"[""standard""]"
i m very upset with ur servise,complaint,false,,,,v3 noisy,"[""noisy""]"
How does file sharing work in your platform?,general_question,false,,,,v3 bulk gq,"[""standard""]"
My login says invalid credentials all of a sudden.,account_issue,false,,,,bulk addition,"[""standard""]"
Where can I find documentation about role management?,general_question,false,,,,v3 bulk gq,"[""standard""]"
Can I integrate with Salesforce?,product_question,false,,,,product feature question,"[""standard""]"
The notification system keeps failing.,technical_support,false,,,,v3 bulk tech,"[""standard"", ""technical""]"
What security measures do you have?,general_question,false,,,,v3 confusion: product vs general,"[""standard""]"
Two-factor authentication code not arriving.,account_issue,false,,,,account issue,"[""standard"", ""account""]"
Send me pricing and also tell me about features.,pricing,false,,,,bulk addition,"[""multi_intent""]"
The mobile app is not working.,technical_support,false,,,,bulk addition 4,"[""standard""]"
Is there a limit to how many people I can invite?,general_question,false,,,,v3 balance3,"[""standard""]"
How does real-time sync work in your platform?,general_question,false,,,,v3 bulk gq,"[""standard""]"
hw can i get a refund for my plan,refund,false,,,,v4 noisy,"[""noisy""]"
Encountering problems with the grid view.,technical_support,false,,,,v3 bulk tech3,"[""standard"", ""technical""]"
whr can i find the pricin page,pricing,false,,,,v3 noisy,"[""noisy""]"
The PDF generator omits certain sections.,technical_support,false,,,,bulk addition 3,"[""standard""]"
customer portal stopped responding.,technical_support,false,,,,v3 bulk tech2,"[""standard"", ""technical""]"
Email delivery is broken after the latest update.,technical_support,false,,,,bulk addition 4,"[""standard""]"
How long does it take to set up the API?,general_question,false,,,,bulk addition 4,"[""standard""]"
Can you explain role management?,general_question,false,,,,bulk addition 4,"[""standard""]"
i sent 10 emails n no1 replid,complaint,true,,,,bulk addition 5,"[""noisy""]"
aapki app Hindi mein available hai kya,product_question,false,,,,,"[""hinglish""]"
This is not worth the money I paid.,complaint,false,,,,general complaint,"[""standard"", ""complaint""]"
I've been paying for 6 months and it's been nothing but trouble.,complaint,false,,,,bulk addition,"[""standard""]"
Mera account delete karo. Bahut problem hai.,account_issue,false,,,,bulk addition,"[""hinglish""]"
maine aapko 10 baar phone kiya koi nahi utha,human_request,true,,,,,"[""hinglish""]"
There are regulatory implications if this is not fixed.,technical_support,true,,,,v4 esc+,"[""escalation_positive""]"
"No escalation necessary, I just had a quick question.",general_question,false,,,,v3 bulk esc-,"[""hard_negative_escalation""]"
Connect me to someone who can actually solve problems.,human_request,true,,,,bulk addition 2,"[""standard""]"
What is the purpose of keyboard shortcuts?,general_question,false,,,,v3 bulk gq2,"[""standard""]"
How does import features affect my account?,general_question,false,,,,v3 bulk gq2,"[""standard""]"
What do I need to know about backup?,general_question,false,,,,bulk addition 4,"[""standard""]"
Is training included in the price?,pricing,false,,,,pricing question,"[""standard"", ""pricing""]"
can u plz refund my muney i need it urgent,refund,true,,,,bulk addition 2,"[""noisy""]"
The bug I reported last week has been fixed. Thanks.,technical_support,false,,,,v3 resolution,"[""resolution_state""]"
What should I know about privacy settings?,general_question,false,,,,v3 bulk gq3,"[""standard""]"
The The notification system feature is causing errors.,technical_support,false,,,,bulk addition 4,"[""standard""]"
Do you offer a trial period?,general_question,false,,,,general info question,"[""standard""]"
What are the benefits of the API?,general_question,false,,,,bulk addition 4,"[""standard""]"
kya isme auto backup feature hai,product_question,false,,,,,"[""hinglish""]"
This is a production down scenario. Page the on-call team.,technical_support,true,,,,v3 bulk esc+,"[""escalation_positive""]"
What discounts are available for annual commitments?,pricing,false,,,,v3 confusion: pricing vs sales,"[""standard""]"
u guys chargrd me twise,refund,true,,,,spelling/noisy text,"[""noisy""]"
i need a refnd 4 last munth,refund,true,,,,spelling/noisy text,"[""noisy""]"
Yeah okay,other,false,,,,other / off-topic,"[""standard"", ""other""]"
I want to upgrade but the payment page is broken.,sales,true,,,,bulk addition 2,"[""multi_intent""]"
how does the pricin werk for api,pricing,false,,,,v4 noisy,"[""noisy""]"
Please call me to discuss volume pricing.,sales,false,,,,bulk addition,"[""standard""]"
The calendar sync is broken after the latest update.,technical_support,false,,,,bulk addition 4,"[""standard""]"
What happens if I exceed my plan limit?,pricing,false,,,,bulk addition,"[""standard""]"
"Calm down, it's not that serious. Just tell me the answer.",general_question,false,,,,v3 esc hard neg,"[""hard_negative_escalation""]"
I can't switch between my workspace accounts.,account_issue,false,,,,account issue,"[""standard"", ""account""]"
Mera account kaise reactivate kare?,account_issue,false,,,,bulk addition 5,"[""hinglish""]"
This is extremely disappointing for a paid service.,complaint,false,,,,bulk addition,"[""standard""]"
i wnt a humen to help me,human_request,true,,,,spelling/noisy text,"[""noisy""]"
This is the third time I'm explaining the same issue.,complaint,true,,,,escalation hard positive,"[""escalation_positive"", ""hard_positive""]"
Do I need to configure email notifications manually?,general_question,false,,,,bulk addition 4,"[""standard""]"
My previous message was premature. Everything is fine.,technical_support,false,,,,v3 bulk esc-3,"[""hard_negative_escalation"", ""resolution_state""]"
I was wrong. Your service is fine.,complaint,false,,,,bulk addition 5,"[""hard_negative_escalation""]"
Do you have automation features in your product?,general_question,false,,,,v3 confusion: product vs general,"[""standard""]"
auto-responder stopped responding.,technical_support,false,,,,v3 bulk tech2,"[""standard"", ""technical""]"
kya aapke yaha EMI option hai,pricing,false,,,,,"[""hinglish""]"
mera account hacked ho gaya hai help,account_issue,true,,,,,"[""hinglish""]"
i cnt acess my acount fr 3 days,account_issue,true,,,,spelling/noisy text,"[""noisy""]"
The chart generator is not loading properly.,technical_support,false,,,,v3 bulk tech,"[""standard"", ""technical""]"
Refund my payment as per your 30-day policy.,refund,true,,,,v3 balance,"[""standard""]"
I need information about subscription management.,general_question,false,,,,v3 bulk gq3,"[""standard""]"
I don't want to talk to a manager. You're fine.,general_question,false,,,,v3 negation,"[""negation""]"
ur app keeps crashin evrytime i opn it,technical_support,false,,,,v3 bulk noisy,"[""noisy""]"
aapka pricing structure bahut complicated hai,pricing,false,,,,v3 bulk hinglish,"[""hinglish""]"
I cannot access critical files for a presentation in 1 hour.,technical_support,true,,,,v3 bulk esc+3,"[""escalation_positive""]"
Your export function is completely unreliable,complaint,false,,,,v3 bulk confusion,"[""standard""]"
Shame on you for delivering such poor quality.,complaint,false,,,,general complaint,"[""standard"", ""complaint""]"
Bot se baat karke thak gaya. Human do.,human_request,true,,,,hinglish example,"[""hinglish""]"
I'm interested in your enterprise plan but I need a demo first.,sales,false,,,,v3 bulk multi,"[""multi_intent""]"
I want to upgrade but I'm also locked out.,sales,true,,,,bulk addition 5,"[""multi_intent""]"
I don't need help anymore. Figured it out.,technical_support,false,,,,v3 negation,"[""negation"", ""resolution_state""]"
The API endpoint is not loading properly.,technical_support,false,,,,v3 bulk tech,"[""standard"", ""technical""]"
Can I set resource allocation?,product_question,false,,,,v3 balance,"[""standard""]"
Migration ka kitna lagta hai?,pricing,false,,,,hinglish pricing,"[""hinglish""]"
Can I use your platform for free forever?,general_question,false,,,,bulk addition,"[""standard""]"
I'm having trouble with Email delivery.,technical_support,false,,,,v3 bulk tech,"[""standard"", ""technical""]"
No need to escalate. I figured it out.,technical_support,false,,,,escalation hard negative,"[""hard_negative_escalation""]"
Just browsing. Thanks!,other,false,,,,v3 balance,"[""standard""]"
Is there a role-based access control?,product_question,false,,,,product feature question,"[""standard""]"
i dnt knw why my payment faild pls check,technical_support,false,,,,v3 bulk noisy3,"[""noisy""]"
Is there a tutorial for the calendar sync?,general_question,false,,,,v3 bulk gq,"[""standard""]"
I am fine. No follow up needed. Thanks.,general_question,false,,,,v3 bulk esc-3,"[""hard_negative_escalation""]"
aapka refund process kaise kaam karta hai,refund,false,,,,,"[""hinglish""]"
I'm getting an SSL error when I try to connect.,technical_support,false,,,,technical issue,"[""standard"", ""technical""]"
Itne paise mein aur aaisa experience.,complaint,false,,,,hinglish complaint,"[""hinglish""]"
u guyz charge too much,pricing,false,,,,v3 noisy,"[""noisy""]"
wht is ur phne numbr i need to cal,human_request,true,,,,bulk addition,"[""noisy""]"
I explicitly asked you not to contact me. Just process the request.,general_question,false,,,,v3 esc hard neg,"[""hard_negative_escalation""]"
My CEO is asking about this. I need answers now.,technical_support,true,,,,bulk addition 3,"[""escalation_positive""]"
I have identified a critical flaw in your payment processing.,technical_support,true,,,,v3 bulk esc+,"[""escalation_positive""]"
Bot is useless,complaint,false,,,,very short message,[]
The chart generator is not working.,technical_support,false,,,,v3 bulk tech,"[""standard"", ""technical""]"
subscription expire hone par kya hoga?,general_question,false,,,,general info question,"[""standard""]"
aapne mujhe galat plan charge kiya hai,pricing,true,,,,,"[""hinglish""]"
What are the benefits of the import tool?,general_question,false,,,,bulk addition 4,"[""standard""]"
How much?,pricing,false,,,,very short message,[]
Two-factor authentication is not sending me the code.,technical_support,false,,,,v3 confusion: general vs tech,"[""standard""]"
Good job on the recent update.,other,false,,,,v3 balance,"[""standard""]"
You guys are doing a great job.,other,false,,,,v3 balance,"[""standard""]"
mujhe aapke software ke saath Shopify integrate karna hai,product_question,false,,,,v3 bulk hinglish,"[""hinglish""]"
ur bot is dumm i need reel person,human_request,true,,,,v4 noisy,"[""noisy""]"
mujhe aapke product ki latest pricing bhejo,pricing,false,,,,v4 hinglish,"[""hinglish""]"
Kya mai WhatsApp se bhi support le sakta hu?,general_question,false,,,,hinglish example,"[""hinglish""]"
i wnt a humen to hlp me with my accnt,human_request,true,,,,v3 bulk noisy,"[""noisy""]"
I need to speak to a live person now,human_request,true,,,,v3 confusion: human vs sales,"[""standard""]"
Meri email change kardi kisne?,account_issue,true,,,,hinglish example,"[""hinglish""]"
aapki app ki performance improve karo bahut slow hai,complaint,false,,,,v3 bulk hinglish3,"[""hinglish""]"
What is the purpose of auto-renewal?,general_question,false,,,,v3 bulk gq2,"[""standard""]"
How do I set up password policies?,general_question,false,,,,v3 bulk gq2,"[""standard""]"
How does export options affect my account?,general_question,false,,,,v3 bulk gq2,"[""standard""]"
I was angry but I've calmed down. No action needed.,complaint,false,,,,bulk addition 5,"[""hard_negative_escalation""]"
Please connect me to sales engineering.,sales,false,,,,bulk addition 3,"[""standard""]"
Mujhe weekly backup chahiye. Possible hai?,product_question,false,,,,bulk addition 3,"[""hinglish""]"
Galti se maine 2 bar pay kar diya. Refund karo.,refund,true,,,,hinglish example,"[""hinglish""]"
What are the costs associated with custom integrations?,pricing,false,,,,v3 bulk pricing2,"[""standard"", ""pricing""]"
I am completely dissatisfied with this service.,complaint,false,,,,confusion pair example,"[""confusion_pair""]"
I want my money back and I want it NOW.,refund,true,,,,bulk addition 3,"[""escalation_positive""]"
Data export stopped working suddenly.,technical_support,false,,,,bulk addition 4,"[""standard""]"
Is there an API available for developers?,general_question,false,,,,general info question,"[""standard""]"
What are the benefits of the integration wizard?,general_question,false,,,,v3 bulk gq,"[""standard""]"
Is user permissions available in all plans?,general_question,false,,,,bulk addition 4,"[""standard""]"
my reportz r not generatin plz fix,technical_support,false,,,,bulk addition,"[""noisy""]"
i wana buy ur premium plan but the paymnt is not wrking,sales,true,,,,bulk addition,"[""noisy""]"
Can you guide me through usage reports?,general_question,false,,,,v3 bulk gq3,"[""standard""]"
The CSV importer keeps failing.,technical_support,false,,,,v3 bulk tech,"[""standard"", ""technical""]"
y is ur servis so expensiv,pricing,false,,,,bulk addition 2,"[""noisy""]"
Mujhe kisi se baat nahi karni. Sirf information chahiye.,general_question,false,,,,escalation hard negative,"[""hard_negative_escalation""]"
I need to transfer my account to a new email.,account_issue,false,,,,bulk addition,"[""standard""]"
I don't know if this is a complaint or a feature request.,complaint,false,,,,confusion pair example,"[""confusion_pair""]"
refnd my payment or i will su u,refund,true,,,,v3 noisy,"[""noisy""]"
payment deduct ho gaya but service start nahi hui,technical_support,true,,,,,"[""hinglish""]"
I need to talk to a real person about my problem,human_request,true,,,,v3 confusion: human vs sales,"[""standard""]"
Is there any way to speak to a real support agent?,human_request,true,,,,human request,"[""escalation_positive"", ""human_request""]"
No need for human. Your docs helped.,general_question,false,,,,bulk addition 2,"[""hard_negative_escalation""]"
Can you help me fix The template preview?,technical_support,false,,,,v3 bulk tech,"[""standard"", ""technical""]"
My subscription renewed but I wanted to cancel.,refund,true,,,,bulk addition 3,"[""standard""]"
mera account ka billing history kaise dekhe,pricing,false,,,,v3 bulk hinglish,"[""hinglish""]"
i neeed sprt with API integraton,technical_support,false,,,,spelling/noisy text,"[""noisy""]"
Where can I find documentation about the reporting module?,general_question,false,,,,v3 bulk gq,"[""standard""]"
Do you understand that this is affecting my business revenue?,complaint,true,,,,escalation hard positive,"[""escalation_positive"", ""hard_positive""]"
How secure is your platform?,general_question,false,,,,bulk addition,"[""standard""]"
the export btn is greyed out i cant click it,technical_support,false,,,,v3 bulk noisy,"[""noisy""]"
Do I get a discount for early payment?,pricing,false,,,,bulk addition,"[""standard""]"
Your virtual assistant is not helping. Connect me to a person.,human_request,true,,,,v3 balance3,"[""standard""]"
I'm not satisfied. Give me my money back.,refund,true,,,,refund demand,"[""escalation_positive"", ""refund""]"
i want a human not a bot plzzz,human_request,true,,,,spelling/noisy text,"[""noisy""]"
What are the benefits of user permissions?,general_question,false,,,,v3 bulk gq,"[""standard""]"
Can user permissions be disabled?,general_question,false,,,,bulk addition 4,"[""standard""]"
What should I know about payment methods?,general_question,false,,,,v3 bulk gq3,"[""standard""]"
Need technical help and want to speak to manager.,technical_support,true,,,,bulk addition 3,"[""multi_intent""]"
I feel like a beta tester for a product I paid for.,complaint,false,,,,bulk addition,"[""standard""]"
What's the pricing for additional users?,pricing,false,,,,bulk addition 4,"[""standard""]"
Can I export data in JSON format?,product_question,false,,,,v3 balance,"[""standard""]"
mujhe aapke yaha par dedicated server chahiye,sales,false,,,,v4 hinglish,"[""hinglish""]"
I want to talk about a partnership.,sales,false,,,,bulk addition 3,"[""standard""]"
Do you work with non-profits?,general_question,false,,,,general info question,"[""standard""]"
Mujhe nahi chahiye refund. Bas policy batao.,refund,false,,,,hinglish example,"[""hinglish""]"
i want my subscrption canceled asap,sales,false,,,,bulk addition 5,"[""noisy""]"
i wnt a human to call me ryt now,human_request,true,,,,bulk addition,"[""noisy""]"
Sign me up for the annual plan.,sales,false,,,,purchase intent,"[""standard"", ""sales""]"
I don't need a call. Really. Just a simple reply.,general_question,false,,,,bulk addition 5,"[""hard_negative_escalation""]"
Kya volume discount available hai?,pricing,false,,,,hinglish pricing,"[""hinglish""]"
I need this resolved before my meeting in 2 hours.,technical_support,true,,,,escalation hard positive,"[""escalation_positive"", ""hard_positive""]"
i dont understnd the pricing,pricing,false,,,,spelling/noisy text,"[""noisy""]"
Will this work with my existing ERP system?,product_question,false,,,,bulk addition 3,"[""standard""]"
The login page is not loading properly.,technical_support,false,,,,v3 bulk tech,"[""standard"", ""technical""]"
mera payment ka transaction ID check karo,technical_support,false,,,,v3 bulk hinglish,"[""hinglish""]"
Aapki app ki quality improve karo.,complaint,false,,,,bulk addition 3,"[""hinglish""]"
kya webhook integration hai?,product_question,false,,,,hinglish product question,"[""hinglish""]"
You lost a customer today.,complaint,false,,,,general complaint,"[""standard"", ""complaint""]"
How much for white labeling?,pricing,false,,,,bulk addition 4,"[""standard""]"
What happens to my data after cancellation?,general_question,false,,,,general info question,"[""standard""]"
Let me speak to someone who understands my problem.,human_request,true,,,,v3 balance,"[""standard""]"
I do not consent to being contacted. Just reply in this thread.,general_question,false,,,,v3 esc hard neg,"[""hard_negative_escalation""]"
i wnt my mony back from u scammers,refund,true,,,,bulk addition 2,"[""noisy""]"
Can I set up custom automations with the API?,product_question,false,,,,v3 confusion: product vs general,"[""standard""]"
Your platform failure has caused reputational damage to my company.,complaint,true,,,,v3 bulk esc+,"[""escalation_positive""]"
Where can I find documentation about backup?,general_question,false,,,,bulk addition 4,"[""standard""]"
aapki app ka dark mode kab aayega,product_question,false,,,,v3 bulk hinglish,"[""hinglish""]"
I do not want to speak to anyone. Just answer here.,general_question,false,,,,v3 negation,"[""negation""]"
My account shows I'm logged in but nothing loads.,account_issue,false,,,,bulk addition 2,"[""standard""]"
Can I automate workflows with your tool?,product_question,false,,,,product feature question,"[""standard""]"
Can you tell me about your pricing tiers?,pricing,false,,,,v3 info vs action,"[""standard""]"
Kya ye sales ke liye hai ya service ke liye?,general_question,false,,,,hinglish general question,"[""hinglish""]"
need sm1 2 call me urgent,human_request,true,,,,v3 noisy,"[""noisy""]"
The webhook integration keeps failing.,technical_support,false,,,,bulk addition 4,"[""standard""]"
The calendar sync is broken after the latest update.,technical_support,false,,,,v3 bulk tech,"[""standard"", ""technical""]"
Namaste,other,false,,,,other / off-topic,"[""standard"", ""other""]"
What's your favorite color?,other,false,,,,other / off-topic,"[""standard"", ""other""]"
"Can you help me with pricing? Also, I can't log in.",pricing,false,,,,multi-intent example,"[""multi_intent""]"
Error 403.,technical_support,false,,,,v4 short,"[""standard""]"
this sftware is usless,complaint,false,,,,v3 noisy,"[""noisy""]"
Do you charge for data storage separately?,pricing,false,,,,v3 balance,"[""standard""]"
I need information about data sharing.,general_question,false,,,,v3 bulk gq3,"[""standard""]"
Too slow.,technical_support,false,,,,v4 short,"[""standard""]"
My workflow automation is not working.,technical_support,false,,,,v3 bulk tech,"[""standard"", ""technical""]"
How do I invite external users?,general_question,false,,,,bulk addition,"[""standard""]"
What is the cost of API access?,pricing,false,,,,v3 bulk pricing,"[""standard"", ""pricing""]"
Can email notifications be disabled?,general_question,false,,,,bulk addition 4,"[""standard""]"
I want to speak to someone about a refund.,refund,true,,,,bulk addition 3,"[""standard""]"
My 30-day trial was charged despite cancelling.,refund,true,,,,refund demand,"[""escalation_positive"", ""refund""]"
the updat brok evrythin im angy,technical_support,true,,,,bulk addition 3,"[""noisy""]"
What are the benefits of backup?,general_question,false,,,,bulk addition 4,"[""standard""]"
What are the benefits of the API?,general_question,false,,,,v3 bulk gq,"[""standard""]"
Where can I find documentation about real-time sync?,general_question,false,,,,v3 bulk gq,"[""standard""]"
the color of my dashboard is all messed up after update,technical_support,false,,,,v3 bulk noisy3,"[""noisy""]"
The template preview is showing incorrect data.,technical_support,false,,,,bulk addition 4,"[""standard""]"
I have nothing to ask. Just saying hi.,other,false,,,,other / off-topic,"[""standard"", ""other""]"
The push notifications stopped coming yesterday.,technical_support,false,,,,technical issue,"[""standard"", ""technical""]"
aapki service bahut achi hai lekin price zyada,pricing,false,,,,v3 bulk hinglish,"[""hinglish""]"
I want to buy but your site keeps crashing during checkout,sales,true,,,,v3 multi-intent,"[""multi_intent""]"
I will dispute this with my credit card company.,refund,true,,,,v3 esc hard pos,"[""escalation_positive""]"
Mai 2 saal se customer hu. Aisa treatment nahi deserve karta.,complaint,true,,,,bulk addition,"[""hinglish""]"
Data export keeps failing.,technical_support,false,,,,v3 bulk tech,"[""standard"", ""technical""]"
My email was changed without my permission.,account_issue,false,,,,account issue,"[""standard"", ""account""]"
No need to take any action. Just informing.,general_question,false,,,,v4 negation,"[""negation""]"
Is there a tutorial for user permissions?,general_question,false,,,,bulk addition 4,"[""standard""]"
"I don't need a human, just tell me how to fix this error.",technical_support,false,,,,multi-intent example,"[""multi_intent""]"
Your automated responses aren't helping with this specific situation.,technical_support,true,,,,v3 esc hard pos,"[""escalation_positive""]"
Payment issue that needs a human to resolve.,technical_support,true,,,,v3 bulk multi,"[""multi_intent""]"
How does session timeouts affect my account?,general_question,false,,,,v3 bulk gq2,"[""standard""]"
mera account ka status check karo,account_issue,false,,,,v3 bulk hinglish,"[""hinglish""]"
Mera API rate limit exceed ho gaya. Badhao.,technical_support,false,,,,hinglish example,"[""hinglish""]"
Do you have a partner program?,general_question,false,,,,general info question,"[""standard""]"
Aapka pricing page clear nahi hai.,pricing,false,,,,bulk addition,"[""hinglish""]"
I need to purchase additional seats for my team.,sales,false,,,,v3 balance,"[""standard""]"
SSO login is redirecting to wrong account.,account_issue,false,,,,account issue,"[""standard"", ""account""]"
Is dedicated server included in the base price?,pricing,false,,,,bulk addition 4,"[""standard""]"
How do I configure the file manager?,general_question,false,,,,v3 bulk gq3,"[""standard""]"
I need information about team collaboration.,general_question,false,,,,v3 bulk gq3,"[""standard""]"
Is there a price lock for annual subscribers?,pricing,false,,,,bulk addition 2,"[""standard""]"
This is a P1 incident. We need immediate response.,technical_support,true,,,,bulk addition 5,"[""escalation_positive""]"
aapki service band kar raha hu refund do warna legal action,refund,true,,,,,"[""hinglish""]"
wher can i find the setins for notifikashuns,general_question,false,,,,v3 bulk noisy,"[""noisy""]"
How much for premium support?,pricing,false,,,,bulk addition 4,"[""standard""]"
Great service,other,false,,,,very short message,[]
My payment failed yesterday but it's working now,technical_support,false,,,,v3 multi-intent,"[""multi_intent"", ""resolution_state""]"
Do you offer onboarding support?,general_question,false,,,,general info question,"[""standard""]"
Upgrade plan?,sales,false,,,,bulk addition 5,"[""standard""]"
The webhook integration is not working.,technical_support,false,,,,bulk addition 4,"[""standard""]"
How does the trial compare to full version?,pricing,false,,,,bulk addition 3,"[""standard""]"
Technical support needed but I want a human on the line.,technical_support,true,,,,multi-intent example,"[""multi_intent""]"
i cnt find the upgarde option anywher in my accnt,sales,false,,,,v3 bulk noisy3,"[""noisy""]"
I get an error when using The CSV importer.,technical_support,false,,,,v3 bulk tech,"[""standard"", ""technical""]"
Can you explain the API?,general_question,false,,,,bulk addition 4,"[""standard""]"
Urgent help,general_question,true,,,,very short message,[]
Aapke yaha kaam karte ho ya nahi?,complaint,true,,,,bulk addition,"[""hinglish""]"
Can you help me fix The login page?,technical_support,false,,,,bulk addition 4,"[""standard""]"
kya main apna plan downgrade kar sakta hu,pricing,false,,,,,"[""hinglish""]"
I'm interested in buying but your site keeps crashing,sales,false,,,,v3 multi-intent,"[""multi_intent""]"
kya custom domains use kar sakte hain?,product_question,false,,,,hinglish product question,"[""hinglish""]"
How do I export user data?,general_question,false,,,,general info question,"[""standard""]"
Sasta plan batao?,pricing,false,,,,hinglish pricing,"[""hinglish""]"
Encountering problems with the template editor.,technical_support,false,,,,v3 bulk tech3,"[""standard"", ""technical""]"
Don't worry about this. I'll handle it.,general_question,false,,,,v3 negation,"[""negation""]"
Your error caused me to miss a critical business deadline.,technical_support,true,,,,v3 bulk esc+,"[""escalation_positive""]"
Do accounts merge karne hain.,account_issue,false,,,,hinglish account issue,"[""hinglish""]"
Mujhe senior se baat karni hai. Bot nahi.,human_request,true,,,,bulk addition 5,"[""hinglish""]"
What is the purpose of accessibility options?,general_question,false,,,,v3 bulk gq2,"[""standard""]"
Do not contact me. I will contact you if I need help.,general_question,false,,,,v3 bulk esc-,"[""hard_negative_escalation""]"
Is pricing per month or per year?,pricing,false,,,,pricing question,"[""standard"", ""pricing""]"
Can you explain user permissions?,general_question,false,,,,v3 bulk gq,"[""standard""]"
I can't decide if this is a refund request or just a question.,refund,false,,,,bulk addition,"[""multi_intent""]"
Is there a way to dashboard widgets?,general_question,false,,,,v3 bulk gq2,"[""standard""]"
Training price mein include hai?,pricing,false,,,,hinglish pricing,"[""hinglish""]"
I've lost count of how many times I've reported this.,complaint,true,,,,bulk addition,"[""escalation_positive""]"
What is the price of your premium package?,pricing,false,,,,pricing question,"[""standard"", ""pricing""]"
LOL,other,false,,,,other / off-topic,"[""standard"", ""other""]"
the dashbord is showin rong data,technical_support,false,,,,v3 noisy,"[""noisy""]"
I figured it out on my own.,technical_support,false,,,,bulk addition 3,"[""hard_negative_escalation""]"
Not a complaint. Just an observation.,other,false,,,,v3 negation,"[""negation""]"
My profile picture won't update.,account_issue,false,,,,account issue,"[""standard"", ""account""]"
Is there a way to user invitations?,general_question,false,,,,v3 bulk gq2,"[""standard""]"
Mujhe bulk discount chahiye 50 users ke liye.,sales,false,,,,hinglish example,"[""hinglish""]"
What should I know about data sharing?,general_question,false,,,,v3 bulk gq3,"[""standard""]"
Can I downgrade my plan anytime?,pricing,false,,,,bulk addition 3,"[""standard""]"
Your product broke and I want compensation.,refund,true,,,,bulk addition 2,"[""confusion_pair""]"
How do I set up email digests?,general_question,false,,,,v3 bulk gq2,"[""standard""]"
This is a general inquiry about your service quality.,general_question,false,,,,bulk addition 2,"[""confusion_pair""]"
How do I sign up?,general_question,false,,,,general info question,"[""standard""]"
need help with my accnt asap,account_issue,true,,,,v4 noisy,"[""noisy""]"
Mujhe kisi senior se baat karni hai.,human_request,true,,,,hinglish human request,"[""hinglish"", ""escalation_positive"", ""human_request""]"
How do I configure the notification center?,general_question,false,,,,v3 bulk gq3,"[""standard""]"
aapka onboarding process bahut complicated hai,complaint,false,,,,,"[""hinglish""]"
wht is the price for aditional users,pricing,false,,,,v3 bulk noisy,"[""noisy""]"
Are you a robot?,other,false,,,,other / off-topic,"[""standard"", ""other""]"
Are upgrades free within the same tier?,pricing,false,,,,bulk addition 2,"[""standard""]"
aapke yaha par GST invoice kaise milega,pricing,false,,,,v3 bulk hinglish3,"[""hinglish""]"
I am all good now. No need to do anything.,general_question,false,,,,v3 bulk esc-,"[""hard_negative_escalation"", ""resolution_state""]"
Refund has been pending for 10 business days.,refund,true,,,,bulk addition 3,"[""standard""]"
I want to upgrade but I'm frustrated with your support.,sales,false,,,,v3 bulk multi,"[""multi_intent""]"
Your product pricing is too high and your support is slow.,pricing,false,,,,v3 bulk multi,"[""multi_intent""]"
Team plan ka proforma invoice bhejo.,sales,false,,,,hinglish sales,"[""hinglish""]"
I expect compensation for the downtime I experienced.,complaint,true,,,,bulk addition,"[""escalation_positive""]"
Connect me to your support team.,human_request,true,,,,human request,"[""escalation_positive"", ""human_request""]"
No escalation. Simple thing. Don't overcomplicate it.,general_question,false,,,,v3 bulk esc-3,"[""hard_negative_escalation""]"
Give me my money back immediately.,refund,true,,,,v3 info vs action,"[""standard""]"
Is this a sales inquiry or just product info?,general_question,false,,,,bulk addition,"[""confusion_pair""]"
I don't want to buy anything. Just checking info.,general_question,false,,,,v3 negation,"[""negation""]"
The reporting dashboard keeps failing.,technical_support,false,,,,bulk addition 4,"[""standard""]"
Do I pay extra for the enterprise add-on?,pricing,false,,,,v3 bulk pricing,"[""standard"", ""pricing""]"
How does user invitations affect my account?,general_question,false,,,,v3 bulk gq2,"[""standard""]"
I demand a refund for the last three months.,refund,true,,,,refund demand,"[""escalation_positive"", ""refund""]"
Does it support multi-language?,product_question,false,,,,bulk addition 3,"[""standard""]"
I'd like to start a paid subscription today.,sales,false,,,,purchase intent,"[""standard"", ""sales""]"
Mera trial khatam hone wala hai. Kya karna hoga?,general_question,false,,,,hinglish example,"[""hinglish""]"
I need information about activity tracking.,general_question,false,,,,v3 bulk gq3,"[""standard""]"
This has been unresolved for 6 days and I'm losing patience.,complaint,true,,,,v3 esc hard pos,"[""escalation_positive""]"
How long does it take to set up real-time sync?,general_question,false,,,,v3 bulk gq,"[""standard""]"
Where is your call center? I want to ring them.,human_request,true,,,,bulk addition 2,"[""standard""]"
the app is not wrking aftr the latest updat,technical_support,false,,,,v3 bulk noisy,"[""noisy""]"
the updat brok my workflow,technical_support,true,,,,v4 noisy,"[""noisy""]"
Can data export be disabled?,general_question,false,,,,bulk addition 4,"[""standard""]"
u guys charged me for a plan i dint sign up for,pricing,true,,,,v3 bulk noisy,"[""noisy""]"
I want to buy the premium plan,sales,false,,,,v3 confusion: pricing vs sales,"[""standard""]"
Encountering problems with the timeline view.,technical_support,false,,,,v3 bulk tech3,"[""standard"", ""technical""]"
mujhe aapke platform se data migrate karna hai,sales,false,,,,,"[""hinglish""]"
I want to return the product and get a full refund.,refund,true,,,,v3 balance,"[""standard""]"
Is email notifications available in all plans?,general_question,false,,,,bulk addition 4,"[""standard""]"
How does billing work in your platform?,general_question,false,,,,v3 bulk gq,"[""standard""]"
Slack integration disconnect ho gaya.,technical_support,false,,,,hinglish technical support,"[""hinglish""]"
Your platform is interesting.,other,false,,,,v3 balance,"[""standard""]"
The template preview is not working.,technical_support,false,,,,v3 bulk tech,"[""standard"", ""technical""]"
Baar baar bot se baat kar ke thak gaya hu. Human karo.,human_request,true,,,,hinglish human request,"[""hinglish"", ""escalation_positive"", ""human_request""]"
Can you help me fix The CSV importer?,technical_support,false,,,,v3 bulk tech,"[""standard"", ""technical""]"
Can you guide me through payment methods?,general_question,false,,,,v3 bulk gq3,"[""standard""]"
What do I need to know about file sharing?,general_question,false,,,,v3 bulk gq,"[""standard""]"
i paid for premum but dnt hav it,account_issue,true,,,,spelling/noisy text,"[""noisy""]"
This is the fifth time I'm raising the same issue. I need a manager.,human_request,true,,,,v3 esc hard pos,"[""escalation_positive""]"
I require written confirmation of the steps you will take.,complaint,true,,,,v3 bulk esc+,"[""escalation_positive""]"
How do I view my team's activity log?,general_question,false,,,,v3 balance3,"[""standard""]"
How do I set up session timeouts?,general_question,false,,,,v3 bulk gq2,"[""standard""]"
The workaround you suggested does not work for my use case.,technical_support,true,,,,v3 bulk esc+,"[""escalation_positive""]"
Tell me about pricing for data storage.,pricing,false,,,,v3 bulk pricing2,"[""standard"", ""pricing""]"
Does it work with Microsoft Teams?,product_question,false,,,,product feature question,"[""standard""]"
I cannot access my account from any device. It says forbidden.,technical_support,false,,,,v3 confusion: general vs tech,"[""standard""]"
kya hum multiple workspaces bana sakte hain?,general_question,false,,,,hinglish general question,"[""hinglish""]"
I expect a personal phone call to discuss this matter.,human_request,true,,,,v3 bulk esc+,"[""escalation_positive""]"
Is there a tutorial for the analytics dashboard?,general_question,false,,,,v3 bulk gq,"[""standard""]"
Can you help me fix My workflow automation?,technical_support,false,,,,v3 bulk tech,"[""standard"", ""technical""]"
mujhe aapke yaha bulk messaging feature chahiye,product_question,false,,,,,"[""hinglish""]"
Can you explain the notification center?,general_question,false,,,,v3 bulk gq,"[""standard""]"
I see someone else's data in my dashboard.,account_issue,true,,,,bulk addition,"[""standard""]"
the color picker has a bug that needs fixing.,technical_support,false,,,,v3 bulk tech3,"[""standard"", ""technical""]"
aapke yaha bulk user upload ka feature hai,product_question,false,,,,v3 bulk hinglish,"[""hinglish""]"
What are the benefits of the dashboard?,general_question,false,,,,v3 bulk gq,"[""standard""]"
How do I delete my account?,general_question,false,,,,general info question,"[""standard""]"
My sub-accounts are not visible after upgrade.,account_issue,false,,,,account issue,"[""standard"", ""account""]"
You charged me after cancellation. Refund now.,refund,true,,,,refund demand,"[""escalation_positive"", ""refund""]"
How does the API work in your platform?,general_question,false,,,,bulk addition 4,"[""standard""]"
What do I need to know about the template system?,general_question,false,,,,v3 bulk gq,"[""standard""]"
Application bahut RAM consume kar rahi hai.,technical_support,false,,,,hinglish technical support,"[""hinglish""]"
I would give zero stars if I could.,complaint,false,,,,bulk addition,"[""standard""]"
"Your service is terrible, give me a refund.",refund,true,,,,confusion pair example,"[""confusion_pair""]"
The system is running extremely slow today.,technical_support,false,,,,bulk addition,"[""standard""]"
I need someone to help me purchase.,sales,false,,,,bulk addition,"[""confusion_pair""]"
aapki app ka latest version kab aayega,product_question,false,,,,v3 bulk hinglish,"[""hinglish""]"
What is your data backup frequency?,general_question,false,,,,bulk addition,"[""standard""]"
I can't believe I recommended this to my team.,complaint,false,,,,bulk addition 2,"[""standard""]"
What are the benefits of data export?,general_question,false,,,,bulk addition 4,"[""standard""]"
the integratin with our CRM is brkn since last week,technical_support,false,,,,v3 bulk noisy,"[""noisy""]"
How do I get dedicated support?,general_question,false,,,,general info question,"[""standard""]"
How is audit trail priced?,pricing,false,,,,v3 bulk pricing2,"[""standard"", ""pricing""]"
the tag system has a bug that needs fixing.,technical_support,false,,,,v3 bulk tech3,"[""standard"", ""technical""]"
I was charged twice. Fix this and refund the duplicate.,refund,true,,,,bulk addition,"[""standard""]"
I already spoke to someone. All good. Close the ticket.,general_question,false,,,,v3 esc hard neg,"[""hard_negative_escalation"", ""resolution_state""]"
Your promises were misleading. I feel cheated.,complaint,false,,,,general complaint,"[""standard"", ""complaint""]"
wer r my reports,technical_support,false,,,,v3 noisy,"[""noisy""]"
I need someone with authority to override this restriction.,human_request,true,,,,v3 esc hard pos,"[""escalation_positive""]"
Restore my data from yesterday's backup.,technical_support,true,,,,v3 bulk infoact,"[""standard""]"
Is there a way to keyboard shortcuts?,general_question,false,,,,v3 bulk gq2,"[""standard""]"
mobile par bhi use kar sakte hain?,general_question,false,,,,hinglish general question,"[""hinglish""]"
I'm not sure if I need support or I should just cancel.,general_question,false,,,,bulk addition 5,"[""confusion_pair""]"
Please refund my annual plan fee.,refund,true,,,,refund demand,"[""escalation_positive"", ""refund""]"
I'm having trouble with The login page.,technical_support,false,,,,v3 bulk tech,"[""standard"", ""technical""]"
I explicitly do not want a call. Text is fine.,general_question,false,,,,v3 bulk esc-,"[""hard_negative_escalation""]"
hw 2 setup the integration with slack,product_question,false,,,,v3 bulk noisy,"[""noisy""]"
My account shows 'suspended' but I paid yesterday.,account_issue,true,,,,bulk addition,"[""standard""]"
No one from your team seems to care about quality.,complaint,false,,,,bulk addition,"[""standard""]"
Can I create custom dashboards?,product_question,false,,,,bulk addition,"[""standard""]"
What is your data retention policy?,general_question,false,,,,v3 info vs action,"[""standard""]"
Can I share files with external users?,general_question,false,,,,v3 confusion: general vs tech,"[""standard""]"
Tell me about pricing for custom integrations.,pricing,false,,,,v3 bulk pricing2,"[""standard"", ""pricing""]"
Refund request.,refund,true,,,,v4 short,"[""standard""]"
Is there a tutorial for the dashboard?,general_question,false,,,,bulk addition 4,"[""standard""]"
I don't need anyone to intervene. Just wanted to let you know.,general_question,false,,,,v3 bulk esc-,"[""hard_negative_escalation""]"
the sidebar navigation has a bug that needs fixing.,technical_support,false,,,,v3 bulk tech3,"[""standard"", ""technical""]"
I don't have any questions.,other,false,,,,bulk addition 3,"[""standard""]"
i want my mony back its been 10 dys,refund,true,,,,v3 bulk noisy,"[""noisy""]"
i cnt updat my profil,account_issue,false,,,,spelling/noisy text,"[""noisy""]"
The reporting dashboard is showing incorrect data.,technical_support,false,,,,v3 bulk tech,"[""standard"", ""technical""]"
Just a quick question. No follow up needed.,general_question,false,,,,bulk addition,"[""hard_negative_escalation""]"
Email delivery is showing incorrect data.,technical_support,false,,,,bulk addition 4,"[""standard""]"
mujhe apni billing history dekhni hai,pricing,false,,,,,"[""hinglish""]"
Please activate my premium features. I just paid.,sales,false,,,,purchase intent,"[""standard"", ""sales""]"
My reports are generating errors every time I export,technical_support,false,,,,v3 confusion: tech vs complaint,"[""standard""]"
aapne mujhe refund ka email kyun nahi bheja,refund,false,,,,v4 hinglish,"[""hinglish""]"
aapke yaha kya kya features available hain,product_question,false,,,,v4 hinglish,"[""hinglish""]"
Refund pls,refund,true,,,,very short message,[]
What browsers do you support?,general_question,false,,,,general info question,"[""standard""]"
Encountering problems with the font selector.,technical_support,false,,,,v3 bulk tech3,"[""standard"", ""technical""]"
What's the contract length?,pricing,false,,,,bulk addition,"[""standard""]"
Mera account issue hai aur main bahut frustrated hu.,account_issue,true,,,,v3 bulk multi hinglish,"[""multi_intent"", ""hinglish""]"
The chart generator keeps failing.,technical_support,false,,,,v3 bulk tech,"[""standard"", ""technical""]"
Kya aapke yaha funnel analytics available hai?,product_question,false,,,,hinglish product question,"[""hinglish""]"
Is there a tutorial for the user directory?,general_question,false,,,,v3 bulk gq,"[""standard""]"
hw do i upgrade my plan,sales,false,,,,v3 noisy,"[""noisy""]"
How much for the mobile app?,pricing,false,,,,bulk addition 4,"[""standard""]"
SSO integration toot gaya migration ke baad.,technical_support,false,,,,hinglish technical support,"[""hinglish""]"
I was locked out but your team fixed it promptly.,account_issue,false,,,,v3 resolution,"[""resolution_state""]"
Do you have offices in Asia?,general_question,false,,,,v3 balance,"[""standard""]"
Do I pay extra for data backup?,pricing,false,,,,v3 bulk pricing,"[""standard"", ""pricing""]"
y is ur app so slo on my fone,technical_support,false,,,,v3 bulk noisy,"[""noisy""]"
Where can I find documentation about email notifications?,general_question,false,,,,bulk addition 4,"[""standard""]"
How do I change my notification preferences?,general_question,false,,,,bulk addition,"[""standard""]"
Your system failure caused me to miss an important deadline.,technical_support,true,,,,v3 bulk esc+3,"[""escalation_positive""]"
No call required. A simple text answer will do.,general_question,false,,,,v3 bulk esc-3,"[""hard_negative_escalation""]"
Not looking for a refund. Just want to understand the charge.,pricing,false,,,,v3 negation,"[""negation""]"
mera account ka kuch gadbad hai check karo,account_issue,false,,,,v4 hinglish,"[""hinglish""]"
Can you explain the calendar sync?,general_question,false,,,,v3 bulk gq,"[""standard""]"
Billing help needed but I want a human not a bot.,pricing,true,,,,bulk addition,"[""multi_intent""]"
The template preview is broken after the latest update.,technical_support,false,,,,v3 bulk tech,"[""standard"", ""technical""]"
Is there a way to custom branding?,general_question,false,,,,v3 bulk gq2,"[""standard""]"
What security certifications do you have?,general_question,false,,,,general info question,"[""standard""]"
My data was exposed due to your security flaw.,account_issue,true,,,,bulk addition 3,"[""escalation_positive""]"
ticket routing is causing errors in my workflow.,technical_support,false,,,,v3 bulk tech2,"[""standard"", ""technical""]"
Can you explain backup?,general_question,false,,,,bulk addition 4,"[""standard""]"
This is absolutely unacceptable behavior from your team.,complaint,true,,,,bulk addition 3,"[""escalation_positive""]"
ur servis is the worst i ever had,complaint,false,,,,v3 bulk noisy,"[""noisy""]"
I get an error when using File upload.,technical_support,false,,,,bulk addition 4,"[""standard""]"
The app crashes every time I upload a file.,technical_support,false,,,,technical issue,"[""standard"", ""technical""]"
Don't transfer me anywhere. Just answer the question.,general_question,false,,,,v3 bulk esc-,"[""hard_negative_escalation""]"
Mujhe samajh nahi aa raha kya karna hai.,general_question,false,,,,bulk addition 3,"[""hinglish""]"
Can I switch plans mid-cycle?,pricing,false,,,,pricing question,"[""standard"", ""pricing""]"
mujhe aapke software ke through invoice generate karna hai,general_question,false,,,,,"[""hinglish""]"
The The mobile app feature is causing errors.,technical_support,false,,,,bulk addition 4,"[""standard""]"
Pehle account lock tha but ab theek hai.,account_issue,false,,,,v3 resolution hinglish,"[""resolution_state"", ""hinglish""]"
Do I pay extra for white labeling?,pricing,false,,,,bulk addition 4,"[""standard""]"
What are the system requirements?,general_question,false,,,,general info question,"[""standard""]"
can sum1 help me with my oder,general_question,false,,,,spelling/noisy text,"[""noisy""]"
I can't afford to wait any longer. This is critical.,technical_support,true,,,,bulk addition,"[""escalation_positive""]"
My team cannot function without this feature.,technical_support,true,,,,v4 esc+,"[""escalation_positive""]"
Setup fee hai kya?,pricing,false,,,,hinglish pricing,"[""hinglish""]"
mera account ki security settings change karni hain,account_issue,false,,,,v3 bulk hinglish3,"[""hinglish""]"
Mujhe custom features chahiye. Possible hai?,product_question,false,,,,bulk addition 5,"[""hinglish""]"
I need to add 3 more admins to my account.,sales,false,,,,bulk addition 3,"[""standard""]"
mera account ki billing cycle change karo,pricing,false,,,,v3 bulk hinglish3,"[""hinglish""]"
my pasword resets isnt workng,account_issue,false,,,,v3 noisy,"[""noisy""]"
What is the purpose of account recovery?,general_question,false,,,,v3 bulk gq2,"[""standard""]"
Is there a way to export options?,general_question,false,,,,v3 bulk gq2,"[""standard""]"
Hinglish: band karo.,sales,false,,,,v4 short,"[""hinglish""]"
I'm deeply unsatisfied with the product quality.,complaint,false,,,,bulk addition 2,"[""standard""]"
Your product is good but your support is terrible.,complaint,false,,,,bulk addition 2,"[""multi_intent""]"
Time aur paisa dono waste ho rahe hain.,complaint,false,,,,hinglish complaint,"[""hinglish""]"
Can I speak to technical support about my account?,account_issue,false,,,,bulk addition,"[""confusion_pair""]"
wher can i see my invoce,pricing,false,,,,v3 noisy,"[""noisy""]"
how 2 add mor storag to my plan,pricing,false,,,,bulk addition 2,"[""noisy""]"
"I want actual human interaction, not automated replies.",human_request,true,,,,human request,"[""escalation_positive"", ""human_request""]"
Give me a refund or I'll file a chargeback.,refund,true,,,,refund demand,"[""escalation_positive"", ""refund""]"
Aapne jo promise kiya wo deliver nahi kiya.,complaint,false,,,,hinglish complaint,"[""hinglish""]"
I want to speak to a manager about your terrible service.,human_request,true,,,,confusion pair example,"[""confusion_pair""]"
billing cycle change kaise kare?,general_question,false,,,,hinglish general question,"[""hinglish""]"
How granular are the permissions?,product_question,false,,,,product feature question,"[""standard""]"
Maine payment kar diya hai. Activate karo.,sales,false,,,,hinglish sales,"[""hinglish""]"
Email templates are not rendering correctly in Outlook.,technical_support,false,,,,v3 balance,"[""standard""]"
mera email spam folder mein ja raha hai,technical_support,false,,,,,"[""hinglish""]"
Is the reporting module available in all plans?,general_question,false,,,,bulk addition 4,"[""standard""]"
Can you explain two-factor authentication?,general_question,false,,,,bulk addition 4,"[""standard""]"
I had an issue but it's resolved now. Thanks.,technical_support,false,,,,v3 esc hard neg,"[""hard_negative_escalation"", ""resolution_state""]"
Images uploaded are showing as broken links.,technical_support,false,,,,technical issue,"[""standard"", ""technical""]"
I need both technical support and a refund.,refund,true,,,,multi-intent example,"[""multi_intent""]"
My executive team is asking questions I cannot answer.,technical_support,true,,,,v3 bulk esc+,"[""escalation_positive""]"
i m lockd out of my admn account,account_issue,true,,,,v4 noisy,"[""noisy""]"
Not happy,complaint,false,,,,very short message,[]
Can you explain the user directory?,general_question,false,,,,v3 bulk gq,"[""standard""]"
No help needed. I was just exploring the interface.,other,false,,,,v3 bulk esc-3,"[""hard_negative_escalation""]"
What are the costs associated with dedicated support?,pricing,false,,,,v3 bulk pricing2,"[""standard"", ""pricing""]"
What is the purpose of password policies?,general_question,false,,,,v3 bulk gq2,"[""standard""]"
What happens if I cancel?,general_question,false,,,,v3 info vs action,"[""standard""]"
How are billing cycles handled?,general_question,false,,,,general info question,"[""standard""]"
how much dose the pro plan cost?,pricing,false,,,,spelling/noisy text,"[""noisy""]"
Is training included in the base price?,pricing,false,,,,v3 bulk pricing,"[""standard"", ""pricing""]"
Mera bill galat hai. Dobara check karo.,pricing,false,,,,bulk addition,"[""hinglish""]"
this servic is a scam,complaint,true,,,,spelling/noisy text,"[""noisy""]"
What is the cost of extra storage?,pricing,false,,,,v3 bulk pricing,"[""standard"", ""pricing""]"
I am considering legal recourse if this is not fixed now.,complaint,true,,,,v3 bulk esc+3,"[""escalation_positive""]"
Mera account issue hai aur main bahut pareshan hu.,account_issue,true,,,,v3 bulk multi3,"[""multi_intent"", ""hinglish""]"
ye service free mein use kar sakte hain?,general_question,false,,,,general info question,"[""standard""]"
Need human,human_request,true,,,,bulk addition 5,"[""standard""]"
the dashbord is to complicatd,complaint,false,,,,spelling/noisy text,"[""noisy""]"
I was frustrated earlier but your team fixed everything.,complaint,false,,,,v3 resolution,"[""resolution_state""]"
I need information about the file manager.,general_question,false,,,,v3 bulk gq3,"[""standard""]"
The notification system is not loading properly.,technical_support,false,,,,bulk addition 4,"[""standard""]"
I'm very angry but I will just complain here.,complaint,false,,,,confusion pair example,"[""confusion_pair""]"
The sort functionality feature seems to be broken.,technical_support,false,,,,v3 bulk tech2,"[""standard"", ""technical""]"
Can you guide me through security options?,general_question,false,,,,v3 bulk gq3,"[""standard""]"
Cancel?,sales,false,,,,very short message,[]
I was going to complain but now I just want my money back,refund,true,,,,v3 multi-intent,"[""multi_intent""]"
mera account recover karne mein help karo,account_issue,false,,,,v3 bulk hinglish,"[""hinglish""]"
Har baar same problem. Koi fix nahi karta.,complaint,false,,,,hinglish complaint,"[""hinglish""]"
How deep is the Salesforce integration?,product_question,false,,,,bulk addition,"[""standard""]"
i wana cancel my subskripshun,sales,false,,,,v3 noisy,"[""noisy""]"
How does the reporting module work in your platform?,general_question,false,,,,bulk addition 4,"[""standard""]"
The graphs in the dashboard are broken.,technical_support,false,,,,technical issue,"[""standard"", ""technical""]"
What are the benefits of multi-factor auth?,general_question,false,,,,v3 bulk gq,"[""standard""]"
Kaise purchase kare? Mujhe lena hai.,sales,false,,,,hinglish sales,"[""hinglish""]"
the drag feature is not wrking on the dashbrd,technical_support,false,,,,v3 bulk noisy3,"[""noisy""]"
My customer data is at risk because of this bug.,technical_support,true,,,,v4 esc+,"[""escalation_positive""]"
Your platform logs me out constantly and it's maddening,complaint,false,,,,v3 bulk confusion,"[""standard""]"
Mail send nahi ho rahi platform se.,technical_support,false,,,,hinglish technical support,"[""hinglish""]"
I'm having trouble with The calendar sync.,technical_support,false,,,,bulk addition 4,"[""standard""]"
i paid but my plan dint upgrade,account_issue,true,,,,bulk addition,"[""noisy""]"
how do i upgrade my plan i cnt find the buton,sales,false,,,,bulk addition,"[""noisy""]"
mujhe aapke product ke baare mein aur jaanna hai,general_question,false,,,,v4 hinglish,"[""hinglish""]"
Do you offer usage-based pricing?,pricing,false,,,,pricing question,"[""standard"", ""pricing""]"
No need to contact me. I'll check the documentation.,general_question,false,,,,bulk addition,"[""hard_negative_escalation""]"
can u help me with loggin in,account_issue,false,,,,spelling/noisy text,"[""noisy""]"
Can I change my display name?,general_question,false,,,,general info question,"[""standard""]"
The email parser feature seems to be broken.,technical_support,false,,,,v3 bulk tech2,"[""standard"", ""technical""]"
Do I need to configure the dashboard manually?,general_question,false,,,,bulk addition 4,"[""standard""]"
The The webhook integration feature is causing errors.,technical_support,false,,,,bulk addition 4,"[""standard""]"
The login page is not working.,technical_support,false,,,,v3 bulk tech,"[""standard"", ""technical""]"
What are the benefits of file sharing?,general_question,false,,,,v3 bulk gq,"[""standard""]"
What payment methods do you accept?,general_question,false,,,,general info question,"[""standard""]"
Can I set up conditional logic in forms?,product_question,false,,,,v3 balance3,"[""standard""]"
Don't cancel anything. I was just checking.,general_question,false,,,,v4 negation,"[""negation""]"
I can't connect to the API endpoint.,technical_support,false,,,,technical issue,"[""standard"", ""technical""]"
Is there a way to import features?,general_question,false,,,,v3 bulk gq2,"[""standard""]"
your service is terribl,complaint,false,,,,spelling/noisy text,"[""noisy""]"
hw do i connect ur app to my email,general_question,false,,,,v3 bulk noisy3,"[""noisy""]"
plan upgrade kaise kare?,general_question,false,,,,hinglish general question,"[""hinglish""]"
I get an error when using The drag and drop editor.,technical_support,false,,,,bulk addition 4,"[""standard""]"
Technical issue causing me to want a refund.,refund,true,,,,bulk addition 3,"[""multi_intent""]"
Mai aapka product 2 saal se use kar raha hu.,general_question,false,,,,bulk addition 2,"[""hinglish""]"
The batch processing feature seems to be broken.,technical_support,false,,,,v3 bulk tech2,"[""standard"", ""technical""]"
Is this a product question or just general info?,general_question,false,,,,confusion pair example,"[""confusion_pair""]"
How does the refund process work?,general_question,false,,,,v3 bulk infoact,"[""standard""]"
aapki app ka latest version mein kya naya hai,product_question,false,,,,v4 hinglish,"[""hinglish""]"
Can I customize dashboard widgets?,general_question,false,,,,v3 bulk gq2,"[""standard""]"
Your product broke and I want someone to fix it.,technical_support,false,,,,bulk addition 5,"[""confusion_pair""]"
Can I customize custom branding?,general_question,false,,,,v3 bulk gq2,"[""standard""]"
Is this service available worldwide?,general_question,false,,,,general info question,"[""standard""]"
Can you help me fix The notification system?,technical_support,false,,,,bulk addition 4,"[""standard""]"
Mujhe ek real person se baat karni hai.,human_request,true,,,,hinglish human request,"[""hinglish"", ""escalation_positive"", ""human_request""]"
I'm simultaneously interested and frustrated.,sales,false,,,,bulk addition 5,"[""confusion_pair""]"
the srch bar is not wrking,technical_support,false,,,,v3 noisy,"[""noisy""]"
Can I customize data retention limits?,general_question,false,,,,v3 bulk gq2,"[""standard""]"
u guys charged me twice this month,pricing,true,,,,v4 noisy,"[""noisy""]"
What a beautiful day!,other,false,,,,bulk addition 3,"[""standard""]"
Refund my payment immediately or I'll take legal action.,refund,true,,,,bulk addition,"[""standard""]"
aapne mera annual plan ka amount galat liya,pricing,true,,,,v3 bulk hinglish,"[""hinglish""]"
Aapke yaha kaam karte hai koi Indian?,other,false,,,,hinglish example,"[""hinglish""]"
Is there a tutorial for the integration wizard?,general_question,false,,,,bulk addition 4,"[""standard""]"
This is both a complaint and a question about pricing,pricing,false,,,,v3 multi-intent,"[""multi_intent""]"
App freeze ho raha hai login screen par.,technical_support,false,,,,hinglish technical support,"[""hinglish""]"
aapki team ka response time bahut slow hai,complaint,false,,,,,"[""hinglish""]"
No need to involve management. Simple issue.,general_question,false,,,,bulk addition 5,"[""hard_negative_escalation""]"
Does your platform support webhooks?,product_question,false,,,,bulk addition 2,"[""standard""]"
Can I customize team permissions?,general_question,false,,,,v3 bulk gq2,"[""standard""]"
Account locked.,account_issue,true,,,,v4 short,"[""standard""]"
mujhe aapki service ke baare mein online reviews nahi mile,general_question,false,,,,,"[""hinglish""]"
aapki team ne mera issue resolve kiya thanks,technical_support,false,,,,,"[""hinglish"", ""resolution_state""]"
Can you help me fix The calendar sync?,technical_support,false,,,,v3 bulk tech,"[""standard"", ""technical""]"
I get an error when using The PDF export.,technical_support,false,,,,v3 bulk tech,"[""standard"", ""technical""]"
How do I contact your support team?,general_question,false,,,,v3 info vs action,"[""standard""]"
notification settings kahan hai?,general_question,false,,,,hinglish general question,"[""hinglish""]"
Is dedicated server included in the base price?,pricing,false,,,,v3 bulk pricing,"[""standard"", ""pricing""]"
Do you support email templates?,product_question,false,,,,bulk addition,"[""standard""]"
aapke yaha koi loyalty reward program hai kya,general_question,false,,,,v3 bulk hinglish,"[""hinglish""]"
I am unable to use the timeline view correctly.,technical_support,false,,,,v3 bulk tech3,"[""standard"", ""technical""]"
mujhe aapki service ka 1 mahine ka free trial chahiye,sales,false,,,,v3 bulk hinglish3,"[""hinglish""]"
How long does it take to set up the dashboard?,general_question,false,,,,bulk addition 4,"[""standard""]"
Is there a customer satisfaction survey?,product_question,false,,,,bulk addition,"[""standard""]"
Your negligence caused a leak of my confidential information.,complaint,true,,,,v3 esc hard pos,"[""escalation_positive""]"
Your pricing page is confusing and I want to speak to sales,sales,false,,,,v3 multi-intent,"[""multi_intent""]"
How do I configure user management?,general_question,false,,,,v3 bulk gq3,"[""standard""]"
"Bas price batao, koi call mat karo",pricing,false,,,,,"[""hinglish"", ""hard_negative_escalation""]"
Push notifications aana band ho gaye.,technical_support,false,,,,hinglish technical support,"[""hinglish""]"
Stop the chatbot. Give me a human agent.,human_request,true,,,,v3 confusion: human vs sales,"[""standard""]"
I get an error when using The bulk editor.,technical_support,false,,,,v3 bulk tech,"[""standard"", ""technical""]"
I need 500 licenses for my enterprise.,sales,false,,,,bulk addition 3,"[""standard""]"
What is the purpose of import features?,general_question,false,,,,v3 bulk gq2,"[""standard""]"
kya aap credit card ke alawa bhi payment accept karte ho,pricing,false,,,,,"[""hinglish""]"
i want 2 canc3l my plan,sales,false,,,,v3 noisy,"[""noisy""]"
Upgrade my plan right now.,sales,false,,,,v3 info vs action,"[""standard""]"
Aapka product use karke bahut time ho gaya. Ab kuch naya karo.,complaint,false,,,,bulk addition,"[""hinglish""]"
i cnt log in 2 my accunt its urgent,account_issue,true,,,,bulk addition,"[""noisy""]"
The notification system is not working.,technical_support,false,,,,bulk addition 4,"[""standard""]"
my data is not syncing propely,technical_support,false,,,,spelling/noisy text,"[""noisy""]"
Mera kaam ruka hai. Q koi respond nahi kar raha?,complaint,true,,,,hinglish example,"[""hinglish""]"
Yearly contract sign karna hai.,sales,false,,,,hinglish sales,"[""hinglish""]"
I resolved it using the help article. No human needed.,technical_support,false,,,,v3 esc hard neg,"[""hard_negative_escalation""]"
Stop the chatbot. I need a real person now.,human_request,true,,,,bulk addition,"[""standard""]"
I want to buy the premium plan. Tell me the cost.,sales,false,,,,confusion pair example,"[""confusion_pair""]"
I want to be very clear. I am NOT requesting a refund. I understand your refund policy and I respect it. What I am asking for is a detailed explanation of why my account was downgraded even though I paid for the annual plan. I have the transaction receipt and everything. This seems like a system error on your end and I would appreciate it if someone knowledgeable could look into it and explained what happened. Please do not call me as I am busy during work hours. An email explanation would be perfectly fine.,account_issue,false,,,,long message,"[""long""]"
i cnt chanj my plan on the websit,sales,false,,,,v3 bulk noisy,"[""noisy""]"
mujhe aapke yaha se certificate chahiye service ke liye,other,false,,,,v3 bulk hinglish3,"[""hinglish""]"
i want my subscripion canclled,sales,false,,,,spelling/noisy text,"[""noisy""]"
What are the benefits of role management?,general_question,false,,,,v3 bulk gq,"[""standard""]"
the sarce bar is not wrking,technical_support,false,,,,spelling/noisy text,"[""noisy""]"
Where can I find documentation about the API?,general_question,false,,,,bulk addition 4,"[""standard""]"
Where can I find documentation about custom fields?,general_question,false,,,,v3 bulk gq,"[""standard""]"
Mera account lock ho gaya hai.,account_issue,false,,,,hinglish account issue,"[""hinglish""]"
Need help resetting my password and checking my plan.,account_issue,false,,,,v3 bulk multi,"[""multi_intent""]"
mera email notifications nahi aa raha,technical_support,false,,,,,"[""hinglish""]"
No need to escalate. I was just asking for information.,general_question,false,,,,v3 bulk esc-,"[""hard_negative_escalation""]"
How does role management work in your platform?,general_question,false,,,,bulk addition 4,"[""standard""]"
This is a single point of failure for my entire operation.,technical_support,true,,,,v3 bulk esc+,"[""escalation_positive""]"
ur chargin me wrng ammount,pricing,true,,,,v3 noisy,"[""noisy""]"
Aapke integration kaise kaam karta hai?,product_question,false,,,,bulk addition 5,"[""hinglish""]"
Too slow,technical_support,false,,,,very short message,[]
I love this platform!,other,false,,,,bulk addition,"[""standard""]"
Tell me about pricing for training sessions.,pricing,false,,,,v3 bulk pricing2,"[""standard"", ""pricing""]"
Mujhe ek insaan chahiye. Bot se nahi kaam hoga.,human_request,true,,,,hinglish human request,"[""hinglish"", ""escalation_positive"", ""human_request""]"
Aapki service band karni hai. Refund chahiye.,refund,true,,,,bulk addition 2,"[""hinglish""]"
the timeline view has a bug that needs fixing.,technical_support,false,,,,v3 bulk tech3,"[""standard"", ""technical""]"
My account was accessed from an unknown device.,account_issue,true,,,,bulk addition 3,"[""standard""]"
How does custom fields work in your platform?,general_question,false,,,,v3 bulk gq,"[""standard""]"
Your service sucks and I want my money back immediately.,refund,true,,,,multi-intent example,"[""multi_intent""]"
The backup system is broken after the latest update.,technical_support,false,,,,v3 bulk tech,"[""standard"", ""technical""]"
Can I customize password policies?,general_question,false,,,,v3 bulk gq2,"[""standard""]"
Is onboarding included in the price?,pricing,false,,,,bulk addition,"[""standard""]"
I cancelled within the trial period. Where is my refund?,refund,true,,,,refund demand,"[""escalation_positive"", ""refund""]"
I want to cancel. Process it.,sales,false,,,,v3 info vs action,"[""standard""]"
How much for the mobile app?,pricing,false,,,,v3 bulk pricing,"[""standard"", ""pricing""]"
mera account mein kisi aur ka data aa raha hai,account_issue,true,,,,v4 hinglish,"[""hinglish""]"
What is the annual cost for 100 users?,pricing,false,,,,v3 bulk confusion,"[""standard""]"
I want to subscribe to the highest tier.,sales,false,,,,purchase intent,"[""standard"", ""sales""]"
mera payment successful hai but account mein credit nahi aaya,technical_support,true,,,,v3 bulk hinglish3,"[""hinglish""]"
The PDF export keeps failing.,technical_support,false,,,,v3 bulk tech,"[""standard"", ""technical""]"
File upload keeps failing.,technical_support,false,,,,bulk addition 4,"[""standard""]"
Bahut behtareen service thi pehle. Ab kya ho gaya?,complaint,false,,,,hinglish complaint,"[""hinglish""]"
I was angry about the billing error but it's corrected now,complaint,false,,,,v3 resolution,"[""resolution_state""]"
Can I integrate with Google Analytics?,product_question,false,,,,v3 balance3,"[""standard""]"
Mujhe refund aur technical support chahiye.,refund,true,,,,bulk addition 5,"[""multi_intent""]"
This issue has financial implications that need to be addressed.,complaint,true,,,,v3 bulk esc+,"[""escalation_positive""]"
Do I need to configure audit logging manually?,general_question,false,,,,bulk addition 4,"[""standard""]"
What is the maximum file upload size?,general_question,false,,,,general info question,"[""standard""]"
mera account kaise recover kare,account_issue,false,,,,,"[""hinglish""]"
u guys overchaarged me fix it,pricing,true,,,,v3 bulk noisy,"[""noisy""]"
Data export is showing incorrect data.,technical_support,false,,,,v3 bulk tech,"[""standard"", ""technical""]"
premium plan ka price kya hai,pricing,false,,,,,"[""hinglish""]"
I'm fine now. Thanks for nothing actually.,complaint,false,,,,bulk addition,"[""hard_negative_escalation""]"
We want to sign up 50 users on the annual plan,sales,false,,,,v3 confusion: pricing vs sales,"[""standard""]"
Stop redirecting me to the FAQ. Human now.,human_request,true,,,,bulk addition 3,"[""standard""]"
I am unable to use the template editor correctly.,technical_support,false,,,,v3 bulk tech3,"[""standard"", ""technical""]"
Is API access for 100k calls included in the base price?,pricing,false,,,,bulk addition 4,"[""standard""]"
mujhe aapke yaha custom report ka feature chahiye,product_question,false,,,,v3 bulk hinglish,"[""hinglish""]"
Refund my money immediately or I will file a complaint.,refund,true,,,,v3 balance3,"[""standard""]"
Our quarterly report is due tomorrow and analytics is broken.,technical_support,true,,,,v3 esc hard pos,"[""escalation_positive""]"
Do you have a grace period for late renewals?,general_question,false,,,,bulk addition,"[""standard""]"
mujhe aapke yaha job chahiye,other,false,,,,,"[""hinglish""]"
Kya mein apna username change kar sakta hu?,general_question,false,,,,hinglish example,"[""hinglish""]"
Can you explain the import tool?,general_question,false,,,,v3 bulk gq,"[""standard""]"
What should I know about subscription management?,general_question,false,,,,v3 bulk gq3,"[""standard""]"
i cnt chang my email adres helpp,account_issue,false,,,,bulk addition 3,"[""noisy""]"
I'm having trouble with The calendar sync.,technical_support,false,,,,v3 bulk tech,"[""standard"", ""technical""]"
my team cant see the documents i upload,technical_support,false,,,,bulk addition 2,"[""noisy""]"
Does your platform support multi-factor authentication?,product_question,false,,,,v3 balance3,"[""standard""]"
Can I use keyboard shortcuts?,product_question,false,,,,bulk addition 5,"[""standard""]"
This is a sales inquiry but I'm not happy about it.,sales,false,,,,bulk addition 5,"[""confusion_pair""]"
mujhe team ke saath workspace share karna hai,general_question,false,,,,v3 bulk hinglish,"[""hinglish""]"
Do I need to configure real-time sync manually?,general_question,false,,,,bulk addition 4,"[""standard""]"
ticket routing is malfunctioning.,technical_support,false,,,,v3 bulk tech2,"[""standard"", ""technical""]"
How many employees do you have?,general_question,false,,,,confusion pair example,"[""confusion_pair""]"
Mujhe weekly report chahiye. Kaise set kare?,product_question,false,,,,hinglish example,"[""hinglish""]"
I want to complain to your manager.,human_request,true,,,,bulk addition,"[""confusion_pair""]"
I am unable to use the sidebar navigation correctly.,technical_support,false,,,,v3 bulk tech3,"[""standard"", ""technical""]"
mujhe weekly report chahiye kaise set kare,product_question,false,,,,,"[""hinglish""]"
the color of the theme is rong lol,other,false,,,,spelling/noisy text,"[""noisy""]"
Data export is not working.,technical_support,false,,,,bulk addition 4,"[""standard""]"
I need human assistance for this complex issue.,human_request,true,,,,human request,"[""escalation_positive"", ""human_request""]"
Mujhe apna plan cancel karna hai.,sales,false,,,,bulk addition,"[""hinglish""]"
aapne mujhe galat plan assign kiya,account_issue,true,,,,v3 bulk hinglish,"[""hinglish""]"
Widgets on the dashboard are not loading.,technical_support,false,,,,technical issue,"[""standard"", ""technical""]"
aapne mujhe double charge kar diya refund karo,refund,true,,,,,"[""hinglish""]"
I get an error when using The chart generator.,technical_support,false,,,,v3 bulk tech,"[""standard"", ""technical""]"
I know I mentioned refund but I don't want one. Just explaining my situation.,complaint,false,,,,v3 esc hard neg,"[""hard_negative_escalation"", ""negation""]"
What authentication methods do you support?,general_question,false,,,,v3 bulk confusion,"[""standard""]"
Having issues with file preview.,technical_support,false,,,,v3 bulk tech2,"[""standard"", ""technical""]"
Aapki website down hai. Check karo.,technical_support,true,,,,hinglish example,"[""hinglish""]"
I'm having trouble with The mobile app.,technical_support,false,,,,v3 bulk tech,"[""standard"", ""technical""]"
the websit is not loadng,technical_support,false,,,,v3 noisy,"[""noisy""]"
mera mobile number update karo account mein,account_issue,false,,,,v3 bulk hinglish,"[""hinglish""]"
Bahut frustrating hai.,complaint,false,,,,hinglish complaint,"[""hinglish""]"
i wnt 2 speek to a reel person,human_request,true,,,,v3 noisy,"[""noisy""]"
The login page keeps refreshing and never loads,technical_support,false,,,,v3 confusion: account vs tech,"[""standard""]"
My workflow automation stopped working suddenly.,technical_support,false,,,,bulk addition 4,"[""standard""]"
Refund my payment immediately.,refund,true,,,,refund demand,"[""escalation_positive"", ""refund""]"
Account recovery needed and I want to talk to a manager,account_issue,true,,,,v3 multi-intent,"[""multi_intent""]"
How much for API access for 100k calls?,pricing,false,,,,bulk addition 4,"[""standard""]"
Two accounts got merged erroneously.,account_issue,true,,,,bulk addition 3,"[""standard""]"
I want to subscribe but need a quote first.,sales,false,,,,bulk addition,"[""standard""]"
I demand to talk to a senior support member.,human_request,true,,,,bulk addition 3,"[""standard""]"
Contact not required. Just giving feedback.,complaint,false,,,,escalation hard negative,"[""hard_negative_escalation""]"
Two-factor authentication code delivery is delayed.,technical_support,false,,,,technical issue,"[""standard"", ""technical""]"
mujhe aapke product ki video tutorial chahiye,general_question,false,,,,,"[""hinglish""]"
I have tried every possible solution and nothing works.,technical_support,true,,,,v3 bulk esc+3,"[""escalation_positive""]"
How does the auto-responder work?,product_question,false,,,,product feature question,"[""standard""]"
Aapne mujhe block kyu kar diya? Unblock karo.,account_issue,true,,,,hinglish example,"[""hinglish""]"
i m havin truble with 2FA setup,technical_support,false,,,,v3 bulk noisy,"[""noisy""]"
The reporting dashboard keeps failing.,technical_support,false,,,,v3 bulk tech,"[""standard"", ""technical""]"
My account got hacked and I need to speak to someone,account_issue,true,,,,v3 multi-intent,"[""multi_intent""]"
I'm evaluating vendors and you're my top choice.,sales,false,,,,purchase intent,"[""standard"", ""sales""]"
Do not process any changes to my account.,general_question,false,,,,v4 negation,"[""negation""]"
Please process my upgrade to the annual plan.,sales,false,,,,v3 balance,"[""standard""]"
The error I reported is gone after the patch. Thanks!,technical_support,false,,,,v3 resolution,"[""resolution_state""]"
how many users can i ad,product_question,false,,,,spelling/noisy text,"[""noisy""]"
I need an emergency patch deployed to production.,technical_support,true,,,,v3 esc hard pos,"[""escalation_positive""]"
The notification system is not loading properly.,technical_support,false,,,,v3 bulk tech,"[""standard"", ""technical""]"
"Don't transfer me, just help me here",general_question,false,,,,v3 negation,"[""negation""]"
Email delivery is showing incorrect data.,technical_support,false,,,,v3 bulk tech,"[""standard"", ""technical""]"
Wasting my time and money on your platform.,complaint,false,,,,general complaint,"[""standard"", ""complaint""]"
Mera password reset ka link bhejo.,account_issue,false,,,,bulk addition 5,"[""hinglish""]"
Mujhe refund chahiye aur account bhi fix karo,refund,true,,,,v3 multi-intent hinglish,"[""multi_intent"", ""hinglish""]"
i cnt figur out hw to pay my bill,pricing,false,,,,bulk addition 5,"[""noisy""]"
aapki app ko Hindi support add karo,product_question,false,,,,,"[""hinglish""]"
i cnt chang my email in settngs,account_issue,false,,,,v4 noisy,"[""noisy""]"
Webhook 503 error de raha hai.,technical_support,false,,,,hinglish technical support,"[""hinglish""]"
How long does it take to set up the calendar sync?,general_question,false,,,,v3 bulk gq,"[""standard""]"
aapki services ke baare mein batao?,general_question,false,,,,hinglish general question,"[""hinglish""]"
Do you have a roadmap of upcoming features?,general_question,false,,,,v3 balance,"[""standard""]"
Can you fix the mobile app? It closes immediately on launch,technical_support,false,,,,v3 confusion: tech vs complaint,"[""standard""]"
We're ready to move forward with your solution.,sales,false,,,,purchase intent,"[""standard"", ""sales""]"
Hinglish: help karo.,general_question,false,,,,v4 short,"[""hinglish""]"
Love the product,other,false,,,,bulk addition 5,"[""standard""]"
The chart generator is showing incorrect data.,technical_support,false,,,,v3 bulk tech,"[""standard"", ""technical""]"
How do I set up bulk operations?,general_question,false,,,,v3 bulk gq2,"[""standard""]"
email parser is malfunctioning.,technical_support,false,,,,v3 bulk tech2,"[""standard"", ""technical""]"
Email delivery is not loading properly.,technical_support,false,,,,v3 bulk tech,"[""standard"", ""technical""]"
Having issues with report scheduling.,technical_support,false,,,,v3 bulk tech2,"[""standard"", ""technical""]"
This is the fourth time I'm reporting the same bug.,technical_support,true,,,,v3 esc hard pos,"[""escalation_positive""]"
Maine khud fix kar liya. Koi call mat karo.,technical_support,false,,,,v3 esc hard neg hinglish,"[""hard_negative_escalation"", ""hinglish""]"
Hidden fees to nahi hain na?,pricing,false,,,,hinglish pricing,"[""hinglish""]"
the app is crashin on my iphone,technical_support,false,,,,bulk addition 5,"[""noisy""]"
Not urgent. Just let me know when you have an answer.,general_question,false,,,,v3 esc hard neg,"[""hard_negative_escalation""]"
Is there a tutorial for two-factor authentication?,general_question,false,,,,bulk addition 4,"[""standard""]"
Product question: does this integrate with Slack? Also how much?,product_question,false,,,,multi-intent example,"[""multi_intent""]"
Encountering problems with the tag system.,technical_support,false,,,,v3 bulk tech3,"[""standard"", ""technical""]"
I never requested a refund. Read my message again.,general_question,false,,,,v4 negation,"[""negation""]"
Can you negotiate pricing?,pricing,false,,,,pricing question,"[""standard"", ""pricing""]"
What is the purpose of user invitations?,general_question,false,,,,v3 bulk gq2,"[""standard""]"
10 aur seats add karni hain.,sales,false,,,,hinglish sales,"[""hinglish""]"
mera kaam ruka hai do din se koi respond nahi kar raha,complaint,true,,,,,"[""hinglish""]"
I managed to get the feature working. No more help needed.,technical_support,false,,,,v3 bulk resolution,"[""resolution_state""]"
Please invoice me for the enterprise tier upgrade,sales,false,,,,v3 confusion: pricing vs sales,"[""standard""]"
Can you help me fix File upload?,technical_support,false,,,,bulk addition 4,"[""standard""]"
knowledge base search stopped responding.,technical_support,false,,,,v3 bulk tech2,"[""standard"", ""technical""]"
this is so anoying i want a refnd,refund,true,,,,spelling/noisy text,"[""noisy""]"
The drag and drop editor is not working.,technical_support,false,,,,v3 bulk tech,"[""standard"", ""technical""]"
Do you offer different pricing tiers for data migration?,pricing,false,,,,v3 bulk pricing2,"[""standard"", ""pricing""]"
I get an error when using The mobile app.,technical_support,false,,,,v3 bulk tech,"[""standard"", ""technical""]"
My secondary email is not receiving verification code.,account_issue,false,,,,v3 balance,"[""standard""]"
How does accessibility options affect my account?,general_question,false,,,,v3 bulk gq2,"[""standard""]"
Maine 2 mahine pehle cancel kiya tha but aaj bhi charge aa raha hai.,refund,true,,,,hinglish example,"[""hinglish""]"
The The login page feature is causing errors.,technical_support,false,,,,bulk addition 4,"[""standard""]"
The CSV importer keeps failing.,technical_support,false,,,,bulk addition 4,"[""standard""]"
the app is to slow,technical_support,false,,,,v3 noisy,"[""noisy""]"
aapki service ki quality improve karo,complaint,false,,,,v3 bulk hinglish,"[""hinglish""]"
I need to buy but I'm locked out of my account.,sales,true,,,,bulk addition 3,"[""multi_intent""]"
Koi real person se baat karwao.,human_request,true,,,,hinglish human request,"[""hinglish"", ""escalation_positive"", ""human_request""]"
my paymnt was deductd twice,refund,true,,,,spelling/noisy text,"[""noisy""]"
mujhe aapke software ka trial extend karna hai,sales,false,,,,v3 bulk hinglish3,"[""hinglish""]"
plz process my refund as promised,refund,true,,,,v3 bulk noisy,"[""noisy""]"
How is your day going?,other,false,,,,bulk addition 3,"[""standard""]"
Can I access my data offline?,general_question,false,,,,general info question,"[""standard""]"
No need to call. Just reply here when you can.,general_question,false,,,,v3 esc hard neg,"[""hard_negative_escalation""]"
No refund needed. Just wanted to provide feedback.,complaint,false,,,,v3 negation,"[""negation""]"
I have never been this disappointed with a service.,complaint,false,,,,general complaint,"[""standard"", ""complaint""]"
Refund my annual payment or I'll contact my lawyer.,refund,true,,,,bulk addition 2,"[""standard""]"
How does user permissions work in your platform?,general_question,false,,,,bulk addition 4,"[""standard""]"
aapne mera plan downgrade kyun kar diya,account_issue,true,,,,,"[""hinglish""]"
I was a loyal customer but you don't care.,complaint,false,,,,general complaint,"[""standard"", ""complaint""]"
mujhe aapki company ke baare mein batao,general_question,false,,,,v3 bulk hinglish,"[""hinglish""]"
What should I know about the contact directory?,general_question,false,,,,v3 bulk gq3,"[""standard""]"
Enable two-factor authentication on my account now.,account_issue,false,,,,v3 info vs action,"[""standard""]"
plez help im lockt out,account_issue,true,,,,spelling/noisy text,"[""noisy""]"
Pricing question and account login issue.,pricing,false,,,,bulk addition 3,"[""multi_intent""]"
Do you offer different pricing tiers for onboarding assistance?,pricing,false,,,,v3 bulk pricing2,"[""standard"", ""pricing""]"
Need a quote for 200 users annual.,sales,false,,,,bulk addition 3,"[""standard""]"
Please transfer me to a live agent.,human_request,true,,,,human request,"[""escalation_positive"", ""human_request""]"
This is the third outage this month. I demand reliability.,complaint,true,,,,v3 bulk esc+3,"[""escalation_positive""]"
aapki team bahut slow hai kaam karo,complaint,true,,,,,"[""hinglish""]"
What do I do if I forget my password?,general_question,false,,,,v3 info vs action,"[""standard""]"
I want to buy the plan but I need technical help first.,sales,false,,,,multi-intent example,"[""multi_intent""]"
I need to speak to someone who can actually help.,human_request,true,,,,bulk addition 3,"[""standard""]"
Meri poori team block hai. Koi senior ko escalate karo.,technical_support,true,,,,v3 esc hard pos hinglish,"[""escalation_positive"", ""hinglish""]"
Payment to gaya but account activate nahi hua.,technical_support,true,,,,bulk addition 5,"[""hinglish""]"
My account is compromised and I need immediate help.,account_issue,true,,,,v3 bulk multi3,"[""multi_intent""]"
Let's start the onboarding process for enterprise.,sales,false,,,,bulk addition,"[""standard""]"
The report scheduling feature seems to be broken.,technical_support,false,,,,v3 bulk tech2,"[""standard"", ""technical""]"
pro plan mein kitne users add kar sakte hain?,product_question,false,,,,hinglish product question,"[""hinglish""]"
What is the process for upgrading?,general_question,false,,,,v3 info vs action,"[""standard""]"
What are the costs for API access?,pricing,false,,,,pricing question,"[""standard"", ""pricing""]"
mujhe bulk SMS feature hai kya,product_question,false,,,,,"[""hinglish""]"
the app is not openin on my fone help,technical_support,false,,,,bulk addition 3,"[""noisy""]"
Login credentials suddenly kaam nahi kar rahe.,account_issue,false,,,,hinglish account issue,"[""hinglish""]"
Please connect me to your solutions team.,sales,false,,,,bulk addition 5,"[""standard""]"
ur pricin is way 2 high for what u offer,pricing,false,,,,bulk addition 2,"[""noisy""]"
Customer service representative se baat karni hai.,human_request,true,,,,hinglish human request,"[""hinglish"", ""escalation_positive"", ""human_request""]"
I need actual human assistance not a knowledge base article.,human_request,true,,,,v3 balance,"[""standard""]"
ye software Hindi mein available hai?,general_question,false,,,,hinglish general question,"[""hinglish""]"
mera account kaise delete kare pura data ke saath,general_question,false,,,,,"[""hinglish""]"
Can you explain the reporting module?,general_question,false,,,,v3 bulk gq,"[""standard""]"
the export buttn does nthng,technical_support,false,,,,v3 noisy,"[""noisy""]"
I am unable to proceed with my business operations due to this.,technical_support,true,,,,v3 bulk esc+,"[""escalation_positive""]"
Can I export my data?,general_question,false,,,,general info question,"[""standard""]"
The webhook integration stopped working suddenly.,technical_support,false,,,,bulk addition 4,"[""standard""]"
mujhe aapki service ka demo chahiye,sales,false,,,,v3 bulk hinglish,"[""hinglish""]"
Fix the 500 error on my dashboard now.,technical_support,true,,,,v3 info vs action,"[""standard""]"
wht do i do if i 4get my username,general_question,false,,,,v3 bulk noisy,"[""noisy""]"
Does your platform support SSO?,product_question,false,,,,v3 balance,"[""standard""]"
Does the product support real-time collaboration?,product_question,false,,,,product feature question,"[""standard""]"
customer portal is malfunctioning.,technical_support,false,,,,v3 bulk tech2,"[""standard"", ""technical""]"
i cnt chanj my email,account_issue,false,,,,spelling/noisy text,"[""noisy""]"
I'm not angry. I just want to report something.,general_question,false,,,,v3 negation,"[""negation""]"
the font selector is giving me trouble.,technical_support,false,,,,v3 bulk tech3,"[""standard"", ""technical""]"
Can I use custom domains with your service?,product_question,false,,,,product feature question,"[""standard""]"
What is the cost per user for the enterprise tier?,pricing,false,,,,v3 balance,"[""standard""]"
Mera payment successful hai but account active nahi.,technical_support,true,,,,bulk addition,"[""hinglish""]"
I regret signing up for this service.,complaint,false,,,,general complaint,"[""standard"", ""complaint""]"
Is there a tutorial for the workflow builder?,general_question,false,,,,v3 bulk gq,"[""standard""]"
What is the timeline for refund processing?,refund,false,,,,v3 balance,"[""standard""]"
Does it support multiple currencies?,product_question,false,,,,product feature question,"[""standard""]"
Is there a way to preview before publishing?,general_question,false,,,,bulk addition,"[""standard""]"
I need a custom enterprise agreement.,sales,false,,,,bulk addition 5,"[""standard""]"
My user account was deleted erroneously and I need it back.,account_issue,true,,,,v3 bulk esc+3,"[""escalation_positive""]"
Your service is great but I'm locked out of my account.,account_issue,false,,,,v3 bulk multi,"[""multi_intent""]"
I am unable to serve my own customers because of your bug.,technical_support,true,,,,v3 bulk esc+3,"[""escalation_positive""]"
Annual plan pe kya discount milega?,pricing,false,,,,hinglish pricing,"[""hinglish""]"
What do I need to know about the notification center?,general_question,false,,,,v3 bulk gq,"[""standard""]"
mujhe product ke baare mein jaankari chahiye,general_question,false,,,,,"[""hinglish""]"
"I want to talk to a specialist, not a general agent.",human_request,true,,,,v3 balance,"[""standard""]"
mera support ticket ka status kya hai,general_question,false,,,,v4 hinglish,"[""hinglish""]"
Where can I find documentation about the API?,general_question,false,,,,v3 bulk gq,"[""standard""]"
Do you have a mobile app?,general_question,false,,,,bulk addition,"[""standard""]"
I want to upgrade but I'm also locked out of my account.,sales,true,,,,v3 bulk multi3,"[""multi_intent""]"
How long does it take to set up real-time sync?,general_question,false,,,,bulk addition 4,"[""standard""]"
Does your platform include A/B testing?,product_question,false,,,,product feature question,"[""standard""]"
mujhe aapki app mein team member ka role change karna hai,account_issue,false,,,,v3 bulk hinglish3,"[""hinglish""]"
Hate the support,complaint,false,,,,bulk addition 5,"[""standard""]"
How does the pricing work for startups?,pricing,false,,,,pricing question,"[""standard"", ""pricing""]"
Let me upgrade right now. Take my payment.,sales,false,,,,purchase intent,"[""standard"", ""sales""]"
The template preview keeps failing.,technical_support,false,,,,bulk addition 4,"[""standard""]"
Is API access included in the base price?,pricing,false,,,,v3 bulk pricing,"[""standard"", ""pricing""]"
Tell me about pricing for compliance features.,pricing,false,,,,v3 bulk pricing2,"[""standard"", ""pricing""]"
I'm documenting this entire conversation for my attorney.,complaint,true,,,,bulk addition 5,"[""escalation_positive""]"
i cant find the settngs buton,technical_support,false,,,,spelling/noisy text,"[""noisy""]"
Do you support SAML/SSO?,general_question,false,,,,general info question,"[""standard""]"
the export buttin does nothng,technical_support,false,,,,spelling/noisy text,"[""noisy""]"
Is there a tutorial for the template system?,general_question,false,,,,v3 bulk gq,"[""standard""]"
Very bad,complaint,false,,,,very short message,[]
Is there a tutorial for the import tool?,general_question,false,,,,bulk addition 4,"[""standard""]"
This is not the product I was sold on.,complaint,false,,,,bulk addition 3,"[""standard""]"
The integration keeps dropping connection every 10 minutes,technical_support,false,,,,v3 confusion: tech vs complaint,"[""standard""]"
"Don't refund me, just explain the policy",general_question,false,,,,v3 negation,"[""negation""]"
Can I customize the color scheme?,product_question,false,,,,bulk addition 3,"[""standard""]"
maine apna plan upgrade kiya lekin features unlock nahi hue,technical_support,false,,,,,"[""hinglish""]"
Mera billing cycle change karo.,pricing,false,,,,bulk addition 3,"[""hinglish""]"
I get an error when using The login page.,technical_support,false,,,,v3 bulk tech,"[""standard"", ""technical""]"
my accnt got hakd help me plz,account_issue,true,,,,v3 noisy,"[""noisy""]"
I'm extremely dissatisfied with your platform's reliability.,complaint,false,,,,v3 balance3,"[""standard""]"
Does the platform support recurring tasks?,product_question,false,,,,v3 balance,"[""standard""]"
Cancel my subscription and tell me about your other products.,refund,false,,,,multi-intent example,"[""multi_intent""]"
Meri email change ho gayi bina permission ke.,account_issue,false,,,,hinglish account issue,"[""hinglish""]"
ur websit is nt loadin at all,technical_support,false,,,,v4 noisy,"[""noisy""]"
I cannot believe how unstable this software is,complaint,false,,,,v3 confusion: tech vs complaint,"[""standard""]"
My team member can't access the shared account.,account_issue,false,,,,account issue,"[""standard"", ""account""]"
mera payment method verify nahi ho raha,account_issue,false,,,,v3 bulk hinglish,"[""hinglish""]"
Don't escalate. I was just venting.,complaint,false,,,,bulk addition 3,"[""hard_negative_escalation""]"
How does email notifications work in your platform?,general_question,false,,,,v3 bulk gq,"[""standard""]"
aapki app ka customer support number do,general_question,false,,,,v3 bulk hinglish,"[""hinglish""]"
"Get someone on the phone right now. Not email, not chat, PHONE.",human_request,true,,,,bulk addition 3,"[""escalation_positive""]"
Aapke software mein Hindi font support hai?,product_question,false,,,,hinglish example,"[""hinglish""]"
The PDF export is not working.,technical_support,false,,,,v3 bulk tech,"[""standard"", ""technical""]"
The login page keeps failing.,technical_support,false,,,,bulk addition 4,"[""standard""]"
How does two-factor authentication work in your platform?,general_question,false,,,,v3 bulk gq,"[""standard""]"
This is a critical system that needs immediate restoration.,technical_support,true,,,,v4 esc+,"[""escalation_positive""]"
My account was suspended without any notification.,account_issue,false,,,,account issue,"[""standard"", ""account""]"
I want to increase my plan limits.,sales,false,,,,purchase intent,"[""standard"", ""sales""]"
What do I need to know about custom fields?,general_question,false,,,,bulk addition 4,"[""standard""]"
Kya aap mujhe call kar sakte ho? Main bot se baat nahi karna chahta.,human_request,true,,,,human request,"[""escalation_positive"", ""human_request""]"
my pasword reset isnt workng,account_issue,false,,,,spelling/noisy text,"[""noisy""]"
Do I need to download anything?,general_question,false,,,,general info question,"[""standard""]"
What are my options for premium support?,general_question,false,,,,v3 bulk infoact,"[""standard""]"
Your chatbot is not helping. Transfer to a person.,human_request,true,,,,human request,"[""escalation_positive"", ""human_request""]"
Your auto-renewal charged me without warning.,refund,true,,,,bulk addition 3,"[""standard""]"
meri auto-renewal band karo,sales,false,,,,,"[""hinglish""]"
Where can I find documentation about the import tool?,general_question,false,,,,bulk addition 4,"[""standard""]"
Account email change nahi kar sakta.,account_issue,false,,,,hinglish account issue,"[""hinglish""]"
Login failed.,account_issue,false,,,,v4 short,"[""standard""]"
Tell me about pricing for API calls.,pricing,false,,,,v3 bulk pricing2,"[""standard"", ""pricing""]"
What are the benefits of role management?,general_question,false,,,,bulk addition 4,"[""standard""]"
Can you explain performance monitoring?,general_question,false,,,,v3 bulk gq,"[""standard""]"
Is there a tutorial for the reporting module?,general_question,false,,,,v3 bulk gq,"[""standard""]"
The webhook integration keeps failing.,technical_support,false,,,,v3 bulk tech,"[""standard"", ""technical""]"
Does your platform support custom user roles and permissions?,product_question,false,,,,v3 confusion: product vs general,"[""standard""]"
I will not rest until this is resolved. Escalate to highest level.,complaint,true,,,,bulk addition 3,"[""escalation_positive""]"
Is the mobile app included in the base price?,pricing,false,,,,bulk addition 4,"[""standard""]"
The search bar is broken after the latest update.,technical_support,false,,,,bulk addition 4,"[""standard""]"
plz help me wit my login,account_issue,false,,,,spelling/noisy text,"[""noisy""]"
i paid for premium but got standrd features,account_issue,true,,,,v3 bulk noisy3,"[""noisy""]"
Do you have a pay-as-you-go option?,pricing,false,,,,pricing question,"[""standard"", ""pricing""]"
Mera account hacked ho gaya.,account_issue,false,,,,hinglish account issue,"[""hinglish""]"
My refund request number is 12345. Please process it.,refund,true,,,,bulk addition,"[""standard""]"
What analytics metrics do you track?,product_question,false,,,,product feature question,"[""standard""]"
What's the pricing for white labeling?,pricing,false,,,,bulk addition 4,"[""standard""]"
my notifcations r broken fix plz,technical_support,false,,,,bulk addition 3,"[""noisy""]"
How much for white labeling?,pricing,false,,,,v3 bulk pricing,"[""standard"", ""pricing""]"
The issue is already fixed on my end. Thanks.,technical_support,false,,,,v3 esc hard neg,"[""hard_negative_escalation"", ""resolution_state""]"
Mai upgrade karna chahta hu enterprise plan mein.,sales,false,,,,hinglish sales,"[""hinglish""]"
Please do not contact me. I will reach out if needed.,general_question,false,,,,v3 bulk esc-3,"[""hard_negative_escalation""]"
I fixed the issue on my end. All good.,technical_support,false,,,,bulk addition 2,"[""hard_negative_escalation""]"
What is the cost of custom reporting?,pricing,false,,,,bulk addition 4,"[""standard""]"
What do I need to know about audit logging?,general_question,false,,,,bulk addition 4,"[""standard""]"
The CSV importer is not loading properly.,technical_support,false,,,,v3 bulk tech,"[""standard"", ""technical""]"
Login button is not working properly.,technical_support,false,,,,technical issue,"[""standard"", ""technical""]"
cancel kar sakte hain kab bhi?,general_question,false,,,,general info question,"[""standard""]"
Aj tak ka worst experience.,complaint,false,,,,hinglish complaint,"[""hinglish""]"
mera data export karo,general_question,false,,,,,"[""hinglish""]"
Bot se koi help nahi mil rahi. Human do.,human_request,true,,,,bulk addition,"[""hinglish""]"
Nice UI design!,other,false,,,,v3 balance,"[""standard""]"
What's the price per additional seat?,pricing,false,,,,bulk addition 3,"[""standard""]"
bulk edit is malfunctioning.,technical_support,false,,,,v3 bulk tech2,"[""standard"", ""technical""]"
Can you explain the integration wizard?,general_question,false,,,,bulk addition 4,"[""standard""]"
Does your software have a mobile SDK?,product_question,false,,,,product feature question,"[""standard""]"
cnt login to my acc,account_issue,false,,,,v3 noisy,"[""noisy""]"
I'm angry about my account issue but I don't need anyone to call me.,account_issue,false,,,,multi-intent example,"[""multi_intent""]"
Please connect me to your senior management.,human_request,true,,,,bulk addition,"[""standard""]"
Please issue a refund for my recent payment.,refund,true,,,,refund demand,"[""escalation_positive"", ""refund""]"
Someone accessed my account without permission.,account_issue,false,,,,account issue,"[""standard"", ""account""]"
Your mobile app is draining my battery.,technical_support,false,,,,bulk addition 3,"[""standard""]"
I'm about to lose a major client because of your downtime.,technical_support,true,,,,bulk addition 3,"[""escalation_positive""]"
Is there audit logging?,product_question,false,,,,product feature question,"[""standard""]"
mera account mein kisi aur ka data aa raha hai,account_issue,true,,,,,"[""hinglish""]"
i want my mony bak,refund,true,,,,spelling/noisy text,"[""noisy""]"
Stop ignoring my requests. Human now.,human_request,true,,,,bulk addition 3,"[""standard""]"
"Can I speak to sales? Actually, just tell me the price.",pricing,false,,,,multi-intent example,"[""multi_intent""]"
Upgrade?,sales,false,,,,very short message,[]
Can you explain the dashboard?,general_question,false,,,,bulk addition 4,"[""standard""]"
The drag and drop editor is broken after the latest update.,technical_support,false,,,,bulk addition 4,"[""standard""]"
No escalation. Just asking a question.,general_question,false,,,,bulk addition 5,"[""hard_negative_escalation""]"
Can I change the language of the interface?,general_question,false,,,,bulk addition,"[""standard""]"
Zero stars. Would not recommend to anyone.,complaint,false,,,,general complaint,"[""standard"", ""complaint""]"
Does the API support real-time events?,product_question,false,,,,v3 balance,"[""standard""]"
The calendar sync is not loading properly.,technical_support,false,,,,v3 bulk tech,"[""standard"", ""technical""]"
Cheated,complaint,true,,,,very short message,[]
What are the costs associated with user accounts?,pricing,false,,,,v3 bulk pricing2,"[""standard"", ""pricing""]"
Reset my password right now I'm locked out.,account_issue,true,,,,v3 bulk infoact,"[""standard""]"
Can you help me fix The chart generator?,technical_support,false,,,,v3 bulk tech,"[""standard"", ""technical""]"
The API endpoint is broken after the latest update.,technical_support,false,,,,bulk addition 4,"[""standard""]"
What's the difference between your plans?,general_question,false,,,,v4 confusion,"[""confusion_pair""]"
Can I get a refund and also report a security issue?,refund,true,,,,v3 bulk multi3,"[""multi_intent""]"
Price mein support included hai?,pricing,false,,,,hinglish pricing,"[""hinglish""]"
Imported contacts show nahi ho rahe.,technical_support,false,,,,hinglish example,"[""hinglish""]"
Kya koi setup cost hai?,pricing,false,,,,hinglish pricing,"[""hinglish""]"
No need for a callback. I'm satisfied with the answer.,general_question,false,,,,v3 bulk esc-,"[""hard_negative_escalation""]"
How do I set up dashboard widgets?,general_question,false,,,,v3 bulk gq2,"[""standard""]"
I am unable to use the search filter correctly.,technical_support,false,,,,v3 bulk tech3,"[""standard"", ""technical""]"
The chat widget is not displaying on mobile.,technical_support,false,,,,bulk addition 5,"[""standard""]"
data export kaise kare?,general_question,false,,,,hinglish general question,"[""hinglish""]"
I'm not looking for a solution. Just sharing my thoughts.,complaint,false,,,,v3 bulk esc-,"[""hard_negative_escalation""]"
I'm locked out of my account and I want compensation,account_issue,true,,,,v3 multi-intent,"[""multi_intent""]"
Mujhe additional seats chahiye.,sales,false,,,,hinglish sales,"[""hinglish""]"
Your automated replies are not solving my specific situation.,technical_support,true,,,,v3 bulk esc+,"[""escalation_positive""]"
What is the purpose of email digests?,general_question,false,,,,v3 bulk gq2,"[""standard""]"
Aapne mera account suspend kyun kiya?,account_issue,true,,,,bulk addition 3,"[""hinglish""]"
How much for custom reporting?,pricing,false,,,,bulk addition 4,"[""standard""]"
How do I download my invoice?,general_question,false,,,,bulk addition,"[""standard""]"
Your integrations are unreliable and frustrating,complaint,false,,,,v3 confusion: tech vs complaint,"[""standard""]"
How long does it take to set up the reporting module?,general_question,false,,,,v3 bulk gq,"[""standard""]"
I want to switch from a competitor to your service.,sales,false,,,,purchase intent,"[""standard"", ""sales""]"
Does your platform support webhooks for real-time updates?,product_question,false,,,,v3 balance,"[""standard""]"
Is premium support included in the base price?,pricing,false,,,,bulk addition 4,"[""standard""]"
Aapki pricing achi hai but features ke baare mein batao.,product_question,false,,,,v3 bulk multi3,"[""multi_intent"", ""hinglish""]"
Abhi subscription lena hai. Payment lo.,sales,false,,,,hinglish sales,"[""hinglish""]"
Refund the auto-renewal charge immediately.,refund,true,,,,bulk addition,"[""standard""]"
How does the integration wizard work in your platform?,general_question,false,,,,v3 bulk gq,"[""standard""]"
Mera data export kardo. Account close kar raha hu.,general_question,false,,,,bulk addition,"[""hinglish""]"
How much for API access?,pricing,false,,,,v3 bulk pricing,"[""standard"", ""pricing""]"
I have sales inquiry but also a technical problem,sales,false,,,,v3 multi-intent,"[""multi_intent""]"
I'm not paying for a service I can't use. Refund now.,refund,true,,,,bulk addition,"[""standard""]"
What do I need to know about the dashboard?,general_question,false,,,,v3 bulk gq,"[""standard""]"
refund my mony or i su,refund,true,,,,spelling/noisy text,"[""noisy""]"
File upload is not working.,technical_support,false,,,,bulk addition 4,"[""standard""]"
i cnt figur out hw to use ur platform,general_question,false,,,,v3 bulk noisy,"[""noisy""]"
How do I export my data?,general_question,false,,,,v3 info vs action,"[""standard""]"
The login page is broken after the latest update.,technical_support,false,,,,v3 bulk tech,"[""standard"", ""technical""]"
Can I customize billing alerts?,general_question,false,,,,v3 bulk gq2,"[""standard""]"
The search bar is not loading properly.,technical_support,false,,,,v3 bulk tech,"[""standard"", ""technical""]"
Aapka service bahut slow hai. Kya kar rahe ho?,technical_support,false,,,,hinglish example,"[""hinglish""]"
How does the user directory work in your platform?,general_question,false,,,,v3 bulk gq,"[""standard""]"
Do you charge per seat or flat rate?,pricing,false,,,,pricing question,"[""standard"", ""pricing""]"
aapke yaha kaunsa payment gateway use hota hai,general_question,false,,,,,"[""hinglish""]"
No escalation required. Simple question.,general_question,false,,,,bulk addition 2,"[""hard_negative_escalation""]"
How is data storage priced?,pricing,false,,,,v3 bulk pricing2,"[""standard"", ""pricing""]"
Fix now,technical_support,true,,,,very short message,[]
How does content scheduling work in your platform?,general_question,false,,,,v3 bulk gq,"[""standard""]"
Let me talk to a manager. This is the third time I'm calling.,human_request,true,,,,v3 multi-intent,"[""multi_intent""]"
Does it support multi-language content?,product_question,false,,,,product feature question,"[""standard""]"
The calendar sync is not loading properly.,technical_support,false,,,,bulk addition 4,"[""standard""]"
Your service didn't work as advertised. I want my money back.,refund,true,,,,v3 balance,"[""standard""]"
Can you tell me the price of enterprise?,pricing,false,,,,v3 confusion: pricing vs sales,"[""standard""]"
I expect a call from your VP of Customer Experience.,human_request,true,,,,v4 esc+,"[""escalation_positive""]"
I need an actual person to look at my account issue.,account_issue,false,,,,bulk addition 2,"[""confusion_pair""]"
How much for dedicated server?,pricing,false,,,,v3 bulk pricing,"[""standard"", ""pricing""]"
mera payment gateway set up nahi ho raha,technical_support,false,,,,v3 bulk hinglish,"[""hinglish""]"
Don't send anyone. I was just passing through.,other,false,,,,bulk addition 5,"[""hard_negative_escalation""]"
mujhe custom domain chahiye kaise set kare,product_question,false,,,,,"[""hinglish""]"
the notifcation icon is not showng,technical_support,false,,,,spelling/noisy text,"[""noisy""]"
What do I need to know about the integration wizard?,general_question,false,,,,bulk addition 4,"[""standard""]"
I have been patiently waiting for 2 weeks with no update.,complaint,true,,,,escalation hard positive,"[""escalation_positive"", ""hard_positive""]"
how to updgrade my acccount,sales,false,,,,spelling/noisy text,"[""noisy""]"
Can you help me fix The drag and drop editor?,technical_support,false,,,,v3 bulk tech,"[""standard"", ""technical""]"
The reporting dashboard is showing incorrect data.,technical_support,false,,,,bulk addition 4,"[""standard""]"
What is the purpose of data retention limits?,general_question,false,,,,v3 bulk gq2,"[""standard""]"
The mobile app is not working.,technical_support,false,,,,v3 bulk tech,"[""standard"", ""technical""]"
Do I pay extra for custom reporting?,pricing,false,,,,bulk addition 4,"[""standard""]"
Can I have multiple workspaces?,general_question,false,,,,general info question,"[""standard""]"
y is the pricin so confusing,pricing,false,,,,v4 noisy,"[""noisy""]"
aapne mujhe wrong price quote diya tha,pricing,false,,,,,"[""hinglish""]"
The calendar sync is showing incorrect data.,technical_support,false,,,,v3 bulk tech,"[""standard"", ""technical""]"
I can't attach files larger than 1MB even though my limit is 10MB.,technical_support,false,,,,bulk addition,"[""standard""]"
Do you offer different pricing tiers for premium features?,pricing,false,,,,v3 bulk pricing2,"[""standard"", ""pricing""]"
Can you explain data export?,general_question,false,,,,bulk addition 4,"[""standard""]"
Senior se baat karni hai urgently.,human_request,true,,,,hinglish human request,"[""hinglish"", ""escalation_positive"", ""human_request""]"
Mujhe apne account mein help chahiye. Price batao.,pricing,false,,,,confusion pair example,"[""confusion_pair""]"
What do I need to know about the reporting module?,general_question,false,,,,v3 bulk gq,"[""standard""]"
I need an exception to your standard procedure for this case.,human_request,true,,,,v3 bulk esc+,"[""escalation_positive""]"
Charts galat data dikha rahe hain.,technical_support,false,,,,hinglish technical support,"[""hinglish""]"
The user interface is counterintuitive.,product_question,false,,,,bulk addition 3,"[""standard""]"
This is a data privacy concern that requires urgent attention.,account_issue,true,,,,v3 bulk esc+,"[""escalation_positive""]"
mera invoice kab generate hoga,pricing,false,,,,v3 bulk hinglish,"[""hinglish""]"
Billing issue,pricing,false,,,,bulk addition 5,"[""standard""]"
kya aapke yaha discount milta hai festive season mein?,general_question,false,,,,hinglish general question,"[""hinglish""]"
Worst app,complaint,false,,,,very short message,[]
How are refunds processed?,general_question,false,,,,bulk addition,"[""standard""]"
can u help me setup my account plz,account_issue,false,,,,v3 bulk noisy,"[""noisy""]"
Please don't call me for feedback or anything else.,general_question,false,,,,v3 negation,"[""negation""]"
Apna plan kaise change kare?,general_question,false,,,,general info question,"[""standard""]"
You have 24 hours to resolve this before I take action.,complaint,true,,,,bulk addition,"[""escalation_positive""]"
How long does it take to set up the workflow builder?,general_question,false,,,,v3 bulk gq,"[""standard""]"
i need 2 spek to the billing dept urgently,human_request,true,,,,v3 bulk noisy3,"[""noisy""]"
ye software mobile par bhi chalega?,product_question,false,,,,hinglish product question,"[""hinglish""]"
I see you have three plans. How do they compare?,pricing,false,,,,pricing question,"[""standard"", ""pricing""]"
Is there an API rate limit?,product_question,false,,,,product feature question,"[""standard""]"
Having issues with real-time updates.,technical_support,false,,,,v3 bulk tech2,"[""standard"", ""technical""]"
my invoic is rong,pricing,false,,,,v3 noisy,"[""noisy""]"
I was about to request a refund but your team fixed it. Thanks!,refund,false,,,,v3 esc hard neg,"[""hard_negative_escalation"", ""resolution_state""]"
What integrations do you support?,general_question,false,,,,general info question,"[""standard""]"
I do not want to cancel. I just want to understand my bill.,pricing,false,,,,v3 bulk negation,"[""negation""]"
i cnt find the delet accnt buton,general_question,false,,,,v4 noisy,"[""noisy""]"
Is the integration wizard available in all plans?,general_question,false,,,,bulk addition 4,"[""standard""]"
can smeone hlp me plzzz,general_question,false,,,,v3 noisy,"[""noisy""]"
Can you help me fix File upload?,technical_support,false,,,,v3 bulk tech,"[""standard"", ""technical""]"
I'm evaluating your tool against two others. Help me choose.,sales,false,,,,bulk addition,"[""standard""]"
I need information about file organization.,general_question,false,,,,v3 bulk gq3,"[""standard""]"
Can I create custom email templates?,product_question,false,,,,v3 balance3,"[""standard""]"
Complaint about your service and question about features,complaint,false,,,,v3 multi-intent,"[""multi_intent""]"
Connect me to your sales department for a demo,sales,false,,,,v3 confusion: human vs sales,"[""standard""]"
I am furious! But I'll handle it myself.,complaint,false,,,,bulk addition 3,"[""hard_negative_escalation""]"
Can I collaborate with external partners on your platform?,general_question,false,,,,v3 balance,"[""standard""]"
Mujhe aapki service ke baare mein jaankari chahiye,general_question,false,,,,hinglish general question,"[""hinglish""]"
i need a cal back asap its urgent,human_request,true,,,,v3 bulk noisy,"[""noisy""]"
I want to speak to billing about my refund.,refund,true,,,,bulk addition,"[""standard""]"
I've been patient but this is ridiculous.,complaint,false,,,,general complaint,"[""standard"", ""complaint""]"
Having fun exploring your platform.,other,false,,,,v3 balance,"[""standard""]"
This issue is causing a compliance risk for my company.,technical_support,true,,,,v3 bulk esc+3,"[""escalation_positive""]"
"Don't worry, I figured out the issue. All good.",technical_support,false,,,,v3 bulk esc-,"[""hard_negative_escalation"", ""resolution_state""]"
Permissions reset ho rahi hain automatically.,technical_support,false,,,,hinglish technical support,"[""hinglish""]"
Sales team se baat karni thi price ke liye.,sales,false,,,,hinglish example,"[""hinglish""]"
What should I know about billing history?,general_question,false,,,,v3 bulk gq3,"[""standard""]"
Aapne mujhe double charge kar diya. Immediately refund karo.,refund,true,,,,hinglish example,"[""hinglish""]"
Do you offer discounts for NGOs?,pricing,false,,,,pricing question,"[""standard"", ""pricing""]"
Is role management available in all plans?,general_question,false,,,,bulk addition 4,"[""standard""]"
i m gettin eror code 500,technical_support,false,,,,spelling/noisy text,"[""noisy""]"
What is the capital of France?,other,false,,,,other / off-topic,"[""standard"", ""other""]"
This has been ignored for too long. Escalate now.,complaint,true,,,,bulk addition 2,"[""escalation_positive""]"
Fix this issue within the SLA timeframe.,technical_support,true,,,,v3 info vs action,"[""standard""]"
My workflow automation is not working.,technical_support,false,,,,bulk addition 4,"[""standard""]"
My account is back to normal. Appreciate the help.,account_issue,false,,,,v3 resolution,"[""resolution_state""]"
Report export nahi ho rahi PDF mein.,technical_support,false,,,,hinglish technical support,"[""hinglish""]"
hw do i get in tuch with sals,sales,false,,,,v3 noisy,"[""noisy""]"
I'm having trouble with The search bar.,technical_support,false,,,,v3 bulk tech,"[""standard"", ""technical""]"
We are ready to sign. Send contract.,sales,false,,,,bulk addition 3,"[""standard""]"
the dasboard is not showin my corect data,technical_support,false,,,,v3 bulk noisy,"[""noisy""]"
I appreciate the help but I'm good now.,other,false,,,,bulk addition 3,"[""hard_negative_escalation""]"
Is it possible to visit your office?,general_question,false,,,,bulk addition 3,"[""standard""]"
how much 4 premium plaN,pricing,false,,,,v3 noisy,"[""noisy""]"
hw long does refnd take to process,refund,false,,,,v3 bulk noisy3,"[""noisy""]"
I was charged for a plan I never signed up for. Refund now.,refund,true,,,,v3 balance,"[""standard""]"
This is affecting my ability to serve my own customers.,technical_support,true,,,,bulk addition,"[""escalation_positive""]"
mujhe premium plan ke features batao,product_question,false,,,,v3 bulk hinglish,"[""hinglish""]"
I'm both angry and want to buy your product.,sales,false,,,,bulk addition 2,"[""confusion_pair""]"
I don't need anything. Just saying hello.,other,false,,,,v3 balance,"[""standard""]"
You should be embarrassed by this product.,complaint,false,,,,bulk addition,"[""standard""]"
I've reported the same issue 5 times. Nothing changes.,complaint,true,,,,bulk addition,"[""standard""]"
aapke yaha custom integration kitne ka hai,pricing,false,,,,v3 bulk hinglish,"[""hinglish""]"
mujhe team plan chahiye 20 logon ke liye,sales,false,,,,,"[""hinglish""]"
I have both a feature request and a bug to report.,technical_support,false,,,,v3 bulk multi,"[""multi_intent""]"
kya mein apna account temporarily suspend kar sakta hu,general_question,false,,,,,"[""hinglish""]"
This is the final warning before I take legal steps.,complaint,true,,,,bulk addition 5,"[""escalation_positive""]"
I keep getting kicked out of the dashboard mid-session,technical_support,false,,,,v3 confusion: tech vs complaint,"[""standard""]"
Your reports feature is useless and broken,complaint,false,,,,v3 confusion: tech vs complaint,"[""standard""]"
Aapki website par error aa raha hai.,technical_support,false,,,,bulk addition 3,"[""hinglish""]"
Yeh mera business affect kar raha hai.,complaint,true,,,,escalation hard positive,"[""escalation_positive"", ""hard_positive""]"
the dashbord is confusin,complaint,false,,,,bulk addition,"[""noisy""]"
I am unable to use the inline editor correctly.,technical_support,false,,,,v3 bulk tech3,"[""standard"", ""technical""]"
The CSV importer is showing incorrect data.,technical_support,false,,,,bulk addition 4,"[""standard""]"
pls refund my mony i need it urgent,refund,true,,,,v3 noisy,"[""noisy""]"
I've been on hold for 45 minutes. This is unacceptable.,complaint,true,,,,v3 esc hard pos,"[""escalation_positive""]"
What are the benefits of email notifications?,general_question,false,,,,bulk addition 4,"[""standard""]"
The progress bar is stuck at 99%.,technical_support,false,,,,bulk addition 5,"[""standard""]"
Please send me the onboarding checklist.,sales,false,,,,bulk addition 3,"[""standard""]"
I was angry earlier but the issue has been resolved,complaint,false,,,,v3 multi-intent,"[""multi_intent"", ""resolution_state""]"
aapka pricing page clear nahi hai,pricing,false,,,,,"[""hinglish""]"
How is custom integrations priced?,pricing,false,,,,v3 bulk pricing2,"[""standard"", ""pricing""]"
my acnt is hakd sum1 pls help,account_issue,true,,,,bulk addition 3,"[""noisy""]"
Cancel my subscription and give me a full refund.,refund,true,,,,refund demand,"[""escalation_positive"", ""refund""]"
the attachment preview is giving me trouble.,technical_support,false,,,,v3 bulk tech3,"[""standard"", ""technical""]"
Can I automate ticket assignment?,product_question,false,,,,bulk addition,"[""standard""]"
What is the cost of premium support?,pricing,false,,,,v3 bulk pricing,"[""standard"", ""pricing""]"
i wnt my mony bak,refund,true,,,,v3 noisy,"[""noisy""]"
Suno,other,false,,,,very short message,[]
How do I set up a custom domain?,general_question,false,,,,bulk addition 3,"[""standard""]"
I'm both happy with the product and frustrated with support.,complaint,false,,,,v3 bulk multi3,"[""multi_intent""]"
kaise pata kare ki konsa plan sahi hai mere liye,general_question,false,,,,,"[""hinglish""]"
Your service is bad but please don't contact me about it.,complaint,false,,,,escalation hard negative,"[""hard_negative_escalation""]"
Please help me upgrade my account.,sales,false,,,,purchase intent,"[""standard"", ""sales""]"
meri report mein data missing hai,technical_support,false,,,,,"[""hinglish""]"
Is there a tutorial for the mobile app?,general_question,false,,,,v3 bulk gq,"[""standard""]"
The system is not recognizing my API calls.,technical_support,false,,,,bulk addition 3,"[""standard""]"
I am so angry I could scream but I don't need anyone to call.,complaint,false,,,,bulk addition 3,"[""hard_negative_escalation""]"
this iz not wot i paid 4,complaint,false,,,,spelling/noisy text,"[""noisy""]"
What are the benefits of data export?,general_question,false,,,,v3 bulk gq,"[""standard""]"
I need a person who can make decisions.,human_request,true,,,,v3 balance,"[""standard""]"
Can I white-label your solution?,product_question,false,,,,product feature question,"[""standard""]"
How is team collaboration priced?,pricing,false,,,,v3 bulk pricing2,"[""standard"", ""pricing""]"
What are the benefits of the calendar sync?,general_question,false,,,,v3 bulk gq,"[""standard""]"
Does your product support real-time collaboration?,product_question,false,,,,confusion pair example,"[""confusion_pair""]"
I need information about the contact directory.,general_question,false,,,,v3 bulk gq3,"[""standard""]"
Setup kaise karte hai? Koi guide hai?,general_question,false,,,,hinglish example,"[""hinglish""]"
I'm having trouble with File upload.,technical_support,false,,,,v3 bulk tech,"[""standard"", ""technical""]"
kya isme bulk SMS hai,product_question,false,,,,,"[""hinglish""]"
Where can I find documentation about audit logging?,general_question,false,,,,bulk addition 4,"[""standard""]"
How is premium features priced?,pricing,false,,,,v3 bulk pricing2,"[""standard"", ""pricing""]"
I'm ready to sign the contract. Send it over.,sales,false,,,,bulk addition 2,"[""standard""]"
Can I schedule backups automatically?,general_question,false,,,,bulk addition 2,"[""standard""]"
Mujhe 2 saal ka contract chahiye.,sales,false,,,,bulk addition 3,"[""hinglish""]"
I want my money back for the annual plan I just bought.,refund,true,,,,refund demand,"[""escalation_positive"", ""refund""]"
File upload keeps failing.,technical_support,false,,,,v3 bulk tech,"[""standard"", ""technical""]"
Aapne mujhe galat currency mein bill kiya.,pricing,true,,,,bulk addition 3,"[""hinglish""]"
I want to add the API add-on to my existing plan.,sales,false,,,,bulk addition,"[""standard""]"
What are the costs associated with audit trail?,pricing,false,,,,v3 bulk pricing2,"[""standard"", ""pricing""]"
Can you help me fix The search bar?,technical_support,false,,,,bulk addition 4,"[""standard""]"
Disregard my previous complaint. Everything is sorted.,complaint,false,,,,v3 bulk esc-,"[""hard_negative_escalation"", ""resolution_state""]"
Is custom reporting included in the base price?,pricing,false,,,,v3 bulk pricing,"[""standard"", ""pricing""]"
The drag and drop editor is showing incorrect data.,technical_support,false,,,,bulk addition 4,"[""standard""]"
"I want to cancel my subscription, but first explain the refund policy.",refund,false,,,,multi-intent example,"[""multi_intent""]"
I need a real person to help with this billing dispute.,human_request,true,,,,v3 balance3,"[""standard""]"
Can you guide me through subscription management?,general_question,false,,,,v3 bulk gq3,"[""standard""]"
the search filter is giving me trouble.,technical_support,false,,,,v3 bulk tech3,"[""standard"", ""technical""]"
ur team is useless never reply,complaint,true,,,,v4 noisy,"[""noisy""]"
Is there a built-in reporting tool?,product_question,false,,,,v3 balance3,"[""standard""]"
Best service ever!,other,false,,,,bulk addition,"[""standard""]"
What are the benefits of the mobile app?,general_question,false,,,,v3 bulk gq,"[""standard""]"
I have evidence of a data breach on your platform.,account_issue,true,,,,v3 esc hard pos,"[""escalation_positive""]"
My entire revenue depends on this tool working properly.,complaint,true,,,,v3 esc hard pos,"[""escalation_positive""]"
The PDF export is broken after the latest update.,technical_support,false,,,,v3 bulk tech,"[""standard"", ""technical""]"
Having issues with email parser.,technical_support,false,,,,v3 bulk tech2,"[""standard"", ""technical""]"
Complaint about billing but resolved now thanks.,complaint,false,,,,v3 bulk multi,"[""multi_intent"", ""resolution_state""]"
I want to buy but first I need my account unlocked.,sales,true,,,,v3 bulk multi,"[""multi_intent""]"
Is there a time tracking module?,product_question,false,,,,v3 balance,"[""standard""]"
What do I need to know about user permissions?,general_question,false,,,,v3 bulk gq,"[""standard""]"
I need to speak to a person with real authority.,human_request,true,,,,bulk addition 2,"[""standard""]"
Meri auto-renewal band karo. Paise waste ho rahe hain.,sales,false,,,,hinglish example,"[""hinglish""]"
Sab sahi hai. Close karo ticket.,technical_support,false,,,,v3 bulk esc-,"[""hard_negative_escalation"", ""resolution_state"", ""hinglish""]"
sort functionality is causing errors in my workflow.,technical_support,false,,,,v3 bulk tech2,"[""standard"", ""technical""]"
I have both a sales inquiry and a technical problem,sales,false,,,,v3 multi-intent,"[""multi_intent""]"
Your error has cost me real money. I expect compensation.,refund,true,,,,v3 bulk esc+3,"[""escalation_positive""]"
I appreciate the quick response.,other,false,,,,v3 balance3,"[""standard""]"
the sort option has a bug that needs fixing.,technical_support,false,,,,v3 bulk tech3,"[""standard"", ""technical""]"
The template preview is not loading properly.,technical_support,false,,,,bulk addition 4,"[""standard""]"
kya koi downloading required hai?,general_question,false,,,,general info question,"[""standard""]"
Mujhe aapke product mein kuch features add karne hain. Kya aap custom development support karte ho?,product_question,false,,,,cross 2000,"[""hinglish""]"
How much for migration?,pricing,false,,,,v3 bulk pricing,"[""standard"", ""pricing""]"
We need a customized solution. Can we discuss?,sales,false,,,,bulk addition 2,"[""standard""]"
Mujhe annual plan ka quote bhejo.,sales,false,,,,bulk addition,"[""hinglish""]"
The CSV generator produces garbled characters.,technical_support,false,,,,technical issue,"[""standard"", ""technical""]"
Angry about billing but love the product.,pricing,false,,,,bulk addition 2,"[""multi_intent""]"
the sort option is giving me trouble.,technical_support,false,,,,v3 bulk tech3,"[""standard"", ""technical""]"
My webhook endpoint is not receiving payloads anymore.,technical_support,false,,,,technical issue,"[""standard"", ""technical""]"
i cnt c my billng info,pricing,false,,,,v3 noisy,"[""noisy""]"
Mujhe koi call kare. Urgent hai.,human_request,true,,,,hinglish example,"[""hinglish""]"
Is there a tutorial for file sharing?,general_question,false,,,,v3 bulk gq,"[""standard""]"
Please don't escalate. I made a mistake.,other,false,,,,bulk addition 5,"[""hard_negative_escalation""]"
Please let me speak to someone who handles complex issues.,human_request,true,,,,v3 balance,"[""standard""]"
Your lack of support is costing me money.,complaint,true,,,,escalation hard positive,"[""escalation_positive"", ""hard_positive""]"
Can you guide me through the account setup?,general_question,false,,,,v3 bulk gq3,"[""standard""]"
Do I pay extra for premium support?,pricing,false,,,,bulk addition 4,"[""standard""]"
I want to speak to someone about purchasing.,sales,false,,,,confusion pair example,"[""confusion_pair""]"
mera invoice galat hai dobara bhejo,pricing,false,,,,,"[""hinglish""]"
Is there a tutorial for backup?,general_question,false,,,,bulk addition 4,"[""standard""]"
Is there a tutorial for the template system?,general_question,false,,,,bulk addition 4,"[""standard""]"
kya aapke yaha volume discount available hai 50 users ke liye,sales,false,,,,,"[""hinglish""]"
aapka customer support number kahan hai,general_question,false,,,,v3 bulk hinglish,"[""hinglish""]"
Mujhe ek insaan se baat karni hai. Bot se nahi.,human_request,true,,,,human request,"[""escalation_positive"", ""human_request""]"
I have been a loyal customer for 2 years and this is how you treat me?,complaint,true,,,,escalation hard positive,"[""escalation_positive"", ""hard_positive""]"
I want to buy but first help me understand the pricing.,pricing,false,,,,multi-intent example,"[""multi_intent""]"
I'm about to take legal action if you don't resolve this.,complaint,true,,,,escalation hard positive,"[""escalation_positive"", ""hard_positive""]"
The quality of your service has declined significantly.,complaint,false,,,,v3 balance,"[""standard""]"
wnt to buy prem but paymnt not wrk,sales,true,,,,bulk addition 3,"[""noisy""]"
Sales team se baat karni hai aur price bhi confirm karna hai.,sales,false,,,,multi-intent example,"[""multi_intent""]"
What's the pricing for the mobile app?,pricing,false,,,,bulk addition 4,"[""standard""]"
i cnt remember my login id help,account_issue,false,,,,v3 bulk noisy3,"[""noisy""]"
Can you help me fix The webhook integration?,technical_support,false,,,,v3 bulk tech,"[""standard"", ""technical""]"
Ye software Hindi mein available hai?,product_question,false,,,,hinglish example,"[""hinglish""]"
The API endpoint keeps failing.,technical_support,false,,,,bulk addition 4,"[""standard""]"
maine aapko 4 din pehle email kiya tha reply kyun nahi aaya,complaint,true,,,,,"[""hinglish""]"
i neeed help with API integratn,technical_support,false,,,,v3 noisy,"[""noisy""]"
The SSL certificate for my custom domain expired.,technical_support,false,,,,bulk addition,"[""standard""]"
Tell me about pricing for data migration.,pricing,false,,,,v3 bulk pricing2,"[""standard"", ""pricing""]"
I get a blank white screen when I open the analytics tab,technical_support,false,,,,v3 confusion: tech vs complaint,"[""standard""]"
What is the monthly charge?,pricing,false,,,,pricing question,"[""standard"", ""pricing""]"
Your service is terrible and I want to speak to a manager,human_request,true,,,,v3 multi-intent,"[""multi_intent""]"
the search funtion is usless,technical_support,false,,,,bulk addition 3,"[""noisy""]"
What is the cost of the enterprise add-on?,pricing,false,,,,bulk addition 4,"[""standard""]"
I'm seeing someone else's data in my account.,account_issue,false,,,,account issue,"[""standard"", ""account""]"
mujhe aapke software ke saath Zapier integration chahiye,product_question,false,,,,v3 bulk hinglish,"[""hinglish""]"
How do I set up search filters?,general_question,false,,,,v3 bulk gq2,"[""standard""]"
How long does it take to set up email notifications?,general_question,false,,,,v3 bulk gq,"[""standard""]"
Mera annual plan lena hai. Process batao.,sales,false,,,,bulk addition 3,"[""hinglish""]"
The mobile app is not loading properly.,technical_support,false,,,,v3 bulk tech,"[""standard"", ""technical""]"
This requires human intervention. Not a bot.,human_request,true,,,,human request,"[""escalation_positive"", ""human_request""]"
Aapki service achi hai lekin price bahut zyada hai,pricing,false,,,,v3 multi-intent hinglish,"[""multi_intent"", ""hinglish""]"
Iska use kya hai?,general_question,false,,,,hinglish general question,"[""hinglish""]"
Can I embed dashboards on my site?,product_question,false,,,,product feature question,"[""standard""]"
mujhe aapki service recommend karni hai kisi ko kaise kare,general_question,false,,,,,"[""hinglish""]"
Aapke software mein bug hai. Fix karo.,technical_support,false,,,,bulk addition,"[""hinglish""]"
Not urgent. Please don't escalate this.,general_question,false,,,,v3 bulk negation,"[""negation""]"
The search bar stopped working suddenly.,technical_support,false,,,,bulk addition 4,"[""standard""]"
I cannot stress enough how urgent this is.,technical_support,true,,,,v3 esc hard pos,"[""escalation_positive""]"
We chose your platform. Let's proceed.,sales,false,,,,purchase intent,"[""standard"", ""sales""]"
The user import feature seems to be broken.,technical_support,false,,,,v3 bulk tech2,"[""standard"", ""technical""]"
Can I set up drip campaigns?,product_question,false,,,,product feature question,"[""standard""]"
refund my mony u scammers,refund,true,,,,bulk addition,"[""noisy""]"
report scheduling is malfunctioning.,technical_support,false,,,,v3 bulk tech2,"[""standard"", ""technical""]"
I'm losing revenue every minute this is down.,technical_support,true,,,,v4 esc+,"[""escalation_positive""]"
Can you help me purchase additional seats?,sales,false,,,,purchase intent,"[""standard"", ""sales""]"
Tell me about your data backup policy.,general_question,false,,,,v3 bulk infoact,"[""standard""]"
Does the API support GraphQL?,product_question,false,,,,bulk addition,"[""standard""]"
Can I pause my subscription?,general_question,false,,,,general info question,"[""standard""]"
Is the mobile app included in the base price?,pricing,false,,,,v3 bulk pricing,"[""standard"", ""pricing""]"
What's the best way to get started?,general_question,false,,,,bulk addition,"[""standard""]"
Do you have a referral program?,general_question,false,,,,general info question,"[""standard""]"
How does user permissions work in your platform?,general_question,false,,,,v3 bulk gq,"[""standard""]"
How much for add-on features?,pricing,false,,,,pricing question,"[""standard"", ""pricing""]"
Do I need to configure backup manually?,general_question,false,,,,bulk addition 4,"[""standard""]"
I'm impressed with the onboarding flow.,other,false,,,,v3 balance,"[""standard""]"
How does the workflow builder work in your platform?,general_question,false,,,,v3 bulk gq,"[""standard""]"
kya AI tagging kaise kaam karta hai?,product_question,false,,,,hinglish product question,"[""hinglish""]"
mujhe koi SMS notification nahi aa raha,technical_support,false,,,,,"[""hinglish""]"
Your service is bad and I want to cancel my subscription.,complaint,false,,,,v3 bulk multi3,"[""multi_intent""]"
Dashboard 500 error de raha hai.,technical_support,false,,,,hinglish technical support,"[""hinglish""]"
Where can I find documentation about backup?,general_question,false,,,,v3 bulk gq,"[""standard""]"
I need information about billing history.,general_question,false,,,,v3 bulk gq3,"[""standard""]"
What's the early termination fee?,pricing,false,,,,bulk addition 3,"[""standard""]"
Images in the gallery are not loading on mobile.,technical_support,false,,,,bulk addition 2,"[""standard""]"
Issue resolved itself. Close my support ticket.,technical_support,false,,,,bulk addition 3,"[""hard_negative_escalation""]"
the sidebar navigation is giving me trouble.,technical_support,false,,,,v3 bulk tech3,"[""standard"", ""technical""]"
Aapki team ka response time bahut slow hai.,complaint,false,,,,hinglish example,"[""hinglish""]"
Your pricing page is confusing and I want to speak to sales.,sales,false,,,,multi-intent example,"[""multi_intent""]"
This is fraud. I want every cent back.,refund,true,,,,bulk addition,"[""standard""]"
Can I import my data from another tool?,general_question,false,,,,bulk addition,"[""standard""]"
Is there a template library?,product_question,false,,,,product feature question,"[""standard""]"
I'm stuck and can't proceed until you fix this.,technical_support,true,,,,escalation hard positive,"[""escalation_positive"", ""hard_positive""]"
I expect a call back within the next hour. This is unacceptable.,human_request,true,,,,escalation hard positive,"[""escalation_positive"", ""hard_positive""]"
this iz not wot i paid 4,complaint,false,,,,v3 noisy,"[""noisy""]"
How is the usage calculated?,pricing,false,,,,bulk addition,"[""standard""]"
Mera payment successful dikha raha hai but credits nahi aaye.,technical_support,true,,,,hinglish example,"[""hinglish""]"
How long does it take to set up role management?,general_question,false,,,,v3 bulk gq,"[""standard""]"
Can you help me fix The CSV importer?,technical_support,false,,,,bulk addition 4,"[""standard""]"
aapki app par file upload nahi ho raha error de raha hai,technical_support,false,,,,v3 bulk hinglish3,"[""hinglish""]"
the buton is not workng,technical_support,false,,,,spelling/noisy text,"[""noisy""]"
Account?,account_issue,false,,,,very short message,[]
mujhe aapke product ki training chahiye,sales,false,,,,,"[""hinglish""]"
This is both a feature request and a complaint.,complaint,false,,,,bulk addition,"[""confusion_pair""]"
Do I pay extra for additional users?,pricing,false,,,,bulk addition 4,"[""standard""]"
i m lockd out of my acunt HELPP,account_issue,true,,,,spelling/noisy text,"[""noisy""]"
I need information about security options.,general_question,false,,,,v3 bulk gq3,"[""standard""]"
Please no calls. SMS or email is better for me.,general_question,false,,,,v3 esc hard neg,"[""hard_negative_escalation""]"
My deadline was yesterday. I need compensation.,complaint,true,,,,escalation hard positive,"[""escalation_positive"", ""hard_positive""]"
Your documentation is outdated and inaccurate.,complaint,false,,,,bulk addition,"[""standard""]"
meri report generate nahi ho rahi error aa raha hai,technical_support,false,,,,,"[""hinglish""]"
Tell me about pricing for dedicated support.,pricing,false,,,,v3 bulk pricing2,"[""standard"", ""pricing""]"
I've lost confidence in your platform after this incident.,complaint,true,,,,v3 esc hard pos,"[""escalation_positive""]"
Do I need to configure user permissions manually?,general_question,false,,,,bulk addition 4,"[""standard""]"
What are your business hours?,general_question,false,,,,general info question,"[""standard""]"
False alarm. Everything works. Sorry for the trouble.,technical_support,false,,,,v3 bulk esc-,"[""hard_negative_escalation"", ""resolution_state""]"
Mujhe training chahiye product ki. Kya facility hai?,product_question,false,,,,hinglish example,"[""hinglish""]"
Email delivery is delayed by hours.,technical_support,false,,,,technical issue,"[""standard"", ""technical""]"
Is phone support included?,pricing,false,,,,bulk addition 5,"[""standard""]"
How does backup work in your platform?,general_question,false,,,,v3 bulk gq,"[""standard""]"
aapka mobile app bahut heavy hai phone hang ho jata hai,technical_support,false,,,,,"[""hinglish""]"
What do I need to know about the integration wizard?,general_question,false,,,,v3 bulk gq,"[""standard""]"
my notifikashuns r not comin thru,technical_support,false,,,,bulk addition,"[""noisy""]"
ur platform is so confusin i dnt get it,general_question,false,,,,v3 bulk noisy3,"[""noisy""]"
Get me a human on the line immediately,human_request,true,,,,v3 confusion: human vs sales,"[""standard""]"
Mera password reset link expire ho gaya.,account_issue,false,,,,bulk addition 3,"[""hinglish""]"
Please do not call me. Email the details instead.,general_question,false,,,,escalation hard negative,"[""hard_negative_escalation""]"
I need both technical support and a refund,refund,true,,,,v3 multi-intent,"[""multi_intent""]"
Mujhe lagta hai ki aapne mujhe dhoka diya.,complaint,false,,,,hinglish complaint,"[""hinglish""]"
file preview is causing errors in my workflow.,technical_support,false,,,,v3 bulk tech2,"[""standard"", ""technical""]"
Premium plan ka price kya hai?,pricing,false,,,,hinglish example,"[""hinglish""]"
You promised X but delivered Y. False advertising.,complaint,false,,,,general complaint,"[""standard"", ""complaint""]"
mujhe aapki service ka test drive lena hai,sales,false,,,,,"[""hinglish""]"
Is tax included in the price?,pricing,false,,,,pricing question,"[""standard"", ""pricing""]"
How do I set up account recovery?,general_question,false,,,,v3 bulk gq2,"[""standard""]"
Can I delete my data permanently?,general_question,false,,,,bulk addition,"[""standard""]"
No follow up required. I was just giving a heads up.,general_question,false,,,,v3 bulk esc-,"[""hard_negative_escalation""]"
Do you have a dedicated IP option?,product_question,false,,,,bulk addition 3,"[""standard""]"
You have exposed my personal data due to this security flaw.,account_issue,true,,,,v3 bulk esc+,"[""escalation_positive""]"
No escalation warranted. Simple inquiry.,general_question,false,,,,v3 esc hard neg,"[""hard_negative_escalation""]"
How does dashboard widgets affect my account?,general_question,false,,,,v3 bulk gq2,"[""standard""]"
My workflow automation is broken after the latest update.,technical_support,false,,,,v3 bulk tech,"[""standard"", ""technical""]"
This is extremely frustrating.,complaint,false,,,,general complaint,"[""standard"", ""complaint""]"
Can I speak to a manager?,human_request,true,,,,human request,"[""escalation_positive"", ""human_request""]"
i cnt login to my admin pannel,account_issue,false,,,,v3 bulk noisy,"[""noisy""]"
Is VAT included in your pricing?,pricing,false,,,,v3 balance,"[""standard""]"
Help me with login and also tell me about premium features.,account_issue,false,,,,v3 bulk multi,"[""multi_intent""]"
Do you offer different pricing tiers for team collaboration?,pricing,false,,,,v3 bulk pricing2,"[""standard"", ""pricing""]"
Payment to gayi lekin account mein nahi aayi.,technical_support,true,,,,bulk addition 2,"[""hinglish""]"
i dnt no how 2 us this app its hard,general_question,false,,,,bulk addition 3,"[""noisy""]"
This is not a complaint. This is constructive feedback.,other,false,,,,v3 bulk negation,"[""negation""]"
Can I create custom fields?,product_question,false,,,,product feature question,"[""standard""]"
Your API is poorly designed and always breaks,complaint,false,,,,v3 bulk confusion,"[""standard""]"
What is the purpose of activity logs?,general_question,false,,,,v3 bulk gq2,"[""standard""]"
ur app is crashing repeatedly fix it plz,technical_support,false,,,,v3 bulk noisy3,"[""noisy""]"
I'm locked out of my account and I want compensation.,account_issue,true,,,,multi-intent example,"[""multi_intent""]"
mujhe aapke software ke bare mein bataye,general_question,false,,,,,"[""hinglish""]"
Zero stars. Kisi ko recommend nahi karunga.,complaint,false,,,,hinglish complaint,"[""hinglish""]"
Is the API available in all plans?,general_question,false,,,,bulk addition 4,"[""standard""]"
Do you offer a product tour?,product_question,false,,,,v3 balance,"[""standard""]"
i cnt find the log out buton lol,other,false,,,,bulk addition 3,"[""noisy""]"
I was upset but your team fixed everything. All good now.,complaint,false,,,,v3 bulk resolution,"[""resolution_state""]"
i cnt figur the new updat layout,general_question,false,,,,v4 noisy,"[""noisy""]"
I demand my money back for the unused months.,refund,true,,,,bulk addition,"[""standard""]"
You have lost my trust completely.,complaint,false,,,,general complaint,"[""standard"", ""complaint""]"
Can I get a walkthrough of the enterprise features?,sales,false,,,,purchase intent,"[""standard"", ""sales""]"
the search buton is not doin anything,technical_support,false,,,,v3 bulk noisy,"[""noisy""]"
Do I pay extra for premium support?,pricing,false,,,,v3 bulk pricing,"[""standard"", ""pricing""]"
Is there a community for users?,general_question,false,,,,bulk addition,"[""standard""]"
I'm interested in buying but your site keeps crashing.,sales,false,,,,multi-intent example,"[""multi_intent""]"
I'm authorized to make purchase decisions for my team.,sales,false,,,,purchase intent,"[""standard"", ""sales""]"
How much for enterprise?,pricing,false,,,,pricing question,"[""standard"", ""pricing""]"
What is your uptime guarantee?,general_question,false,,,,general info question,"[""standard""]"
Random message ignore please,other,false,,,,other / off-topic,"[""standard"", ""other""]"
What are the benefits of email notifications?,general_question,false,,,,v3 bulk gq,"[""standard""]"
My webhooks are returning 503 errors.,technical_support,false,,,,technical issue,"[""standard"", ""technical""]"
aap mujhe call karo main samjhaunga,human_request,true,,,,,"[""hinglish""]"
I'm not going to explain this to another bot. Human now.,human_request,true,,,,v3 balance,"[""standard""]"
Can I integrate with Jira?,product_question,false,,,,bulk addition,"[""standard""]"
Mera refund aa gaya. Sab theek hai.,refund,false,,,,v3 resolution hinglish,"[""resolution_state"", ""hinglish""]"
Two saal ka plan kitna hai?,pricing,false,,,,hinglish pricing,"[""hinglish""]"
Upgrade my account to premium right now.,sales,false,,,,v3 bulk infoact,"[""standard""]"
Meri team ke liye separate workspace chahiye.,sales,false,,,,hinglish example,"[""hinglish""]"
Do I need to configure the API manually?,general_question,false,,,,bulk addition 4,"[""standard""]"
I was upset but I don't need anyone to reach out.,complaint,false,,,,bulk addition,"[""hard_negative_escalation""]"
Can you help me fix My workflow automation?,technical_support,false,,,,bulk addition 4,"[""standard""]"
I understand now. No need to call me.,general_question,false,,,,bulk addition 2,"[""hard_negative_escalation""]"
the color picker is giving me trouble.,technical_support,false,,,,v3 bulk tech3,"[""standard"", ""technical""]"
my paymnt got dedctd twice,refund,true,,,,v3 noisy,"[""noisy""]"
i cnt login since ystrday hlp,account_issue,true,,,,v3 noisy,"[""noisy""]"
Excellent support!,other,false,,,,v4 short,"[""standard""]"
I'm tired of your broken promises.,complaint,false,,,,bulk addition,"[""standard""]"
aapne mujhe double charge kiya hai immediately refund karo,refund,true,,,,,"[""hinglish""]"
Please do NOT transfer me to anyone. I just want an answer.,general_question,false,,,,v3 esc hard neg,"[""hard_negative_escalation""]"
The data filtering feature seems to be broken.,technical_support,false,,,,v3 bulk tech2,"[""standard"", ""technical""]"
file preview is malfunctioning.,technical_support,false,,,,v3 bulk tech2,"[""standard"", ""technical""]"
Can I brand the customer portal?,product_question,false,,,,bulk addition,"[""standard""]"
Cancel my subscription and tell me about your other products,refund,false,,,,v3 multi-intent,"[""multi_intent""]"
I want to upgrade but I also have a billing question.,sales,false,,,,bulk addition,"[""multi_intent""]"
u guyz charge too much,pricing,false,,,,spelling/noisy text,"[""noisy""]"
mera API limit exceed ho gaya hai increase karo,sales,false,,,,,"[""hinglish""]"
What are the benefits of the integration wizard?,general_question,false,,,,bulk addition 4,"[""standard""]"
Are there tax implications I should know about?,pricing,false,,,,bulk addition,"[""standard""]"
mera invoice download kaise kare,general_question,false,,,,,"[""hinglish""]"
Do you offer different pricing tiers for data storage?,pricing,false,,,,v3 bulk pricing2,"[""standard"", ""pricing""]"
Do you prorate charges?,pricing,false,,,,bulk addition,"[""standard""]"
Can I get a demo before purchasing?,sales,false,,,,purchase intent,"[""standard"", ""sales""]"
How long does it take to set up the template system?,general_question,false,,,,v3 bulk gq,"[""standard""]"
Mujhe sales team se baat karni hai.,sales,false,,,,confusion pair example,"[""confusion_pair""]"
I'm leaving your platform and I want everyone to know why.,complaint,false,,,,bulk addition 2,"[""multi_intent""]"
Mera account delete karo. Data export bhi karo.,general_question,false,,,,hinglish example,"[""hinglish""]"
The API endpoint stopped working suddenly.,technical_support,false,,,,bulk addition 4,"[""standard""]"
this sftware is usless,complaint,false,,,,spelling/noisy text,"[""noisy""]"
Everything is back to normal after the update.,technical_support,false,,,,v3 bulk resolution,"[""resolution_state""]"
i ws chargd the rong plan,pricing,true,,,,v3 noisy,"[""noisy""]"
I'm having trouble with The mobile app.,technical_support,false,,,,bulk addition 4,"[""standard""]"
I need a human to help me purchase,sales,false,,,,v3 multi-intent,"[""multi_intent""]"
The reporting dashboard is broken after the latest update.,technical_support,false,,,,bulk addition 4,"[""standard""]"
Do you support two-factor authentication?,product_question,false,,,,product feature question,"[""standard""]"
Is there a referral tracking system?,product_question,false,,,,product feature question,"[""standard""]"
How does activity logs affect my account?,general_question,false,,,,v3 bulk gq2,"[""standard""]"
Team mein naye members add karne hain.,sales,false,,,,bulk addition 5,"[""hinglish""]"
What reporting options are available?,general_question,false,,,,general info question,"[""standard""]"
Bahut important hai. Please jaldi help karo.,general_question,true,,,,escalation hard positive,"[""escalation_positive"", ""hard_positive""]"
aapne mujhe refund ka promise kiya tha but nahi diya,refund,true,,,,v3 bulk hinglish,"[""hinglish""]"
kya aap WhatsApp support dete ho,general_question,false,,,,,"[""hinglish""]"
Mera data export kar do. Mai switch kar raha hu.,general_question,false,,,,bulk addition 3,"[""hinglish""]"
I need to upgrade my plan but my payment method is failing.,sales,true,,,,v3 bulk multi,"[""multi_intent""]"
My custom fields are not appearing on the ticket form.,technical_support,false,,,,bulk addition,"[""standard""]"
Hi I am writing because I have a very urgent issue. I am about to give a demo to a potential client in 2 hours and your platform just went down. I cannot access any of my data and I have no idea what to show the client. This is extremely embarrassing for me and potentially a lost business opportunity. I need this fixed immediately. My entire presentation depends on your platform working. Please please help me as soon as possible. This is time critical.,technical_support,true,,,,long message,"[""long""]"
Is my data secure with you?,general_question,false,,,,general info question,"[""standard""]"
How do I reset my password?,general_question,false,,,,v3 confusion: general vs tech,"[""standard""]"
The File upload feature is causing errors.,technical_support,false,,,,bulk addition 4,"[""standard""]"
Does the mobile app support push notifications?,product_question,false,,,,bulk addition,"[""standard""]"
Is there a widget for my website?,product_question,false,,,,bulk addition,"[""standard""]"
Email delivery is not working.,technical_support,false,,,,v3 bulk tech,"[""standard"", ""technical""]"
Can I see a detailed pricing breakdown?,pricing,false,,,,pricing question,"[""standard"", ""pricing""]"
I want to complain and also get a refund for poor service.,refund,true,,,,v3 bulk multi,"[""multi_intent""]"
I'm switching from a competitor. Help me set up my account.,sales,false,,,,v3 confusion: pricing vs sales,"[""standard""]"
Is white labeling included in the base price?,pricing,false,,,,bulk addition 4,"[""standard""]"
Please start my subscription today.,sales,false,,,,purchase intent,"[""standard"", ""sales""]"
my acount got hakd help me plz,account_issue,true,,,,bulk addition,"[""noisy""]"
The calendar sync is showing incorrect data.,technical_support,false,,,,bulk addition 4,"[""standard""]"
aapka dashboard mere browser mein sahi load nahi ho raha,technical_support,false,,,,v3 bulk hinglish,"[""hinglish""]"
Email notifications are going to spam.,technical_support,false,,,,technical issue,"[""standard"", ""technical""]"
I'm entitled to a full refund under your policy.,refund,true,,,,refund demand,"[""escalation_positive"", ""refund""]"
Someone else's data is appearing in my dashboard,account_issue,true,,,,v3 confusion: account vs tech,"[""standard""]"
This is more urgent than my previous messages indicate.,technical_support,true,,,,v3 bulk esc+,"[""escalation_positive""]"
Can I transfer my account to someone else?,general_question,false,,,,general info question,"[""standard""]"
Is there a way to profile visibility?,general_question,false,,,,v3 bulk gq2,"[""standard""]"
pls help me my billing is rong,pricing,false,,,,v3 bulk noisy,"[""noisy""]"
I want to cancel and get my money back right now.,refund,true,,,,refund demand,"[""escalation_positive"", ""refund""]"
Mujhe manager se baat karni hai.,human_request,true,,,,hinglish human request,"[""hinglish"", ""escalation_positive"", ""human_request""]"
i cnt figur out this app at all,general_question,false,,,,v3 bulk noisy,"[""noisy""]"
What are the costs associated with data migration?,pricing,false,,,,v3 bulk pricing2,"[""standard"", ""pricing""]"
How do I set up user invitations?,general_question,false,,,,v3 bulk gq2,"[""standard""]"
I'm having trouble with The API endpoint.,technical_support,false,,,,v3 bulk tech,"[""standard"", ""technical""]"
i dnt understand the pricin,pricing,false,,,,v3 noisy,"[""noisy""]"
mujhe aapke software ke saath Google Sheets sync chahiye,product_question,false,,,,v3 bulk hinglish3,"[""hinglish""]"
Mujhe annual plan lena hai. Discount do.,sales,false,,,,hinglish example,"[""hinglish""]"
You owe me a refund for the last billing cycle.,refund,true,,,,refund demand,"[""escalation_positive"", ""refund""]"
Aapki website down hai kya?,general_question,false,,,,general info question,"[""standard""]"
the search filter has a bug that needs fixing.,technical_support,false,,,,v3 bulk tech3,"[""standard"", ""technical""]"
Can you explain real-time sync?,general_question,false,,,,bulk addition 4,"[""standard""]"
Is the enterprise add-on included in the base price?,pricing,false,,,,bulk addition 4,"[""standard""]"
Mujhe technical support chahiye aur refund bhi.,refund,true,,,,v3 bulk multi hinglish,"[""multi_intent"", ""hinglish""]"
How long does it take to set up email notifications?,general_question,false,,,,bulk addition 4,"[""standard""]"
Is there a number I can call to speak to someone?,human_request,true,,,,human request,"[""escalation_positive"", ""human_request""]"
Can I create custom ticket statuses?,product_question,false,,,,bulk addition,"[""standard""]"
Mobile SDK provide karte ho aap?,product_question,false,,,,hinglish product question,"[""hinglish""]"
This is a compliance issue that needs urgent review.,technical_support,true,,,,bulk addition 2,"[""escalation_positive""]"
Your export function is a complete disaster,complaint,false,,,,v3 confusion: tech vs complaint,"[""standard""]"
real-time updates is malfunctioning.,technical_support,false,,,,v3 bulk tech2,"[""standard"", ""technical""]"
Nobody needs to follow up with me. I'm all set.,general_question,false,,,,v3 negation,"[""negation""]"
aapki team ka response time bahut slow hai improve karo,complaint,false,,,,v3 bulk hinglish,"[""hinglish""]"
This is a complaint about my account but also a refund request.,refund,true,,,,bulk addition 2,"[""multi_intent""]"
I get an error when using The API endpoint.,technical_support,false,,,,bulk addition 4,"[""standard""]"
My workflow automation is showing incorrect data.,technical_support,false,,,,bulk addition 4,"[""standard""]"
apka service kya hai?,general_question,false,,,,general info question,"[""standard""]"
How do I configure payment methods?,general_question,false,,,,v3 bulk gq3,"[""standard""]"
I feel misled by your sales team's promises.,complaint,false,,,,v3 balance,"[""standard""]"
I want to buy but first help me understand the pricing,pricing,false,,,,v3 multi-intent,"[""multi_intent""]"
How do I configure file organization?,general_question,false,,,,v3 bulk gq3,"[""standard""]"
Can the dashboard be disabled?,general_question,false,,,,bulk addition 4,"[""standard""]"
How long does it take to set up backup?,general_question,false,,,,bulk addition 4,"[""standard""]"
Nobody from your team needs to follow up. I'm all set.,general_question,false,,,,v3 esc hard neg,"[""hard_negative_escalation""]"
I am unable to use the attachment preview correctly.,technical_support,false,,,,v3 bulk tech3,"[""standard"", ""technical""]"
I'm having trouble with The backup system.,technical_support,false,,,,v3 bulk tech,"[""standard"", ""technical""]"
I don't need anyone to reach out. Just acknowledge my message.,general_question,false,,,,v3 esc hard neg,"[""hard_negative_escalation""]"
Email delivery is delayed by 6 hours.,technical_support,false,,,,bulk addition 3,"[""standard""]"
I already fixed it. No human needed.,technical_support,false,,,,bulk addition 5,"[""hard_negative_escalation""]"
Main AI features ke baare mein jaanna chahta hu.,product_question,false,,,,hinglish example,"[""hinglish""]"
i accidently deletd my accunt,account_issue,true,,,,v3 noisy,"[""noisy""]"
Maine support ticket khola but koi reply nahi.,technical_support,true,,,,bulk addition 3,"[""hinglish""]"
Your platform is unreliable and frustrating.,complaint,false,,,,general complaint,"[""standard"", ""complaint""]"
I don't need further assistance. Issue is resolved.,technical_support,false,,,,v3 resolution,"[""resolution_state""]"
aapki app ka backup feature kaise kaam karta hai,product_question,false,,,,v3 bulk hinglish3,"[""hinglish""]"
I'm going to miss my project deadline because of your downtime.,technical_support,true,,,,v3 esc hard pos,"[""escalation_positive""]"
I want to discuss my requirements with a salesperson,sales,false,,,,v4 confusion,"[""confusion_pair""]"
Don't worry about this. I'll figure it out myself.,general_question,false,,,,v3 bulk esc-,"[""hard_negative_escalation""]"
It's not that serious. Just answer when you get a chance.,general_question,false,,,,v3 bulk esc-,"[""hard_negative_escalation""]"
i cant log in to my accunt,account_issue,false,,,,spelling/noisy text,"[""noisy""]"
Nice,other,false,,,,other / off-topic,"[""standard"", ""other""]"
What are the benefits of the workflow builder?,general_question,false,,,,v3 bulk gq,"[""standard""]"
i cnt figur out hw 2 reset passwrd,account_issue,false,,,,v3 noisy,"[""noisy""]"
Aap log customer ki value nahi karte.,complaint,false,,,,hinglish complaint,"[""hinglish""]"
I am completely dissatisfied. Give my money back.,refund,true,,,,confusion pair example,"[""confusion_pair""]"
My refund request has been pending for a week.,refund,true,,,,refund demand,"[""escalation_positive"", ""refund""]"
How do I set up email forwarding?,general_question,false,,,,general info question,"[""standard""]"
Aapki onboarding process bahut complicated hai.,complaint,false,,,,hinglish example,"[""hinglish""]"
This is not a support request. It's a suggestion.,other,false,,,,v3 negation,"[""negation""]"
aapke server down hain kya,technical_support,true,,,,,"[""hinglish""]"
Can I export reports in PDF?,product_question,false,,,,product feature question,"[""standard""]"
The notification system is showing incorrect data.,technical_support,false,,,,v3 bulk tech,"[""standard"", ""technical""]"
Overcharged,pricing,true,,,,very short message,[]
I want my money back.,refund,true,,,,refund demand,"[""escalation_positive"", ""refund""]"
Your service is amazing but expensive. Any discounts?,pricing,false,,,,bulk addition,"[""multi_intent""]"
mera API access enable karo,sales,false,,,,v3 bulk hinglish,"[""hinglish""]"
You lost my trust. I'm leaving bad reviews everywhere.,complaint,true,,,,bulk addition 2,"[""standard""]"
What is the purpose of notification preferences?,general_question,false,,,,v3 bulk gq2,"[""standard""]"
Can two-factor authentication be disabled?,general_question,false,,,,bulk addition 4,"[""standard""]"
Is two-factor authentication available in all plans?,general_question,false,,,,bulk addition 4,"[""standard""]"
What's the cheapest option?,pricing,false,,,,pricing question,"[""standard"", ""pricing""]"
This is the worst customer experience I've had.,complaint,false,,,,general complaint,"[""standard"", ""complaint""]"
What is the cost of dedicated server?,pricing,false,,,,v3 bulk pricing,"[""standard"", ""pricing""]"
I complained earlier but the matter is resolved now.,complaint,false,,,,v3 resolution,"[""resolution_state""]"
mera account ka notification sound kaam nahi kar raha,technical_support,false,,,,v3 bulk hinglish3,"[""hinglish""]"
Please activate my premium trial for evaluation.,sales,false,,,,bulk addition,"[""standard""]"
The API endpoint is not loading properly.,technical_support,false,,,,bulk addition 4,"[""standard""]"
aapne mujhe galat features ka price bata diya,pricing,false,,,,v3 bulk hinglish,"[""hinglish""]"
I'm requesting a full refund due to service issues.,refund,true,,,,refund demand,"[""escalation_positive"", ""refund""]"
There is a critical bug in the payment module that needs fixing,technical_support,true,,,,v3 confusion: tech vs complaint,"[""standard""]"
aapki app ne mera data corrupt kar diya,technical_support,true,,,,,"[""hinglish""]"
my teammates cnt acess the folder i shared,technical_support,false,,,,v3 bulk noisy,"[""noisy""]"
Tell me more about security features.,product_question,false,,,,v3 info vs action,"[""standard""]"
aapne mujhe double charge kiya tha lekin ab refund kar diya,refund,false,,,,v4 hinglish,"[""hinglish"", ""resolution_state""]"
Mujhe human se baat karni hai.,human_request,true,,,,hinglish example,"[""hinglish""]"
I'm having trouble with Data export.,technical_support,false,,,,bulk addition 4,"[""standard""]"
What do I need to know about the reporting module?,general_question,false,,,,bulk addition 4,"[""standard""]"
The drag and drop editor stopped working suddenly.,technical_support,false,,,,bulk addition 4,"[""standard""]"
Aapki app bahut storage le rahi hai phone mein.,technical_support,false,,,,bulk addition 2,"[""hinglish""]"
Mujhe refund aur technical support dono chahiye.,refund,true,,,,bulk addition 2,"[""multi_intent""]"
Just saying thank you.,other,false,,,,bulk addition,"[""standard""]"
Your company's standards have dropped badly.,complaint,false,,,,general complaint,"[""standard"", ""complaint""]"
Having issues with dashboard export.,technical_support,false,,,,v3 bulk tech2,"[""standard"", ""technical""]"
The bulk editor is broken after the latest update.,technical_support,false,,,,v3 bulk tech,"[""standard"", ""technical""]"
Where can I find documentation about the template system?,general_question,false,,,,bulk addition 4,"[""standard""]"
Your platform went down during my live presentation.,technical_support,true,,,,v3 esc hard pos,"[""escalation_positive""]"
What is your cancellation policy?,general_question,false,,,,v3 bulk infoact,"[""standard""]"
can u help i m locked out of my acount,account_issue,true,,,,bulk addition 2,"[""noisy""]"
Aapki website bahut slow hai. Improve karo.,technical_support,false,,,,bulk addition 2,"[""hinglish""]"
Is there a way to team permissions?,general_question,false,,,,v3 bulk gq2,"[""standard""]"
Where can I find documentation about the dashboard?,general_question,false,,,,v3 bulk gq,"[""standard""]"
Mujhe aapke product features nahi dikh rahe.,product_question,false,,,,bulk addition 2,"[""hinglish""]"
Do not escalate. I am happy with the solution provided.,general_question,false,,,,v3 esc hard neg,"[""hard_negative_escalation"", ""resolution_state""]"
Nobody needs to contact me. I just have a question.,general_question,false,,,,escalation hard negative,"[""hard_negative_escalation""]"
Jhutha advertisement hai aapka.,complaint,false,,,,hinglish complaint,"[""hinglish""]"
can u tel me the price of ur premium plan plz,pricing,false,,,,bulk addition,"[""noisy""]"
Can I integrate with Microsoft Teams?,product_question,false,,,,v3 balance,"[""standard""]"
I already fixed the problem. No further assistance needed.,technical_support,false,,,,v3 bulk esc-,"[""hard_negative_escalation"", ""resolution_state""]"
Team add karne ka option kahan hai?,product_question,false,,,,bulk addition 3,"[""hinglish""]"
Can I prepay for a year and get a discount?,pricing,false,,,,pricing question,"[""standard"", ""pricing""]"
I need senior management to intervene in this matter.,human_request,true,,,,bulk addition,"[""escalation_positive""]"
Not complaining just observing.,complaint,false,,,,bulk addition 2,"[""hard_negative_escalation""]"
Kya mai apna plan downgrade kar sakta hu?,pricing,false,,,,hinglish example,"[""hinglish""]"
Need human urgently.,human_request,true,,,,v4 short,"[""standard""]"
Team plan ka quote do?,pricing,false,,,,hinglish pricing,"[""hinglish""]"
I'm not going to stop until this is fixed properly.,complaint,true,,,,bulk addition 2,"[""escalation_positive""]"
Can I customize profile visibility?,general_question,false,,,,v3 bulk gq2,"[""standard""]"
Is there a tutorial for real-time sync?,general_question,false,,,,v3 bulk gq,"[""standard""]"
aapne mujhe galat plan recommend kiya tha,complaint,false,,,,v3 bulk hinglish3,"[""hinglish""]"
The drag and drop editor is not working.,technical_support,false,,,,bulk addition 4,"[""standard""]"
No need to apologize. Just fix the problem.,technical_support,false,,,,v3 bulk negation,"[""negation""]"
Cannot resize columns in the data table.,technical_support,false,,,,bulk addition 3,"[""standard""]"
my workflo is not runing,technical_support,false,,,,v3 noisy,"[""noisy""]"
Aapke product ne mera time waste kiya.,complaint,false,,,,hinglish complaint,"[""hinglish""]"
Can you help me fix Data export?,technical_support,false,,,,bulk addition 4,"[""standard""]"
the dashbord loadz forever,technical_support,false,,,,v4 noisy,"[""noisy""]"
pls help my accnt has been suspndd unfairly,account_issue,true,,,,v3 bulk noisy3,"[""noisy""]"
mera plan renewal ka reminder bhejo,general_question,false,,,,v3 bulk hinglish3,"[""hinglish""]"
The drag and drop editor keeps failing.,technical_support,false,,,,bulk addition 4,"[""standard""]"
Please start our enterprise trial with sales.,sales,false,,,,purchase intent,"[""standard"", ""sales""]"
Where can I find documentation about billing?,general_question,false,,,,v3 bulk gq,"[""standard""]"
My data export keeps failing with no error message,technical_support,false,,,,v3 bulk confusion,"[""standard""]"
mera account ka status check karo,account_issue,false,,,,,"[""hinglish""]"
My account was accessed without my knowledge or consent.,account_issue,true,,,,v3 bulk esc+,"[""escalation_positive""]"
The search bar is not working.,technical_support,false,,,,v3 bulk tech,"[""standard"", ""technical""]"
Mujhe enterprise plan ka quote chahiye,pricing,false,,,,hinglish pricing,"[""hinglish""]"
Please connect me to a live support person.,human_request,true,,,,human request,"[""escalation_positive"", ""human_request""]"
What's 2+2?,other,false,,,,other / off-topic,"[""standard"", ""other""]"
Is your platform accessible for users with disabilities?,general_question,false,,,,v3 balance,"[""standard""]"
mera account ka 2FA setup nahi ho raha,account_issue,false,,,,v3 bulk hinglish,"[""hinglish""]"
account kaise delete kare?,general_question,false,,,,general info question,"[""standard""]"
How does the calendar sync work in your platform?,general_question,false,,,,v3 bulk gq,"[""standard""]"
This is a complete waste of money.,complaint,false,,,,general complaint,"[""standard"", ""complaint""]"
I am very unhappy with the recent changes.,complaint,false,,,,bulk addition 5,"[""standard""]"
aapka software mere system pe nahi chal raha,technical_support,false,,,,,"[""hinglish""]"
report scheduling is causing errors in my workflow.,technical_support,false,,,,v3 bulk tech2,"[""standard"", ""technical""]"
Can the reporting module be disabled?,general_question,false,,,,bulk addition 4,"[""standard""]"
I expected way better for the price I'm paying.,complaint,false,,,,general complaint,"[""standard"", ""complaint""]"
The reporting dashboard is broken after the latest update.,technical_support,false,,,,v3 bulk tech,"[""standard"", ""technical""]"
How is API calls priced?,pricing,false,,,,v3 bulk pricing2,"[""standard"", ""pricing""]"
The drag and drop editor is not loading properly.,technical_support,false,,,,v3 bulk tech,"[""standard"", ""technical""]"
NGO discount milta hai kya?,pricing,false,,,,hinglish pricing,"[""hinglish""]"
my notifcations arnt workin,technical_support,false,,,,v3 noisy,"[""noisy""]"
The reporting dashboard stopped working suddenly.,technical_support,false,,,,bulk addition 4,"[""standard""]"
How do I set up export options?,general_question,false,,,,v3 bulk gq2,"[""standard""]"
hw do i add team membrs to my workspace,general_question,false,,,,v3 bulk noisy,"[""noisy""]"
ur websit is not loadin on my fone,technical_support,false,,,,bulk addition 2,"[""noisy""]"
Having issues with ticket routing.,technical_support,false,,,,v3 bulk tech2,"[""standard"", ""technical""]"
I'd rather speak to someone on the phone.,human_request,true,,,,human request,"[""escalation_positive"", ""human_request""]"
My account shows as inactive even though I paid,account_issue,true,,,,v3 confusion: account vs tech,"[""standard""]"
I need a person to help me with this,human_request,true,,,,v3 bulk confusion,"[""standard""]"
Don't take any action. I was just thinking out loud.,general_question,false,,,,v3 bulk esc-,"[""hard_negative_escalation""]"
What are the benefits of the reporting module?,general_question,false,,,,bulk addition 4,"[""standard""]"
I appreciate your support team's effort.,other,false,,,,v3 balance,"[""standard""]"
I'm having trouble with The PDF export.,technical_support,false,,,,v3 bulk tech,"[""standard"", ""technical""]"
Activate premium support for my account now.,sales,false,,,,v3 bulk infoact,"[""standard""]"
Having issues with data filtering.,technical_support,false,,,,v3 bulk tech2,"[""standard"", ""technical""]"
mujhe aapki service ka live demo chahiye,sales,false,,,,v3 bulk hinglish,"[""hinglish""]"
"After the update, everything started working fine.",technical_support,false,,,,v3 resolution,"[""resolution_state""]"
How long does it take to set up user permissions?,general_question,false,,,,v3 bulk gq,"[""standard""]"
cn u call me pls,human_request,true,,,,v3 noisy,"[""noisy""]"
maine 2 bar pay kar diya ek refund karo,refund,true,,,,,"[""hinglish""]"
Hi,other,false,,,,very short message,[]
kya aapke yaha COD available hai,pricing,false,,,,,"[""hinglish""]"
I have an account issue and it's making me very angry,account_issue,false,,,,v3 multi-intent,"[""multi_intent""]"
I've been dealing with the bot for too long. Human please.,human_request,true,,,,human request,"[""escalation_positive"", ""human_request""]"
I get an error when using The reporting dashboard.,technical_support,false,,,,bulk addition 4,"[""standard""]"
What are the benefits of real-time sync?,general_question,false,,,,bulk addition 4,"[""standard""]"
How much for the enterprise add-on?,pricing,false,,,,v3 bulk pricing,"[""standard"", ""pricing""]"
Are you selling this or just providing information?,general_question,false,,,,bulk addition,"[""confusion_pair""]"
Price?,pricing,false,,,,v4 short,"[""standard""]"
aap kya karte ho exactly?,general_question,false,,,,hinglish general question,"[""hinglish""]"
Is your product good? Tell me honestly.,general_question,false,,,,bulk addition 3,"[""confusion_pair""]"
Can someone help me with my account? Also what plans do you have?,account_issue,false,,,,v3 bulk multi,"[""multi_intent""]"
I'd like to place an order for the team plan.,sales,false,,,,purchase intent,"[""standard"", ""sales""]"
What features are in the enterprise tier?,product_question,false,,,,product feature question,"[""standard""]"
i am not able to acces my acc,account_issue,false,,,,v3 noisy,"[""noisy""]"
This platform is not ready for prime time.,complaint,false,,,,bulk addition,"[""standard""]"
Pro plan ke liye sign up karo.,sales,false,,,,hinglish sales,"[""hinglish""]"
You made my day!,other,false,,,,bulk addition,"[""standard""]"
I need billing help and also want to change my plan.,pricing,false,,,,v3 bulk multi,"[""multi_intent""]"
Is the dashboard available in all plans?,general_question,false,,,,bulk addition 4,"[""standard""]"
aapne mera plan upgrade kyun nahi kiya,account_issue,true,,,,v4 hinglish,"[""hinglish""]"
I want to talk to a human about my refund.,refund,true,,,,multi-intent example,"[""multi_intent""]"
Refund my payment or I'll report you.,refund,true,,,,refund demand,"[""escalation_positive"", ""refund""]"
Can the import tool be disabled?,general_question,false,,,,bulk addition 4,"[""standard""]"
the template editor has a bug that needs fixing.,technical_support,false,,,,v3 bulk tech3,"[""standard"", ""technical""]"
ur bot is so stupd i need a real person,human_request,true,,,,bulk addition 5,"[""noisy""]"
Is real-time sync available in all plans?,general_question,false,,,,bulk addition 4,"[""standard""]"
mera payment fail ho gaya but paisa kat liya,technical_support,true,,,,,"[""hinglish""]"
i m very angy about the billing issue refund now,refund,true,,,,v3 bulk noisy,"[""noisy""]"
i want 2 talk 2 a human now stop the bot,human_request,true,,,,v3 bulk noisy3,"[""noisy""]"
Email delivery is not loading properly.,technical_support,false,,,,bulk addition 4,"[""standard""]"
How does your error handling work?,general_question,false,,,,v3 bulk confusion,"[""standard""]"
Cancel my account now.,sales,false,,,,v3 info vs action,"[""standard""]"
my reportz r not comin out ryt,technical_support,false,,,,bulk addition 3,"[""noisy""]"
refund chahiye,refund,true,,,,,"[""hinglish""]"
I demand a refund for services not rendered.,refund,true,,,,v3 balance,"[""standard""]"
aapki service ka SLA kya hai,general_question,false,,,,v3 bulk hinglish,"[""hinglish""]"
aapne mera account suspend kar diya kyun,account_issue,true,,,,,"[""hinglish""]"
How long does it take to set up file sharing?,general_question,false,,,,v3 bulk gq,"[""standard""]"
Not a support ticket. This is a suggestion.,other,false,,,,v4 negation,"[""negation""]"
You guys have gone downhill significantly.,complaint,false,,,,bulk addition 3,"[""standard""]"
I get an error when using My workflow automation.,technical_support,false,,,,bulk addition 4,"[""standard""]"
Can I get an enterprise quote?,pricing,false,,,,pricing question,"[""standard"", ""pricing""]"
Can I customize accessibility options?,general_question,false,,,,v3 bulk gq2,"[""standard""]"
I'm angry about the price increase and I want options.,pricing,false,,,,v3 bulk multi,"[""multi_intent""]"
Please do not call me. Just fix the issue silently.,technical_support,false,,,,bulk addition,"[""hard_negative_escalation""]"
Switch me to the enterprise plan immediately.,sales,false,,,,v3 info vs action,"[""standard""]"
Is end-to-end encryption available in the basic plan?,product_question,false,,,,v3 confusion: product vs general,"[""standard""]"
my invoice is rong pls fix,pricing,false,,,,v3 bulk noisy,"[""noisy""]"
I get an error when using The CSV importer.,technical_support,false,,,,bulk addition 4,"[""standard""]"
The CSV import keeps failing at row 50.,technical_support,false,,,,technical issue,"[""standard"", ""technical""]"
Can't log in after the latest update.,account_issue,false,,,,bulk addition 3,"[""standard""]"
The patch you sent fixed the issue. Thank you!,technical_support,false,,,,v3 bulk resolution,"[""resolution_state""]"
ur support team never replys on time,complaint,false,,,,v3 bulk noisy,"[""noisy""]"
Is there a tutorial for the API?,general_question,false,,,,bulk addition 4,"[""standard""]"
aapne mera account ka plan downgrade kyun kiya,account_issue,true,,,,v3 bulk hinglish,"[""hinglish""]"
Is there a Gantt chart view?,product_question,false,,,,v3 balance,"[""standard""]"
i wnt to chnge my plan but cnt,sales,false,,,,v4 noisy,"[""noisy""]"
The mobile app is showing incorrect data.,technical_support,false,,,,v3 bulk tech,"[""standard"", ""technical""]"
I need a walkthrough from the sales engineering team,sales,false,,,,v3 confusion: human vs sales,"[""standard""]"
My CSV import is failing with a generic error.,technical_support,false,,,,bulk addition,"[""standard""]"
Maine 10 baar call kiya koi nahi utha raha.,human_request,true,,,,escalation hard positive,"[""escalation_positive"", ""hard_positive""]"
the buton is not wrking,technical_support,false,,,,v3 noisy,"[""noisy""]"
Please don't send anyone to call me. I work night shifts.,general_question,false,,,,v3 esc hard neg,"[""hard_negative_escalation""]"
Payment issue and account lockout at the same time.,account_issue,true,,,,v3 bulk multi3,"[""multi_intent""]"
kya koi setup fee hai?,general_question,false,,,,hinglish general question,"[""hinglish""]"
The PDF export is showing incorrect data.,technical_support,false,,,,v3 bulk tech,"[""standard"", ""technical""]"
Don't take any action on my account. Just had a question.,general_question,false,,,,v3 bulk esc-3,"[""hard_negative_escalation""]"
The audit log stopped recording events.,technical_support,false,,,,bulk addition 2,"[""standard""]"
aapne mujhe wrong invoice bheja hai dobara bhejo,pricing,false,,,,v3 bulk hinglish3,"[""hinglish""]"
Do you support webhook integrations?,product_question,false,,,,product feature question,"[""standard""]"
Meri email notification band ho gayi.,technical_support,false,,,,bulk addition 2,"[""hinglish""]"
Aapne mujhe wrong plan charge kar diya.,pricing,true,,,,bulk addition 2,"[""hinglish""]"
This has financial reporting implications for our quarter close.,technical_support,true,,,,v3 bulk esc+,"[""escalation_positive""]"
Are there any transaction fees?,pricing,false,,,,pricing question,"[""standard"", ""pricing""]"
Price list bhej do?,pricing,false,,,,hinglish pricing,"[""hinglish""]"
i was chargd the rong plan,pricing,true,,,,spelling/noisy text,"[""noisy""]"
my teammates cnt join the workspac,account_issue,false,,,,v3 noisy,"[""noisy""]"
the list view is giving me trouble.,technical_support,false,,,,v3 bulk tech3,"[""standard"", ""technical""]"
Product khareedna hai. Kya process hai?,sales,false,,,,hinglish sales,"[""hinglish""]"
How do I configure team collaboration?,general_question,false,,,,v3 bulk gq3,"[""standard""]"
The application is consuming too much memory.,technical_support,false,,,,technical issue,"[""standard"", ""technical""]"
How much for priority support?,pricing,false,,,,v3 bulk pricing,"[""standard"", ""pricing""]"
This is a terrible product. Absolutely useless.,complaint,false,,,,confusion pair example,"[""confusion_pair""]"
The Email delivery feature is causing errors.,technical_support,false,,,,bulk addition 4,"[""standard""]"
Can you explain two-factor authentication?,general_question,false,,,,v3 bulk gq,"[""standard""]"
Process my refund now.,refund,true,,,,v3 info vs action,"[""standard""]"
the app keepz crashin wen i uplod,technical_support,false,,,,spelling/noisy text,"[""noisy""]"
How long does it take to set up the integration wizard?,general_question,false,,,,v3 bulk gq,"[""standard""]"
Can I customize account recovery?,general_question,false,,,,v3 bulk gq2,"[""standard""]"
i payd for premimum but got basic features,account_issue,true,,,,bulk addition 2,"[""noisy""]"
Mujhe aapki service se help chahiye aur price bhi puchhna hai.,general_question,false,,,,v3 bulk multi hinglish,"[""multi_intent"", ""hinglish""]"
How often do you release new features?,general_question,false,,,,v3 balance,"[""standard""]"
Can you explain the integration wizard?,general_question,false,,,,v3 bulk gq,"[""standard""]"
What is your company's privacy policy?,general_question,false,,,,bulk addition,"[""standard""]"
Please generate a proforma invoice for the team plan.,sales,false,,,,purchase intent,"[""standard"", ""sales""]"
my id is not verifide,account_issue,false,,,,v3 noisy,"[""noisy""]"
Support team kabhi respond nahi karti.,complaint,false,,,,hinglish complaint,"[""hinglish""]"
How does billing alerts affect my account?,general_question,false,,,,v3 bulk gq2,"[""standard""]"
the reports r not generatin since yesterdae,technical_support,false,,,,v3 bulk noisy,"[""noisy""]"
What do I need to know about user permissions?,general_question,false,,,,bulk addition 4,"[""standard""]"
aapne mujhe wrong features activate kiye hain,technical_support,false,,,,,"[""hinglish""]"
mujhe aapki service ke through bulk email bhejne hain,product_question,false,,,,v3 bulk hinglish3,"[""hinglish""]"
the app is frezzing everytim,technical_support,false,,,,spelling/noisy text,"[""noisy""]"
The auto-responder feature seems to be broken.,technical_support,false,,,,v3 bulk tech2,"[""standard"", ""technical""]"
How do I configure security options?,general_question,false,,,,v3 bulk gq3,"[""standard""]"
Not working,technical_support,false,,,,very short message,[]
Technical support needed but also tell me about pricing,technical_support,false,,,,v3 multi-intent,"[""multi_intent""]"
What should I know about usage reports?,general_question,false,,,,v3 bulk gq3,"[""standard""]"
How do analytics work?,general_question,false,,,,general info question,"[""standard""]"
my team cant log in since ystrday,account_issue,true,,,,v4 noisy,"[""noisy""]"
I want to buy the premium plan for my 10 person team.,sales,false,,,,bulk addition,"[""standard""]"
Can you tell me how to upgrade?,general_question,false,,,,v3 bulk infoact,"[""standard""]"
Search function kuch nahi dikha raha.,technical_support,false,,,,hinglish technical support,"[""hinglish""]"
Koi insaan se baat karao.,human_request,true,,,,hinglish human request,"[""hinglish"", ""escalation_positive"", ""human_request""]"
What should I know about team collaboration?,general_question,false,,,,v3 bulk gq3,"[""standard""]"
Mujhe demo chahiye purchase se pehle.,sales,false,,,,hinglish sales,"[""hinglish""]"
Is data backup included in the base price?,pricing,false,,,,v3 bulk pricing,"[""standard"", ""pricing""]"
Process my refund or I'm disputing with my card issuer.,refund,true,,,,bulk addition 2,"[""standard""]"
The login page keeps failing.,technical_support,false,,,,v3 bulk tech,"[""standard"", ""technical""]"
Maine upgrade kiya but features unlock nahi hue.,technical_support,false,,,,hinglish example,"[""hinglish""]"
Can I cancel anytime?,general_question,false,,,,general info question,"[""standard""]"
How much is the premium support add-on?,pricing,false,,,,bulk addition,"[""standard""]"
Can you help me fix The mobile app?,technical_support,false,,,,bulk addition 4,"[""standard""]"
Billed twice this month. Need immediate refund.,refund,true,,,,bulk addition 3,"[""standard""]"
I was angry but I've cooled down. Don't escalate.,complaint,false,,,,v3 bulk esc-,"[""hard_negative_escalation""]"
i forgat my pasword,account_issue,false,,,,spelling/noisy text,"[""noisy""]"
How do I configure usage reports?,general_question,false,,,,v3 bulk gq3,"[""standard""]"
Is there a tutorial for multi-factor auth?,general_question,false,,,,v3 bulk gq,"[""standard""]"
Does the premium plan support unlimited users?,product_question,false,,,,v3 confusion: product vs general,"[""standard""]"
I'll be in touch.,other,false,,,,bulk addition 3,"[""standard""]"
mera trial period extend karo,sales,false,,,,v3 bulk hinglish,"[""hinglish""]"
Can you explain content scheduling?,general_question,false,,,,v3 bulk gq,"[""standard""]"
i cnt updat my profil,account_issue,false,,,,v3 noisy,"[""noisy""]"
Please don't send anyone to my office. Just reply here.,general_question,false,,,,v3 bulk esc-,"[""hard_negative_escalation""]"
My workflow is broken and I'm losing business because of it.,technical_support,true,,,,v3 bulk multi,"[""multi_intent""]"
Any hidden charges I should know?,pricing,false,,,,bulk addition 3,"[""standard""]"
I get an error when using The webhook integration.,technical_support,false,,,,v3 bulk tech,"[""standard"", ""technical""]"
My account was hacked. Someone changed my password.,account_issue,false,,,,account issue,"[""standard"", ""account""]"
This needs to be treated as a P0 incident immediately.,technical_support,true,,,,v3 bulk esc+,"[""escalation_positive""]"
mujhe annual plan lena hai koi discount do,sales,false,,,,,"[""hinglish""]"
Can you explain the dashboard?,general_question,false,,,,v3 bulk gq,"[""standard""]"
Can you help me fix The API endpoint?,technical_support,false,,,,bulk addition 4,"[""standard""]"
I'm going to file a complaint with the BBB.,complaint,true,,,,bulk addition 3,"[""escalation_positive""]"
Can I control who sees what in my account?,general_question,false,,,,v3 confusion: product vs general,"[""standard""]"
I want a real person to help me buy this.,sales,false,,,,confusion pair example,"[""confusion_pair""]"
I don't want anyone to reach out. Just process my request.,general_question,false,,,,escalation hard negative,"[""hard_negative_escalation""]"
I want to talk to sales about custom requirements.,sales,false,,,,purchase intent,"[""standard"", ""sales""]"
The calendar integration stopped syncing events.,technical_support,false,,,,technical issue,"[""standard"", ""technical""]"
Help me,general_question,false,,,,very short message,[]
Do I pay extra for SSO integration?,pricing,false,,,,v3 bulk pricing,"[""standard"", ""pricing""]"
I need to update my business address on the account.,account_issue,false,,,,v3 balance,"[""standard""]"
That's all I needed. Thanks.,other,false,,,,bulk addition 3,"[""standard""]"
u guys chargd my card rong amount,refund,true,,,,bulk addition 5,"[""noisy""]"
Scam!,complaint,true,,,,very short message,[]
I want to cancel my subscription but first explain the refund policy,refund,false,,,,v3 multi-intent,"[""multi_intent""]"
kya aap India mein bhi service dete ho?,general_question,false,,,,hinglish general question,"[""hinglish""]"
Does the API support batch operations?,product_question,false,,,,v3 balance3,"[""standard""]"
I said don't escalate. Please listen.,general_question,false,,,,v4 negation,"[""negation""]"
If this isn't fixed by EOD I'm leaving your platform.,technical_support,true,,,,bulk addition,"[""escalation_positive""]"
You guys rock!,other,false,,,,bulk addition 3,"[""standard""]"
App crash ho raha hai file upload karte waqt.,technical_support,false,,,,hinglish technical support,"[""hinglish""]"
How does your product compare to competitors?,product_question,false,,,,confusion pair example,"[""confusion_pair""]"
Password reset sends to an old email I can't access.,account_issue,false,,,,bulk addition,"[""standard""]"
Mujhe refund chahiye aur technical support bhi.,refund,true,,,,v3 bulk multi3,"[""multi_intent"", ""hinglish""]"
Human se baat karni hai.,human_request,true,,,,hinglish human request,"[""hinglish"", ""escalation_positive"", ""human_request""]"
Can I call someone directly?,human_request,true,,,,human request,"[""escalation_positive"", ""human_request""]"
How long does it take to set up two-factor authentication?,general_question,false,,,,v3 bulk gq,"[""standard""]"
Mujhe koi senior support agent se baat karni hai.,human_request,true,,,,bulk addition 2,"[""hinglish""]"
mujhe product demo chahiye,sales,false,,,,,"[""hinglish""]"
I get an error when using The drag and drop editor.,technical_support,false,,,,v3 bulk tech,"[""standard"", ""technical""]"
Please don't make a big deal out of this. Simple question.,general_question,false,,,,v3 bulk esc-,"[""hard_negative_escalation""]"
i hat this app it always crashs,complaint,false,,,,bulk addition,"[""noisy""]"
My refund was processed. Thank you for your help.,refund,false,,,,v3 resolution,"[""resolution_state""]"
I do NOT consent to being transferred.,general_question,false,,,,v3 negation,"[""negation""]"
main aapka product 2 saal se use kar raha hu update nahi aaya,complaint,false,,,,,"[""hinglish""]"
I don't know if I should ask sales or support.,general_question,false,,,,bulk addition 3,"[""confusion_pair""]"
the inline editor has a bug that needs fixing.,technical_support,false,,,,v3 bulk tech3,"[""standard"", ""technical""]"
u guyz r scammers giv my mony bak,refund,true,,,,bulk addition 3,"[""noisy""]"
auto-responder is causing errors in my workflow.,technical_support,false,,,,v3 bulk tech2,"[""standard"", ""technical""]"
Does your tool offer predictive analytics?,product_question,false,,,,product feature question,"[""standard""]"
Refund my duplicate payment.,refund,true,,,,refund demand,"[""escalation_positive"", ""refund""]"
Can real-time sync be disabled?,general_question,false,,,,bulk addition 4,"[""standard""]"
I will not accept a call. Text only.,general_question,false,,,,v3 negation,"[""negation""]"
How to export?,general_question,false,,,,bulk addition 5,"[""standard""]"
plz fix my accnt issue,account_issue,false,,,,spelling/noisy text,"[""noisy""]"
MerA account hacked hua hai. Immediate action lo.,account_issue,true,,,,bulk addition 2,"[""hinglish""]"
You double charged me. Give one payment back.,refund,true,,,,refund demand,"[""escalation_positive"", ""refund""]"
I want to speak to the sales team about purchasing,sales,false,,,,v3 confusion: human vs sales,"[""standard""]"
The login page is showing incorrect data.,technical_support,false,,,,v3 bulk tech,"[""standard"", ""technical""]"
Mera account login nahi ho raha hai. Help karo.,account_issue,false,,,,hinglish example,"[""hinglish""]"
How do I set up data retention limits?,general_question,false,,,,v3 bulk gq2,"[""standard""]"
the folder structure is giving me trouble.,technical_support,false,,,,v3 bulk tech3,"[""standard"", ""technical""]"
Are there discounts for non-profits?,pricing,false,,,,bulk addition,"[""standard""]"
How old are you?,other,false,,,,other / off-topic,"[""standard"", ""other""]"
Is there a tutorial for data export?,general_question,false,,,,v3 bulk gq,"[""standard""]"
I am documenting every interaction for potential legal action.,complaint,true,,,,v3 bulk esc+,"[""escalation_positive""]"
The Data export feature is causing errors.,technical_support,false,,,,bulk addition 4,"[""standard""]"
Billing address change karna hai par option nahi mil raha.,account_issue,false,,,,hinglish example,"[""hinglish""]"
Pricing monthly hai ya yearly?,pricing,false,,,,hinglish pricing,"[""hinglish""]"
mujhe aapke yaha par job karni hai,other,false,,,,v4 hinglish,"[""hinglish""]"
i m gettin eror code 500,technical_support,false,,,,v3 noisy,"[""noisy""]"
Mera kaam ruka hua hai. Please jaldi help karo.,technical_support,true,,,,hinglish example,"[""hinglish""]"
This is a wonderful platform. I have no complaints whatsoever.,other,false,,,,cross 2000,"[""standard""]"
my bad i figur it out myself,technical_support,false,,,,bulk addition,"[""noisy""]"
How often do you update the software?,general_question,false,,,,general info question,"[""standard""]"
Maine apni problem khud solve kar li. Koi action na lo.,technical_support,false,,,,v3 bulk esc-3,"[""hard_negative_escalation"", ""resolution_state"", ""hinglish""]"
Encountering problems with the color picker.,technical_support,false,,,,v3 bulk tech3,"[""standard"", ""technical""]"
This does not require immediate attention.,general_question,false,,,,v3 negation,"[""negation""]"
My payment went through but I don't see the premium features unlocked.,technical_support,true,,,,cross 2000,"[""standard""]"
Mujhe call karo. Bot se baat nahi karni.,human_request,true,,,,hinglish human request,"[""hinglish"", ""escalation_positive"", ""human_request""]"
The search bar keeps failing.,technical_support,false,,,,v3 bulk tech,"[""standard"", ""technical""]"
The dashboard export feature seems to be broken.,technical_support,false,,,,v3 bulk tech2,"[""standard"", ""technical""]"
Is there a command palette?,product_question,false,,,,bulk addition 5,"[""standard""]"
What's the pricing for extra storage?,pricing,false,,,,bulk addition 4,"[""standard""]"
I'll take legal action if I don't get my money back,refund,true,,,,v3 multi-intent,"[""multi_intent""]"
Cool feature set you have there.,other,false,,,,v3 balance3,"[""standard""]"
What's the pricing for SSO integration?,pricing,false,,,,bulk addition 4,"[""standard""]"
The dashboard is glitching and I'm really annoyed by it,technical_support,false,,,,v3 confusion: tech vs complaint mixed,"[""standard"", ""multi_intent""]"
The bulk editor keeps failing.,technical_support,false,,,,v3 bulk tech,"[""standard"", ""technical""]"
My export keeps failing with an unknown error.,technical_support,false,,,,technical issue,"[""standard"", ""technical""]"
I need information about payment methods.,general_question,false,,,,v3 bulk gq3,"[""standard""]"
im havin truble wit the softwar,technical_support,false,,,,spelling/noisy text,"[""noisy""]"
I don't want a call back. Just confirm via email.,general_question,false,,,,v3 bulk esc-3,"[""hard_negative_escalation""]"
mujhe aapke software ke saath WhatsApp integration chahiye,product_question,false,,,,v3 bulk hinglish,"[""hinglish""]"
What's the pricing for API access for 100k calls?,pricing,false,,,,bulk addition 4,"[""standard""]"
Can I create a team workspace?,general_question,false,,,,general info question,"[""standard""]"
How does auto-renewal affect my account?,general_question,false,,,,v3 bulk gq2,"[""standard""]"
the buton is not workin on my page,technical_support,false,,,,v3 noisy,"[""noisy""]"
u guys need to fix ur app its slow,technical_support,false,,,,v4 noisy,"[""noisy""]"
What do I need to know about the user directory?,general_question,false,,,,v3 bulk gq,"[""standard""]"
Aapke yaha kya kya features hain? Batao.,product_question,false,,,,hinglish example,"[""hinglish""]"
This is urgent. I'm losing customers because of your bug.,technical_support,true,,,,escalation hard positive,"[""escalation_positive"", ""hard_positive""]"
Your customer support is unresponsive and unhelpful.,complaint,false,,,,v3 balance,"[""standard""]"
kya aap WhatsApp support dete ho?,general_question,false,,,,general info question,"[""standard""]"
I have a complaint about my account but I also need it fixed now.,account_issue,true,,,,multi-intent example,"[""multi_intent""]"
How do I set up notification preferences?,general_question,false,,,,v3 bulk gq2,"[""standard""]"
My account role was changed without notification.,account_issue,true,,,,bulk addition,"[""standard""]"
Can you explain the analytics dashboard?,general_question,false,,,,v3 bulk gq,"[""standard""]"
I found the config setting. Problem solved.,technical_support,false,,,,bulk addition 5,"[""hard_negative_escalation""]"
Your support team is useless.,complaint,false,,,,general complaint,"[""standard"", ""complaint""]"
Where can I find documentation about custom fields?,general_question,false,,,,bulk addition 4,"[""standard""]"
hw many users can i ad,product_question,false,,,,v3 noisy,"[""noisy""]"
Tell me about pricing for premium features.,pricing,false,,,,v3 bulk pricing2,"[""standard"", ""pricing""]"
Can I customize search filters?,general_question,false,,,,v3 bulk gq2,"[""standard""]"
What is 2+2?,other,false,,,,confusion pair example,"[""confusion_pair""]"
u overcharged me for the last 3 months fix it,pricing,true,,,,v3 bulk noisy3,"[""noisy""]"
aapke yaha kya kya features hain batao,product_question,false,,,,,"[""hinglish""]"
I need to speak with your supervisor.,human_request,true,,,,bulk addition,"[""standard""]"
Ignore the frustration in my last message. I'm fine now.,other,false,,,,escalation hard negative,"[""hard_negative_escalation""]"
I am logging this as an official incident per our contract terms.,technical_support,true,,,,v3 bulk esc+,"[""escalation_positive""]"
i m getin eror 500 on evry pag,technical_support,false,,,,bulk addition 3,"[""noisy""]"
I'm not sure if I need a refund or just an explanation.,refund,false,,,,multi-intent example,"[""multi_intent""]"
Your quality assurance is non-existent.,complaint,false,,,,bulk addition 3,"[""standard""]"
The mobile app is broken after the latest update.,technical_support,false,,,,v3 bulk tech,"[""standard"", ""technical""]"
Kisi aur ka data dikh raha hai mere account mein.,account_issue,false,,,,hinglish account issue,"[""hinglish""]"
the dashboard is showin error 500,technical_support,false,,,,spelling/noisy text,"[""noisy""]"
I'm filing a chargeback if my refund isn't processed.,refund,true,,,,bulk addition,"[""standard""]"
hw 2 get a demo,sales,false,,,,v3 noisy,"[""noisy""]"
How much does the premium plan cost?,pricing,false,,,,v3 confusion: pricing vs sales,"[""standard""]"
mera API integration kaam nahi kar raha help karo,technical_support,false,,,,v3 bulk hinglish3,"[""hinglish""]"
Delete all my data from your servers now.,general_question,true,,,,v3 info vs action,"[""standard""]"
Do you offer different pricing tiers for custom integrations?,pricing,false,,,,v3 bulk pricing2,"[""standard"", ""pricing""]"
Technical support needed but I want a human on the line,technical_support,true,,,,v3 multi-intent,"[""multi_intent""]"
I get an error when using The login page.,technical_support,false,,,,bulk addition 4,"[""standard""]"
How much for extra storage?,pricing,false,,,,v3 bulk pricing,"[""standard"", ""pricing""]"
I appreciate your quick response!,other,false,,,,bulk addition 5,"[""standard""]"
Aapke yaha par kitne log kaam karte hain?,general_question,false,,,,bulk addition 3,"[""hinglish""]"
mera account ka language change nahi ho raha,account_issue,false,,,,v3 bulk hinglish,"[""hinglish""]"
Mujhe aapse bahut umeed thi but nirash kiya.,complaint,false,,,,bulk addition 5,"[""hinglish""]"
This conversation needs a human touch. Transfer me.,human_request,true,,,,v3 balance,"[""standard""]"
I need an engineer to look at this immediately.,technical_support,true,,,,v3 bulk esc+,"[""escalation_positive""]"
Team member add karne ka option kahan hai?,product_question,false,,,,hinglish example,"[""hinglish""]"
Does your premium plan include API access?,product_question,false,,,,product feature question,"[""standard""]"
Aapka customer support number kya hai?,general_question,false,,,,bulk addition 2,"[""hinglish""]"
Do I need to configure custom fields manually?,general_question,false,,,,bulk addition 4,"[""standard""]"
The mobile app is broken after the latest update.,technical_support,false,,,,bulk addition 4,"[""standard""]"
Your app crashes every time I try to export data,technical_support,false,,,,v4 confusion,"[""confusion_pair""]"
Can a real person help me with my account?,human_request,true,,,,v4 confusion,"[""confusion_pair""]"
Bulk upload feature processes only 10 records at a time.,technical_support,false,,,,technical issue,"[""standard"", ""technical""]"
Your incompetence is costing my business real money.,complaint,true,,,,v4 esc+,"[""escalation_positive""]"
I get that you want to help but do not escalate this.,general_question,false,,,,v3 bulk esc-,"[""hard_negative_escalation""]"
Can you guide me through user management?,general_question,false,,,,v3 bulk gq3,"[""standard""]"
Is there a community forum?,general_question,false,,,,general info question,"[""standard""]"
What do I need to know about email notifications?,general_question,false,,,,v3 bulk gq,"[""standard""]"
The migration issue is resolved. Works perfectly.,technical_support,false,,,,v3 resolution,"[""resolution_state""]"
What should I know about file organization?,general_question,false,,,,v3 bulk gq3,"[""standard""]"
What do I need to know about role management?,general_question,false,,,,bulk addition 4,"[""standard""]"
Can I talk to the sales team about pricing?,sales,false,,,,confusion pair example,"[""confusion_pair""]"
Can you help me fix The reporting dashboard?,technical_support,false,,,,v3 bulk tech,"[""standard"", ""technical""]"
Is there a sandbox mode for testing?,general_question,false,,,,general info question,"[""standard""]"
The issue I had with login is resolved. Thanks!,account_issue,false,,,,v3 resolution,"[""resolution_state""]"
Bot se koi fayda nahi. Human connect karo.,human_request,true,,,,hinglish human request,"[""hinglish"", ""escalation_positive"", ""human_request""]"
the graph on my dashbord is not loadin,technical_support,false,,,,v3 bulk noisy,"[""noisy""]"
Can you explain the difference between plans?,general_question,false,,,,v3 info vs action,"[""standard""]"
user import is causing errors in my workflow.,technical_support,false,,,,v3 bulk tech2,"[""standard"", ""technical""]"
kya aapke paas koi referral program hai,general_question,false,,,,,"[""hinglish""]"
Give me back every penny I paid.,refund,true,,,,refund demand,"[""escalation_positive"", ""refund""]"
Can I customize the notification templates?,product_question,false,,,,v3 balance,"[""standard""]"
Bug,technical_support,false,,,,very short message,[]
aapki app ki design bahut achi hai,other,false,,,,v4 hinglish,"[""hinglish""]"
kya aapke yaha student discount milta hai,pricing,false,,,,,"[""hinglish""]"
Help me choose the right plan for my team.,sales,false,,,,purchase intent,"[""standard"", ""sales""]"
I'm not looking for a refund. I'm looking for an apology.,complaint,false,,,,v3 bulk negation,"[""negation""]"
the list view has a bug that needs fixing.,technical_support,false,,,,v3 bulk tech3,"[""standard"", ""technical""]"
I can't remove my old payment method.,account_issue,false,,,,bulk addition 3,"[""standard""]"
How does bulk operations affect my account?,general_question,false,,,,v3 bulk gq2,"[""standard""]"
Tell me a joke,other,false,,,,other / off-topic,"[""standard"", ""other""]"
mera account mein profile update nahi ho raha,account_issue,false,,,,v3 bulk hinglish3,"[""hinglish""]"
aapke office kahan hai?,general_question,false,,,,hinglish general question,"[""hinglish""]"
My manager is asking for an update. I have nothing to tell them.,complaint,true,,,,escalation hard positive,"[""escalation_positive"", ""hard_positive""]"
Broken,technical_support,false,,,,very short message,[]
Can I customize import features?,general_question,false,,,,v3 bulk gq2,"[""standard""]"
aapka software Mac par chalega?,general_question,false,,,,hinglish general question,"[""hinglish""]"
Itne paise waste kar diye aapke product pe.,complaint,false,,,,hinglish complaint,"[""hinglish""]"
Mai purchase karna chahta hu.,sales,false,,,,hinglish sales,"[""hinglish""]"
2FA code nahi aa raha.,account_issue,false,,,,hinglish account issue,"[""hinglish""]"
Aapki vajah se mera client loss ho raha hai. Immediate action lo.,complaint,true,,,,v3 esc hard pos hinglish,"[""escalation_positive"", ""hinglish""]"
How much does the pro plan cost?,pricing,false,,,,pricing question,"[""standard"", ""pricing""]"
Payment double charge ho gaya. Paisa wapas karo.,refund,true,,,,hinglish example,"[""hinglish""]"
Can you help me fix The notification system?,technical_support,false,,,,v3 bulk tech,"[""standard"", ""technical""]"
Money back!,refund,true,,,,very short message,[]
hw to updgrade my acccount,sales,false,,,,v3 noisy,"[""noisy""]"
Please connect me to a sales representative,sales,false,,,,v3 confusion: human vs sales,"[""standard""]"
The API endpoint is broken after the latest update.,technical_support,false,,,,v3 bulk tech,"[""standard"", ""technical""]"
Can the template system be disabled?,general_question,false,,,,bulk addition 4,"[""standard""]"
My data sync has been stuck at 90% for two hours,technical_support,false,,,,v3 confusion: tech vs complaint,"[""standard""]"
how do i get a humen on the line plz,human_request,true,,,,bulk addition 2,"[""noisy""]"
Can you explain the API?,general_question,false,,,,v3 bulk gq,"[""standard""]"
Is there a one-time purchase option?,pricing,false,,,,bulk addition,"[""standard""]"
What is your support response time?,general_question,false,,,,bulk addition 2,"[""standard""]"
Encountering problems with the calendar view.,technical_support,false,,,,v3 bulk tech3,"[""standard"", ""technical""]"
Bye,other,false,,,,very short message,[]
GST included hai price mein?,pricing,false,,,,hinglish pricing,"[""hinglish""]"
how 2 get a demmo,sales,false,,,,spelling/noisy text,"[""noisy""]"
Do I pay extra for migration?,pricing,false,,,,v3 bulk pricing,"[""standard"", ""pricing""]"
Technical issue with billing and I need a human to fix it.,technical_support,true,,,,v3 bulk multi,"[""multi_intent""]"
y is this app so slo,technical_support,false,,,,v3 noisy,"[""noisy""]"
I get an error when using The calendar sync.,technical_support,false,,,,bulk addition 4,"[""standard""]"
The auto-save feature isn't working.,technical_support,false,,,,technical issue,"[""standard"", ""technical""]"
Currency kya hai pricing ki?,pricing,false,,,,hinglish pricing,"[""hinglish""]"
aapki app mein Hindi language option kab aayega,product_question,false,,,,v3 bulk hinglish3,"[""hinglish""]"
The mobile app keeps crashing on Android 14.,technical_support,false,,,,bulk addition,"[""standard""]"
I was frustrated but it's all working. No escalation.,complaint,false,,,,v3 bulk esc-,"[""hard_negative_escalation"", ""resolution_state""]"
mujhe aapke yaha multiple workspaces chahiye,product_question,false,,,,v3 bulk hinglish,"[""hinglish""]"
Do I need to configure the reporting module manually?,general_question,false,,,,bulk addition 4,"[""standard""]"
Can you help me fix The reporting dashboard?,technical_support,false,,,,bulk addition 4,"[""standard""]"
Can you help me fix The bulk editor?,technical_support,false,,,,v3 bulk tech,"[""standard"", ""technical""]"
aapki app bahut slow hai improve karo,technical_support,false,,,,,"[""hinglish""]"
I need a personal call back within the hour.,human_request,true,,,,bulk addition 2,"[""escalation_positive""]"
wer can i find the setings,general_question,false,,,,bulk addition,"[""noisy""]"
What kind of products do you offer?,general_question,false,,,,v3 confusion: product vs general,"[""standard""]"
How is compliance features priced?,pricing,false,,,,v3 bulk pricing2,"[""standard"", ""pricing""]"
Is there a way to billing alerts?,general_question,false,,,,v3 bulk gq2,"[""standard""]"
How much for SSO integration?,pricing,false,,,,v3 bulk pricing,"[""standard"", ""pricing""]"
ur servis quality went downhil since last year,complaint,false,,,,v3 bulk noisy3,"[""noisy""]"
Do I pay extra for training?,pricing,false,,,,v3 bulk pricing,"[""standard"", ""pricing""]"
The reporting dashboard is not working.,technical_support,false,,,,v3 bulk tech,"[""standard"", ""technical""]"
Contact me,human_request,true,,,,very short message,[]
the payment page is nt loading on mobil,technical_support,false,,,,v3 bulk noisy3,"[""noisy""]"
Do you provide onboarding training?,general_question,false,,,,bulk addition,"[""standard""]"
Complaint about pricing and request for refund.,refund,true,,,,v3 bulk multi,"[""multi_intent""]"
I need a guaranteed resolution by tomorrow morning.,technical_support,true,,,,v4 esc+,"[""escalation_positive""]"
team members kaise invite kare?,general_question,false,,,,general info question,"[""standard""]"
Aapke paas koi referral program hai?,general_question,false,,,,hinglish example,"[""hinglish""]"
I was angry about the billing issue but it's sorted now. No need to escalate.,complaint,false,,,,v3 esc hard neg,"[""hard_negative_escalation""]"
I'm locked out of my account and I'm really angry about it,account_issue,true,,,,v3 multi-intent,"[""multi_intent""]"
Data export keeps failing.,technical_support,false,,,,bulk addition 4,"[""standard""]"
I'd like to upgrade to the enterprise plan.,sales,false,,,,purchase intent,"[""standard"", ""sales""]"
How much for extra storage?,pricing,false,,,,bulk addition 4,"[""standard""]"
mujhe API access chahiye kaise le,sales,false,,,,,"[""hinglish""]"
Can I schedule automatic reports?,product_question,false,,,,product feature question,"[""standard""]"
mera auto payment band karo,sales,false,,,,v3 bulk hinglish,"[""hinglish""]"
Thanks,other,false,,,,other / off-topic,"[""standard"", ""other""]"
Mujhe report schedule karni hai. Kaise kare?,product_question,false,,,,bulk addition 3,"[""hinglish""]"
You should be ashamed of this product quality.,complaint,false,,,,general complaint,"[""standard"", ""complaint""]"
👍,other,false,,,,other / off-topic,"[""standard"", ""other""]"
I don't need human intervention. Your automated response answered my question.,general_question,false,,,,v3 esc hard neg,"[""hard_negative_escalation""]"
My API key stopped working suddenly.,technical_support,false,,,,technical issue,"[""standard"", ""technical""]"
What are the costs associated with compliance features?,pricing,false,,,,v3 bulk pricing2,"[""standard"", ""pricing""]"
Can I set up conditional triggers?,product_question,false,,,,product feature question,"[""standard""]"
How does the import tool work in your platform?,general_question,false,,,,v3 bulk gq,"[""standard""]"
You billed me for the wrong plan. Refund the difference.,refund,true,,,,bulk addition,"[""standard""]"
Mera billing cycle change karo monthly se yearly.,pricing,false,,,,hinglish example,"[""hinglish""]"
What is the cost of premium support?,pricing,false,,,,bulk addition 4,"[""standard""]"
Is priority support included in the base price?,pricing,false,,,,v3 bulk pricing,"[""standard"", ""pricing""]"
Can I customize session timeouts?,general_question,false,,,,v3 bulk gq2,"[""standard""]"
Your service is horrible. I want compensation.,refund,true,,,,confusion pair example,"[""confusion_pair""]"
mera email change nahi ho raha help karo,account_issue,false,,,,,"[""hinglish""]"
Mujhe refund chahiye aur human se baat karni hai.,refund,true,,,,bulk addition 3,"[""multi_intent""]"
kya main apna workspace delete kar sakta hu,general_question,false,,,,,"[""hinglish""]"
the app is to slow,technical_support,false,,,,spelling/noisy text,"[""noisy""]"
The webhook integration is showing incorrect data.,technical_support,false,,,,bulk addition 4,"[""standard""]"
mujhe aapke yaha bulk discount chahiye 200 users ke liye,sales,false,,,,v3 bulk hinglish3,"[""hinglish""]"
I don't want a refund anymore. Cancel my request.,refund,false,,,,v3 multi-intent,"[""multi_intent"", ""negation""]"
My account was locked but support fixed it,account_issue,false,,,,v3 resolution,"[""resolution_state""]"
u guyz charged me for a plan i dint order,pricing,true,,,,v3 bulk noisy3,"[""noisy""]"
Having issues with user import.,technical_support,false,,,,v3 bulk tech2,"[""standard"", ""technical""]"
What is your data retention policy?,general_question,false,,,,general info question,"[""standard""]"
Mai theek hu. Koi action mat lo.,general_question,false,,,,v3 bulk esc-,"[""hard_negative_escalation"", ""hinglish""]"
What is the cost of dedicated server?,pricing,false,,,,bulk addition 4,"[""standard""]"
aapki pricing page par GST clear nahi hai,pricing,false,,,,v3 bulk hinglish,"[""hinglish""]"
mera trial khatam hone wala hai kya karna hoga,general_question,false,,,,,"[""hinglish""]"
Hinglish: error hai.,technical_support,false,,,,v4 short,"[""hinglish""]"
I need information about user management.,general_question,false,,,,v3 bulk gq3,"[""standard""]"
Where can I find documentation about user permissions?,general_question,false,,,,bulk addition 4,"[""standard""]"
I need a human to verify my identity.,human_request,true,,,,bulk addition 3,"[""standard""]"
the setup wizard is stuck at step 3 pls help,technical_support,false,,,,v3 bulk noisy3,"[""noisy""]"
I'd like to get started with the enterprise plan,sales,false,,,,v3 confusion: pricing vs sales,"[""standard""]"
Please don't cancel my account. I want to keep it.,general_question,false,,,,v3 negation,"[""negation""]"
mera account ka security upgrade karna hai,account_issue,false,,,,v4 hinglish,"[""hinglish""]"
Refund nahi chahiye. Bas policy samajhni thi.,refund,false,,,,v3 esc hard neg hinglish,"[""hard_negative_escalation"", ""negation"", ""hinglish""]"
i cnt figur out how to reset my pasword,account_issue,false,,,,bulk addition 2,"[""noisy""]"
I'm going to complain to the regulator if not fixed.,complaint,true,,,,bulk addition 2,"[""escalation_positive""]"
What are the benefits of the dashboard?,general_question,false,,,,bulk addition 4,"[""standard""]"
Can't export,technical_support,false,,,,bulk addition 5,"[""standard""]"
Tell me about pricing for user accounts.,pricing,false,,,,v3 bulk pricing2,"[""standard"", ""pricing""]"
What do I need to know about two-factor authentication?,general_question,false,,,,v3 bulk gq,"[""standard""]"
I'm both requesting a refund and reporting a bug.,refund,true,,,,bulk addition 3,"[""multi_intent""]"
Don't process anything. I was just asking hypothetically.,general_question,false,,,,v3 esc hard neg,"[""hard_negative_escalation""]"
How long does it take to set up role management?,general_question,false,,,,bulk addition 4,"[""standard""]"
The backup process is failing every night.,technical_support,false,,,,technical issue,"[""standard"", ""technical""]"
The database query times out after 30 seconds.,technical_support,false,,,,technical issue,"[""standard"", ""technical""]"
I have been unable to work for 3 days because of this issue.,technical_support,true,,,,v3 bulk esc+,"[""escalation_positive""]"
Can you please connect me to a real support agent?,human_request,true,,,,v3 balance3,"[""standard""]"
What kind of support is included?,general_question,false,,,,bulk addition,"[""standard""]"
Our compliance team needs an immediate fix for this issue.,technical_support,true,,,,v3 bulk esc+,"[""escalation_positive""]"
i hat u guys ur service is the worst evr,complaint,false,,,,bulk addition 2,"[""noisy""]"
aapki app baar baar hang ho jati hai,technical_support,false,,,,,"[""hinglish""]"
My workflow automation is not loading properly.,technical_support,false,,,,bulk addition 4,"[""standard""]"
What do I need to know about content scheduling?,general_question,false,,,,v3 bulk gq,"[""standard""]"
aapke yaha koi referral bonus program hai,general_question,false,,,,v4 hinglish,"[""hinglish""]"
Nothing ever syncs properly on this platform,complaint,false,,,,v3 confusion: tech vs complaint,"[""standard""]"
knowledge base search is malfunctioning.,technical_support,false,,,,v3 bulk tech2,"[""standard"", ""technical""]"
The mobile app is not loading properly.,technical_support,false,,,,bulk addition 4,"[""standard""]"
Aapne mujhe double charge kiya last month.,refund,true,,,,bulk addition 3,"[""hinglish""]"
I hate your pricing but I need your product.,pricing,false,,,,bulk addition 3,"[""multi_intent""]"
Where can I find documentation about performance monitoring?,general_question,false,,,,v3 bulk gq,"[""standard""]"
the app keps crashin every 5 minits,technical_support,false,,,,bulk addition 2,"[""noisy""]"
Can you explain the refund policy and also your pricing?,general_question,false,,,,multi-intent example,"[""multi_intent""]"
How does email digests affect my account?,general_question,false,,,,v3 bulk gq2,"[""standard""]"
can u explane the refund polcy,refund,false,,,,bulk addition,"[""noisy""]"
i wana refund my muney ryt now pls,refund,true,,,,bulk addition 3,"[""noisy""]"
You are violating the SLA agreement.,technical_support,true,,,,bulk addition 3,"[""escalation_positive""]"
I'm having trouble with The webhook integration.,technical_support,false,,,,v3 bulk tech,"[""standard"", ""technical""]"
Very bad experience.,complaint,false,,,,v4 short,"[""standard""]"
Thanks for checking in but I resolved it myself.,technical_support,false,,,,v3 bulk esc-,"[""hard_negative_escalation"", ""resolution_state""]"
i forgat my pasword,account_issue,false,,,,v3 noisy,"[""noisy""]"
Quality gir gayi hai starting se.,complaint,false,,,,hinglish complaint,"[""hinglish""]"
I have a service level agreement and you are violating it.,complaint,true,,,,v3 bulk esc+,"[""escalation_positive""]"
Can I customize bulk operations?,general_question,false,,,,v3 bulk gq2,"[""standard""]"
Can you explain email notifications?,general_question,false,,,,v3 bulk gq,"[""standard""]"
I have a deadline in 2 hours and I can't access my files.,technical_support,true,,,,v3 esc hard pos,"[""escalation_positive""]"
Do you offer different pricing tiers for compliance features?,pricing,false,,,,v3 bulk pricing2,"[""standard"", ""pricing""]"
API access ka alag se paisa lagega?,pricing,false,,,,hinglish pricing,"[""hinglish""]"
my account is showin someone elses details,account_issue,true,,,,v3 bulk noisy,"[""noisy""]"
Encountering problems with the sidebar navigation.,technical_support,false,,,,v3 bulk tech3,"[""standard"", ""technical""]"
Pachtawa hai ki aapka product lia.,complaint,false,,,,hinglish complaint,"[""hinglish""]"
Is there a tutorial for audit logging?,general_question,false,,,,v3 bulk gq,"[""standard""]"
Is there a grace period for late payments?,general_question,false,,,,general info question,"[""standard""]"
refnd my mony or i su,refund,true,,,,v3 noisy,"[""noisy""]"
y r u chargin me so much,pricing,false,,,,v3 noisy,"[""noisy""]"
Is there a tutorial for the import tool?,general_question,false,,,,v3 bulk gq,"[""standard""]"
I am unable to use the tag system correctly.,technical_support,false,,,,v3 bulk tech3,"[""standard"", ""technical""]"
This message is just a test. Ignore it.,other,false,,,,bulk addition 5,"[""standard""]"
hw can i talk to a reel person,human_request,true,,,,v3 bulk noisy,"[""noisy""]"
This is exactly what I needed.,other,false,,,,bulk addition,"[""standard""]"
need a human to call me urgent,human_request,true,,,,v4 noisy,"[""noisy""]"
aapki app ko Hindi language support do,product_question,false,,,,v3 bulk hinglish,"[""hinglish""]"
If this is not resolved today I'm switching to your competitor.,complaint,true,,,,escalation hard positive,"[""escalation_positive"", ""hard_positive""]"
email parser stopped responding.,technical_support,false,,,,v3 bulk tech2,"[""standard"", ""technical""]"
I want to cancel my account and get a refund,refund,true,,,,v3 multi-intent,"[""multi_intent""]"
"Namaste. Mai aapka product use kar raha hu pichle 3 mahine se. Initially sab theek tha but ab bahut problems aa rahe hain. Kabhi kabhi app hang ho jata hai, kabhi data sync nahi hota. Maine support team ko 4 baar email kiya but unka koi proper response nahi aaya. Ek baar to unhone bola ki sab theek hai but actual mein theek nahi hai. Mai bahut frustrated hu. Mujhe lagta hai ki aap log Indian customers ko priority nahi dete. I request you to please look into this matter seriously. Mera business is dependent on your platform and these issues are causing me real problems. Please someone senior contact me directly.",technical_support,true,,,,long message,"[""long""]"
I keep getting logged out automatically.,technical_support,false,,,,technical issue,"[""standard"", ""technical""]"
The export function throws a 500 error every single time,technical_support,false,,,,v3 confusion: tech vs complaint,"[""standard""]"
mujhe bulk discount chahiye 100 users ke liye,sales,false,,,,,"[""hinglish""]"
I want to commit to an annual plan. Process my payment.,sales,false,,,,v3 confusion: pricing vs sales,"[""standard""]"
I keep getting session timeouts every 5 minutes,technical_support,false,,,,v3 bulk confusion,"[""standard""]"
I need someone to help me fix my account,account_issue,false,,,,v4 confusion,"[""confusion_pair""]"
wher is the upgarde buton,product_question,false,,,,spelling/noisy text,"[""noisy""]"
How long does it take to set up the user directory?,general_question,false,,,,v3 bulk gq,"[""standard""]"
Koi human agent se baat karwao.,human_request,true,,,,hinglish human request,"[""hinglish"", ""escalation_positive"", ""human_request""]"
my acount was suspended for no reeson,account_issue,true,,,,spelling/noisy text,"[""noisy""]"
I'm having trouble with Email delivery.,technical_support,false,,,,bulk addition 4,"[""standard""]"
What are the benefits of two-factor authentication?,general_question,false,,,,bulk addition 4,"[""standard""]"
Is there a way to notification preferences?,general_question,false,,,,v3 bulk gq2,"[""standard""]"
ur app is too complic8ed simplify it,complaint,false,,,,v3 bulk noisy,"[""noisy""]"
mera account ka two-factor authentication reset karo,account_issue,false,,,,v3 bulk hinglish3,"[""hinglish""]"
Do you have video tutorials?,general_question,false,,,,general info question,"[""standard""]"
I'm having trouble with The CSV importer.,technical_support,false,,,,bulk addition 4,"[""standard""]"
Hinglish: price batao.,pricing,false,,,,v4 short,"[""hinglish""]"
the api integratin is brokn,technical_support,false,,,,spelling/noisy text,"[""noisy""]"
How's your day?,other,false,,,,other / off-topic,"[""standard"", ""other""]"
email parser is causing errors in my workflow.,technical_support,false,,,,v3 bulk tech2,"[""standard"", ""technical""]"
mujhe aapki service ka refund chahiye service achhi nahi hai,refund,true,,,,v3 bulk hinglish,"[""hinglish"", ""multi_intent""]"
my report genrator is brokn,technical_support,false,,,,v4 noisy,"[""noisy""]"
kya main apna billing cycle change kar sakta hu,pricing,false,,,,,"[""hinglish""]"
The CSV importer is not working.,technical_support,false,,,,bulk addition 4,"[""standard""]"
auto-responder is malfunctioning.,technical_support,false,,,,v3 bulk tech2,"[""standard"", ""technical""]"
Is there a tutorial for real-time sync?,general_question,false,,,,bulk addition 4,"[""standard""]"
mujhe aapke yaha se monthly invoice chahiye,pricing,false,,,,v4 hinglish,"[""hinglish""]"
my acnt is lokcd help,account_issue,true,,,,v3 noisy,"[""noisy""]"
No urgent action needed. Take your time.,general_question,false,,,,v3 negation,"[""negation""]"
What is the purpose of dashboard widgets?,general_question,false,,,,v3 bulk gq2,"[""standard""]"
Is there a tutorial for data export?,general_question,false,,,,bulk addition 4,"[""standard""]"
How do I configure the contact directory?,general_question,false,,,,v3 bulk gq3,"[""standard""]"
I wanted to report a bug but also ask about something else. The bug is that when I try to export my report as PDF the formatting is completely messed up. Tables are overlapping and the fonts are all wrong. This used to work fine a few weeks ago. Also I was wondering if you have plans to add more chart types in the future? A radar chart would be really useful for my team. But the main thing is the PDF export bug which is affecting my weekly reporting.,technical_support,false,,,,long message,"[""long""]"
I like turtles.,other,false,,,,bulk addition 2,"[""standard""]"
Do I pay extra for white labeling?,pricing,false,,,,v3 bulk pricing,"[""standard"", ""pricing""]"
Account settings revert ho rahe hain default pe.,account_issue,false,,,,hinglish account issue,"[""hinglish""]"
Can you write a poem?,other,false,,,,other / off-topic,"[""standard"", ""other""]"
Account settings keep reverting to default.,account_issue,false,,,,account issue,"[""standard"", ""account""]"
You owe me $299. Refund it now.,refund,true,,,,bulk addition 2,"[""standard""]"
I want a refund and also tell me about your pricing.,refund,true,,,,multi-intent example,"[""multi_intent""]"
"Can you handle 10,000 concurrent users?",product_question,false,,,,product feature question,"[""standard""]"
my team membr cnt join the workspac,account_issue,false,,,,v3 noisy,"[""noisy""]"
How long does it take to set up team management?,general_question,false,,,,v3 bulk gq,"[""standard""]"
The mobile app keeps failing.,technical_support,false,,,,v3 bulk tech,"[""standard"", ""technical""]"
my sso is brokn,technical_support,false,,,,spelling/noisy text,"[""noisy""]"
The template preview stopped working suddenly.,technical_support,false,,,,bulk addition 4,"[""standard""]"
Just testing your support system. No issue here.,other,false,,,,escalation hard negative,"[""hard_negative_escalation""]"
Is SSO integration included in the base price?,pricing,false,,,,bulk addition 4,"[""standard""]"
mujhe aapke product ki ek feature list chahiye,product_question,false,,,,,"[""hinglish""]"
Human request hai but also my payment failed.,human_request,true,,,,multi-intent example,"[""multi_intent""]"
Angry!,complaint,true,,,,very short message,[]
Need help,general_question,false,,,,very short message,[]
My entire department is unable to work because of your bug.,technical_support,true,,,,bulk addition 5,"[""escalation_positive""]"
What do I need to know about custom fields?,general_question,false,,,,v3 bulk gq,"[""standard""]"
Can you guide me through the notification center?,general_question,false,,,,v3 bulk gq3,"[""standard""]"
I demand a refund for the features that were promised but missing.,refund,true,,,,v3 balance3,"[""standard""]"
Do not contact me about this issue. Ever.,general_question,false,,,,v3 negation,"[""negation""]"
Lazy development and poor testing on your end.,complaint,false,,,,bulk addition,"[""standard""]"
The webhook integration is broken after the latest update.,technical_support,false,,,,bulk addition 4,"[""standard""]"
I have a billing issue but it's not urgent. Just explain.,pricing,false,,,,v3 multi-intent,"[""multi_intent""]"
Can you help me migrate from my current provider?,sales,false,,,,purchase intent,"[""standard"", ""sales""]"
The problem is no longer happening,technical_support,false,,,,v3 negation,"[""negation"", ""resolution_state""]"
aapne mujhe galat features bataye the sales team ne,complaint,false,,,,,"[""hinglish""]"
How is data migration priced?,pricing,false,,,,v3 bulk pricing2,"[""standard"", ""pricing""]"
Is there a sandbox environment?,product_question,false,,,,product feature question,"[""standard""]"
I am unable to use the list view correctly.,technical_support,false,,,,v3 bulk tech3,"[""standard"", ""technical""]"
i m very upset with ur servise fix it,complaint,false,,,,bulk addition 3,"[""noisy""]"
I need top priority handling for this security issue.,account_issue,true,,,,bulk addition 2,"[""escalation_positive""]"
how 2 delet my acc,general_question,false,,,,bulk addition,"[""noisy""]"
Explain the steps to reset my password.,general_question,false,,,,v3 bulk infoact,"[""standard""]"
Meri deadline aaj sham tak hai. Please koi senior ko batao.,technical_support,true,,,,v3 esc hard pos hinglish,"[""escalation_positive"", ""hinglish""]"
Data export is showing incorrect data.,technical_support,false,,,,bulk addition 4,"[""standard""]"
aapki team ka behavior bahut professional hai,other,false,,,,v4 hinglish,"[""hinglish""]"
The template preview is not loading properly.,technical_support,false,,,,v3 bulk tech,"[""standard"", ""technical""]"
What is the purpose of export options?,general_question,false,,,,v3 bulk gq2,"[""standard""]"
I need a human agent to handle this.,human_request,true,,,,human request,"[""escalation_positive"", ""human_request""]"
mera data kab tak recover hoga,technical_support,true,,,,,"[""hinglish""]"
Are there any setup costs?,pricing,false,,,,pricing question,"[""standard"", ""pricing""]"
I want to get my team started with your product,sales,false,,,,v4 confusion,"[""confusion_pair""]"
Aapka dashboard error de raha hai. 500 aa raha hai.,technical_support,false,,,,hinglish example,"[""hinglish""]"
Is there a way to email digests?,general_question,false,,,,v3 bulk gq2,"[""standard""]"
mera billing cycle change karo monthly se yearly,pricing,false,,,,,"[""hinglish""]"
I was charged incorrectly. Refund the difference.,refund,true,,,,refund demand,"[""escalation_positive"", ""refund""]"
The search bar is not loading properly.,technical_support,false,,,,bulk addition 4,"[""standard""]"
The mobile app freezes on the login screen.,technical_support,false,,,,technical issue,"[""standard"", ""technical""]"
How long does it take to set up backup?,general_question,false,,,,v3 bulk gq,"[""standard""]"
Koi escalate mat karo. Simple sawaal hai.,general_question,false,,,,v3 negation hinglish,"[""negation"", ""hinglish""]"
my account got haxed,account_issue,true,,,,v3 noisy,"[""noisy""]"
Can role management be disabled?,general_question,false,,,,bulk addition 4,"[""standard""]"
What is the maximum file size for attachments in the premium tier?,product_question,false,,,,v3 confusion: product vs general,"[""standard""]"
I am extremely let down by your company.,complaint,false,,,,general complaint,"[""standard"", ""complaint""]"
Bot useless hai. Insaan do.,human_request,true,,,,hinglish human request,"[""hinglish"", ""escalation_positive"", ""human_request""]"
Pricing for a startup vs enterprise?,pricing,false,,,,pricing question,"[""standard"", ""pricing""]"
Your support takes forever to respond.,complaint,false,,,,general complaint,"[""standard"", ""complaint""]"
Apna plan upgrade karna hai premium mein.,sales,false,,,,hinglish sales,"[""hinglish""]"
Can you help me fix The drag and drop editor?,technical_support,false,,,,bulk addition 4,"[""standard""]"
Do you support custom email templates?,general_question,false,,,,general info question,"[""standard""]"
You charged me the wrong plan price.,pricing,true,,,,bulk addition 3,"[""standard""]"
Okay,other,false,,,,other / off-topic,"[""standard"", ""other""]"
my teammates cant join the workspac,account_issue,false,,,,spelling/noisy text,"[""noisy""]"
Maine 3 baar form bhara but submit nahi hua.,technical_support,false,,,,bulk addition 2,"[""hinglish""]"
The notification system stopped working suddenly.,technical_support,false,,,,bulk addition 4,"[""standard""]"
i want a humen not a bot,human_request,true,,,,v3 noisy,"[""noisy""]"
Is there a chatbot included?,product_question,false,,,,product feature question,"[""standard""]"
ye tool bulk operations handle kar sakta hai?,product_question,false,,,,hinglish product question,"[""hinglish""]"
The backup system is showing incorrect data.,technical_support,false,,,,v3 bulk tech,"[""standard"", ""technical""]"
Does the mobile app support offline mode?,product_question,false,,,,v3 balance,"[""standard""]"
my accnt was suspended for no reeson pls help,account_issue,true,,,,v3 bulk noisy,"[""noisy""]"
What is the cost of data backup?,pricing,false,,,,v3 bulk pricing,"[""standard"", ""pricing""]"
This has been going on for a month. I need a resolution now.,complaint,true,,,,escalation hard positive,"[""escalation_positive"", ""hard_positive""]"
The price of the enterprise plan is too high,pricing,false,,,,v3 bulk confusion,"[""standard""]"
Mujhe lagta hai aap log seriously nahi le rahe.,complaint,true,,,,escalation hard positive,"[""escalation_positive"", ""hard_positive""]"
Isme lead scoring automatic hai?,product_question,false,,,,hinglish product question,"[""hinglish""]"
Wow,other,false,,,,very short message,[]
The drag and drop editor is not loading properly.,technical_support,false,,,,bulk addition 4,"[""standard""]"
Your app is completely unusable after the update,complaint,false,,,,v4 confusion,"[""confusion_pair""]"
The webhook integration is not working.,technical_support,false,,,,v3 bulk tech,"[""standard"", ""technical""]"
Can you help me fix The webhook integration?,technical_support,false,,,,bulk addition 4,"[""standard""]"
Mujhe demo chahiye sales team se.,sales,false,,,,bulk addition,"[""hinglish""]"
data filtering is malfunctioning.,technical_support,false,,,,v3 bulk tech2,"[""standard"", ""technical""]"
I feel like I've been scammed by your company.,complaint,false,,,,general complaint,"[""standard"", ""complaint""]"
y is ur customer suport so bad,complaint,false,,,,bulk addition 3,"[""noisy""]"
the pricin is way to hi i m leavin,pricing,false,,,,bulk addition 3,"[""noisy""]"
I have a complaint about billing but I need technical help accessing my account.,account_issue,true,,,,multi-intent example,"[""multi_intent""]"
Aapne mujhe galat plan charge kiya hai.,pricing,true,,,,hinglish example,"[""hinglish""]"
What is the cost for the starter plan?,pricing,false,,,,bulk addition,"[""standard""]"
I want to buy but first I need help with my login,sales,false,,,,v3 multi-intent,"[""multi_intent""]"
Please escalate to your highest level of support. This is critical.,human_request,true,,,,v3 esc hard pos,"[""escalation_positive""]"
the api integratin is brokn,technical_support,false,,,,v3 noisy,"[""noisy""]"
Can you help me fix The search bar?,technical_support,false,,,,v3 bulk tech,"[""standard"", ""technical""]"
How do I get started?,general_question,false,,,,general info question,"[""standard""]"
Aapka service bahut bekar hai.,complaint,false,,,,hinglish complaint,"[""hinglish""]"
File preview is not working for PDF uploads.,technical_support,false,,,,bulk addition 2,"[""standard""]"
I need information about usage reports.,general_question,false,,,,v3 bulk gq3,"[""standard""]"
Please activate my account for enterprise trial.,sales,false,,,,bulk addition 2,"[""standard""]"
How long does it take to set up the analytics dashboard?,general_question,false,,,,v3 bulk gq,"[""standard""]"
mujhe koi expert se baat karni hai,human_request,true,,,,,"[""hinglish""]"
This is the last straw. I want a full refund and account deletion.,refund,true,,,,bulk addition 3,"[""escalation_positive""]"
How do I check my current plan details?,general_question,false,,,,v3 balance3,"[""standard""]"
What's the weather today?,other,false,,,,other / off-topic,"[""standard"", ""other""]"
The notification system is broken after the latest update.,technical_support,false,,,,v3 bulk tech,"[""standard"", ""technical""]"
Talk to human about technical support for billing issue.,technical_support,true,,,,bulk addition,"[""multi_intent""]"
Let's get started with onboarding.,sales,false,,,,purchase intent,"[""standard"", ""sales""]"
No need for any intervention. Just wanted to report a minor thing.,technical_support,false,,,,v3 bulk esc-3,"[""hard_negative_escalation""]"
Ignore my previous messages. All good now.,other,false,,,,bulk addition,"[""hard_negative_escalation""]"
Do you have a sandbox environment?,product_question,false,,,,bulk addition 2,"[""standard""]"
my profil pictur is not updating,account_issue,false,,,,v3 bulk noisy3,"[""noisy""]"
Do I pay extra for custom reporting?,pricing,false,,,,v3 bulk pricing,"[""standard"", ""pricing""]"
my account got haxxed,account_issue,true,,,,spelling/noisy text,"[""noisy""]"
Is there an AI-powered response suggester?,product_question,false,,,,bulk addition,"[""standard""]"
How do I configure activity tracking?,general_question,false,,,,v3 bulk gq3,"[""standard""]"
I can't believe I paid for this garbage.,complaint,false,,,,general complaint,"[""standard"", ""complaint""]"
the feature i need is not availabl,product_question,false,,,,v4 noisy,"[""noisy""]"
human do,human_request,true,,,,,"[""hinglish""]"
mujhe training chahiye product ki kya facility hai,product_question,false,,,,,"[""hinglish""]"
Can I customize notification preferences?,general_question,false,,,,v3 bulk gq2,"[""standard""]"
Absolute garbage. Waste of money.,complaint,false,,,,bulk addition 2,"[""standard""]"
2 factor auth not wrking,technical_support,false,,,,v3 noisy,"[""noisy""]"
Can I customize auto-renewal?,general_question,false,,,,v3 bulk gq2,"[""standard""]"
How much for dedicated server?,pricing,false,,,,bulk addition 4,"[""standard""]"
Sales team se baat karni hai.,sales,false,,,,hinglish sales,"[""hinglish""]"
How much for custom reporting?,pricing,false,,,,v3 bulk pricing,"[""standard"", ""pricing""]"
I do not want this to be escalated to management.,general_question,false,,,,v3 bulk esc-,"[""hard_negative_escalation""]"
My login credentials stopped working suddenly.,account_issue,false,,,,account issue,"[""standard"", ""account""]"
I'm having trouble with The login page.,technical_support,false,,,,bulk addition 4,"[""standard""]"
Where can I find documentation about the dashboard?,general_question,false,,,,bulk addition 4,"[""standard""]"
Getting error code 500 whenever I hit save.,technical_support,false,,,,technical issue,"[""standard"", ""technical""]"
Email delivery is not working.,technical_support,false,,,,bulk addition 4,"[""standard""]"
Does your pro plan support webhook retries?,product_question,false,,,,v3 confusion: product vs general,"[""standard""]"
My workflow automation keeps failing.,technical_support,false,,,,v3 bulk tech,"[""standard"", ""technical""]"
How does audit logging work in your platform?,general_question,false,,,,v3 bulk gq,"[""standard""]"
What are the additional costs for extra storage?,pricing,false,,,,pricing question,"[""standard"", ""pricing""]"
mujhe aapki service ka referral link chahiye,general_question,false,,,,v3 bulk hinglish,"[""hinglish""]"
Aapki service India mein available hai?,general_question,false,,,,bulk addition,"[""hinglish""]"
mera invoice me galti hai correct karo,pricing,false,,,,,"[""hinglish""]"
Can your API handle webhook retries automatically?,product_question,false,,,,v3 bulk confusion,"[""standard""]"
Having issues with customer portal.,technical_support,false,,,,v3 bulk tech2,"[""standard"", ""technical""]"
Email delivery is broken after the latest update.,technical_support,false,,,,v3 bulk tech,"[""standard"", ""technical""]"
Data export is not loading properly.,technical_support,false,,,,bulk addition 4,"[""standard""]"
mera account ka storage full ho gaya hai upgrade karo,sales,false,,,,v3 bulk hinglish3,"[""hinglish""]"
the integratin with slack brok after updat,technical_support,false,,,,bulk addition 2,"[""noisy""]"
Please do not process any refund. I was mistaken.,refund,false,,,,v3 esc hard neg,"[""hard_negative_escalation"", ""negation""]"
I was frustrated earlier but it's working.,technical_support,false,,,,bulk addition 3,"[""hard_negative_escalation""]"
Process my refund request number 12345.,refund,true,,,,v3 bulk infoact,"[""standard""]"
Can I connect multiple mailboxes?,product_question,false,,,,bulk addition,"[""standard""]"
Do you offer different pricing tiers for training sessions?,pricing,false,,,,v3 bulk pricing2,"[""standard"", ""pricing""]"
Can you fix my account? Also how much for premium?,account_issue,false,,,,v3 multi-intent,"[""multi_intent""]"
Setup kaise kare? Mujhe koi guide nahi mil rahi.,general_question,false,,,,bulk addition,"[""hinglish""]"
can u explain the pricin i dnt get it,pricing,false,,,,bulk addition 5,"[""noisy""]"
Team plan ke liye order karna hai.,sales,false,,,,hinglish sales,"[""hinglish""]"
Is there a limit on API calls?,general_question,false,,,,general info question,"[""standard""]"
Your product is a joke.,complaint,false,,,,general complaint,"[""standard"", ""complaint""]"
Aapka product joke hai.,complaint,false,,,,hinglish complaint,"[""hinglish""]"
maine problem report ki thi lekin ab solve ho gayi,technical_support,false,,,,v4 hinglish,"[""hinglish"", ""resolution_state""]"
Bots are not helping. Real person please.,human_request,true,,,,bulk addition 3,"[""standard""]"
How do you handle data privacy?,general_question,false,,,,v3 balance,"[""standard""]"
Is live chat available?,general_question,false,,,,general info question,"[""standard""]"
I'm not comfortable discussing this with a bot.,human_request,true,,,,bulk addition,"[""standard""]"
My bank statement shows a charge I did not authorize.,account_issue,true,,,,v3 bulk esc+,"[""escalation_positive""]"
Where can I find documentation about the calendar sync?,general_question,false,,,,v3 bulk gq,"[""standard""]"
I'm not sure if I need a refund or just an explanation,refund,false,,,,v3 multi-intent,"[""multi_intent""]"
aapne mera auto payment ka option enable kar diya band karo,pricing,false,,,,,"[""hinglish""]"
Can I call someone directly at your office?,human_request,true,,,,v3 balance,"[""standard""]"
kya aap Salesforce integration support karte ho?,product_question,false,,,,hinglish product question,"[""hinglish""]"
Email delivery stopped working suddenly.,technical_support,false,,,,bulk addition 4,"[""standard""]"
this is the 5th tim i am reportin the same bug,technical_support,true,,,,bulk addition 2,"[""noisy""]"
Accha,other,false,,,,other / off-topic,"[""standard"", ""other""]"
Can I customize notification templates?,product_question,false,,,,product feature question,"[""standard""]"
Refund request for the annual subscription I just paid.,refund,true,,,,bulk addition,"[""standard""]"
$50 plan mein kya kya aata hai?,pricing,false,,,,hinglish pricing,"[""hinglish""]"
hlo i need ur help regarding billing,pricing,false,,,,v3 noisy,"[""noisy""]"
I get an error when using The API endpoint.,technical_support,false,,,,v3 bulk tech,"[""standard"", ""technical""]"
The The search bar feature is causing errors.,technical_support,false,,,,bulk addition 4,"[""standard""]"
i wnt my subscription canclled immedietly,sales,false,,,,v3 bulk noisy,"[""noisy""]"
Don't bother escalating. I've moved on.,complaint,false,,,,bulk addition,"[""hard_negative_escalation""]"
I retract my earlier complaint. Everything is working.,complaint,false,,,,v3 bulk esc-,"[""hard_negative_escalation"", ""resolution_state""]"
Turn off my auto-renewal immediately.,sales,false,,,,v3 info vs action,"[""standard""]"
Can I speak to a real person?,human_request,true,,,,human request,"[""escalation_positive"", ""human_request""]"
How does the analytics dashboard work in your platform?,general_question,false,,,,v3 bulk gq,"[""standard""]"
I've been transferred between three agents with no resolution.,complaint,true,,,,v3 esc hard pos,"[""escalation_positive""]"
The search bar is showing incorrect data.,technical_support,false,,,,v3 bulk tech,"[""standard"", ""technical""]"
How do I cook pasta?,other,false,,,,other / off-topic,"[""standard"", ""other""]"
I need an exception to your policy due to your error.,refund,true,,,,bulk addition 5,"[""escalation_positive""]"
my accnt details were changed without my knwledge,account_issue,true,,,,v3 bulk noisy3,"[""noisy""]"
The notification system is not working.,technical_support,false,,,,v3 bulk tech,"[""standard"", ""technical""]"
Do you have a mobile SDK?,product_question,false,,,,bulk addition 3,"[""standard""]"
mera payment ka refund kab tak aayega,refund,true,,,,v4 hinglish,"[""hinglish""]"
How often is data backed up?,general_question,false,,,,general info question,"[""standard""]"
Do you have a mobile app?,general_question,false,,,,general info question,"[""standard""]"
Refund request for the premium plan upgrade.,refund,true,,,,bulk addition 5,"[""standard""]"
Do you have a CRM tool?,general_question,false,,,,v3 confusion: product vs general,"[""standard""]"
Can you help me with a technical issue and also explain pricing?,technical_support,false,,,,v3 bulk multi,"[""multi_intent""]"
What's the overage charge?,pricing,false,,,,pricing question,"[""standard"", ""pricing""]"
Can I set up conditional email triggers?,product_question,false,,,,bulk addition 2,"[""standard""]"
How does the template system work in your platform?,general_question,false,,,,v3 bulk gq,"[""standard""]"
I am formally requesting an escalation to your CTO office.,complaint,true,,,,v3 bulk esc+,"[""escalation_positive""]"
Please ignore my previous message. Resolved.,other,false,,,,bulk addition 2,"[""hard_negative_escalation""]"
Profile update nahi ho raha.,account_issue,false,,,,hinglish account issue,"[""hinglish""]"
What do I need to know about the calendar sync?,general_question,false,,,,v3 bulk gq,"[""standard""]"
Your platform is great but I have a few feature requests.,product_question,false,,,,v3 bulk multi3,"[""multi_intent""]"
kya mein apna plan change kar sakta hu,pricing,false,,,,,"[""hinglish""]"
How much for additional storage space?,pricing,false,,,,pricing question,"[""standard"", ""pricing""]"
Error,technical_support,false,,,,very short message,[]
aapki app ke features kya hain,product_question,false,,,,,"[""hinglish""]"
the folder structure has a bug that needs fixing.,technical_support,false,,,,v3 bulk tech3,"[""standard"", ""technical""]"
I need both technical support and a refund for the downtime,refund,true,,,,v3 multi-intent,"[""multi_intent""]"
How long does it take to set up the dashboard?,general_question,false,,,,v3 bulk gq,"[""standard""]"
kya basic plan mein analytics hai?,product_question,false,,,,hinglish product question,"[""hinglish""]"
How does team permissions affect my account?,general_question,false,,,,v3 bulk gq2,"[""standard""]"
Do you offer payment plan options?,pricing,false,,,,bulk addition,"[""standard""]"
Please koi senior ko batao. Ye urgent hai.,human_request,true,,,,escalation hard positive,"[""escalation_positive"", ""hard_positive""]"
Don't send me to billing. I don't need that.,general_question,false,,,,v3 negation,"[""negation""]"
How much for additional users?,pricing,false,,,,v3 bulk pricing,"[""standard"", ""pricing""]"
i dont lik this servis at all,complaint,false,,,,v3 noisy,"[""noisy""]"
I demand to speak with a customer service representative immediately.,human_request,true,,,,bulk addition,"[""standard""]"
ur bot is dumm giv me reel person,human_request,true,,,,bulk addition 3,"[""noisy""]"
I'm having trouble with Data export.,technical_support,false,,,,v3 bulk tech,"[""standard"", ""technical""]"
Aapke yaha kaam karte ho ya nahi? 4 din se wait.,complaint,true,,,,bulk addition 2,"[""hinglish""]"
Where is my refund? It's been 2 weeks.,refund,true,,,,bulk addition,"[""standard""]"
Is there a way to bulk operations?,general_question,false,,,,v3 bulk gq2,"[""standard""]"
No need to transfer me. You answered my question perfectly.,general_question,false,,,,v3 bulk esc-,"[""hard_negative_escalation""]"
how do i get in touch with sals,sales,false,,,,spelling/noisy text,"[""noisy""]"
What's included in the $50 plan?,pricing,false,,,,pricing question,"[""standard"", ""pricing""]"
i cnt chanj my email,account_issue,false,,,,v3 noisy,"[""noisy""]"
i cnt see my invoices in the billng section,pricing,false,,,,v3 bulk noisy3,"[""noisy""]"
Webhook is sending duplicate events.,technical_support,false,,,,bulk addition,"[""standard""]"
Can I add 10 more seats to my account?,sales,false,,,,purchase intent,"[""standard"", ""sales""]"
I need a call from senior management about this issue.,human_request,true,,,,v3 bulk esc+3,"[""escalation_positive""]"
Can I use your service for personal projects?,general_question,false,,,,v3 balance,"[""standard""]"
My colleague helped me resolve this. Close the ticket.,technical_support,false,,,,v3 bulk resolution,"[""resolution_state""]"
"Can I speak to sales? Actually, just tell me the price.",pricing,false,,,,v3 multi-intent,"[""multi_intent""]"
I want to buy the plan but I need technical help with setup first,sales,false,,,,v3 multi-intent,"[""multi_intent""]"
Is additional users included in the base price?,pricing,false,,,,bulk addition 4,"[""standard""]"
The webhook integration is not loading properly.,technical_support,false,,,,bulk addition 4,"[""standard""]"
Demo chahiye sales team se. Schedule karo.,sales,false,,,,hinglish example,"[""hinglish""]"
Is SSO integration included in the base price?,pricing,false,,,,v3 bulk pricing,"[""standard"", ""pricing""]"
Can I customize keyboard shortcuts?,general_question,false,,,,v3 bulk gq2,"[""standard""]"
Maine aapka product use karna shuru kiya 3 hafte pehle. Bahut sare features hain jo mujhe pasand aaye lekin kuch cheezein theek nahi hain. Pehli baat to ye ki setup process bahut complicated hai. Mujhe khud hi figure out karna pada ki kaise kaam karta hai. Aapke paas koi beginner guide nahi hai. Doosri baat ye ki customer support ka response time bahut slow hai. Maine 3 din pehle email kiya tha but aaj tak koi reply nahi aaya. Teesri baat ye ki mobile app bahut baar crash hoti hai. Overall I think the product has potential but it needs improvement in these areas.,complaint,false,,,,long message,"[""long""]"
mujhe aapke integration ke bare mein bataye Salesforce ke saath,product_question,false,,,,,"[""hinglish""]"
Do I pay extra for extra storage?,pricing,false,,,,bulk addition 4,"[""standard""]"
Where can I find documentation about team management?,general_question,false,,,,v3 bulk gq,"[""standard""]"
Kya aap monthly billing bhi support karte ho?,pricing,false,,,,hinglish pricing,"[""hinglish""]"
Is there a status page for outages?,general_question,false,,,,general info question,"[""standard""]"
aapke yaha bulk SMS kitne ka hai,pricing,false,,,,v3 bulk hinglish,"[""hinglish""]"
File upload nahi ho raha. Error aa raha hai.,technical_support,false,,,,hinglish technical support,"[""hinglish""]"
aapne mujhe galat currency mein payment kiya,pricing,true,,,,v3 bulk hinglish3,"[""hinglish""]"
What's the pricing for the enterprise add-on?,pricing,false,,,,bulk addition 4,"[""standard""]"
my account is lokced help,account_issue,true,,,,spelling/noisy text,"[""noisy""]"
Does it support dependency tracking?,product_question,false,,,,v3 balance,"[""standard""]"
I'm going to dispute this with my bank.,technical_support,true,,,,escalation hard positive,"[""escalation_positive"", ""hard_positive""]"
aapne mujhe refund ka confirmation bheja tha but aaya nahi,refund,true,,,,v3 bulk hinglish,"[""hinglish""]"
I was about to get angry but then it fixed.,technical_support,false,,,,bulk addition 3,"[""hard_negative_escalation""]"
Can you explain data export?,general_question,false,,,,v3 bulk gq,"[""standard""]"
My entire company's workflow is halted by this bug.,technical_support,true,,,,v3 bulk esc+,"[""escalation_positive""]"
How does the mobile app work in your platform?,general_question,false,,,,v3 bulk gq,"[""standard""]"
I have been trying to reach your support team for days without any response. This is extremely frustrating and I need someone to address my concerns immediately.,complaint,true,,,,cross 2000,"[""escalation_positive"", ""long""]"
i paid but not gettin acsess,account_issue,true,,,,spelling/noisy text,"[""noisy""]"
The integration with Slack disconnected again.,technical_support,false,,,,technical issue,"[""standard"", ""technical""]"
the report generator is nt wrking properly,technical_support,false,,,,v3 bulk noisy3,"[""noisy""]"
aapke yaha free trial kitne din ka hai,general_question,false,,,,v3 bulk hinglish,"[""hinglish""]"
mujhe aapke software ke saath Shopify integration chahiye,product_question,false,,,,v3 bulk hinglish3,"[""hinglish""]"
Backup fail ho raha hai har raat.,technical_support,false,,,,hinglish technical support,"[""hinglish""]"
mujhe aapki service ka live demo dikhao,sales,false,,,,v3 bulk hinglish,"[""hinglish""]"
Can I use your service for free?,general_question,false,,,,general info question,"[""standard""]"
I forgot my password and the reset link isn't working.,account_issue,false,,,,account issue,"[""standard"", ""account""]"
aapke software mein Hindi font support hai kya,product_question,false,,,,v3 bulk hinglish,"[""hinglish""]"
need help setting up my workspace,general_question,false,,,,v4 noisy,"[""noisy""]"
I demand to know why this was not caught in your testing.,complaint,true,,,,v3 bulk esc+,"[""escalation_positive""]"
i wana buy ur premium plan but the cart is broken,sales,true,,,,v3 bulk noisy,"[""noisy""]"
my workflo is not runing,technical_support,false,,,,spelling/noisy text,"[""noisy""]"
Meri purani company se data migrate karo.,general_question,false,,,,hinglish example,"[""hinglish""]"
What happens if I don't renew in time?,general_question,false,,,,bulk addition,"[""standard""]"
Does it have time tracking?,product_question,false,,,,bulk addition,"[""standard""]"
I have a technical issue and I want to complain about it.,technical_support,false,,,,bulk addition,"[""multi_intent""]"
Is there a way to search filters?,general_question,false,,,,v3 bulk gq2,"[""standard""]"
Product query,product_question,false,,,,very short message,[]
What should I know about the account setup?,general_question,false,,,,v3 bulk gq3,"[""standard""]"
What is the cost for dedicated support?,pricing,false,,,,bulk addition 2,"[""standard""]"
The dashboard keeps showing a 500 error.,technical_support,false,,,,technical issue,"[""standard"", ""technical""]"
The email notifications are being sent to wrong recipients.,technical_support,false,,,,bulk addition,"[""standard""]"
My account was compromised and sensitive data was accessed.,account_issue,true,,,,bulk addition 3,"[""escalation_positive""]"
I need to talk to a person about my account security.,human_request,true,,,,v3 balance,"[""standard""]"
I don't need a human. Just answer my question.,general_question,false,,,,escalation hard negative,"[""hard_negative_escalation""]"
Page load nahi ho raha. Infinite loading.,technical_support,false,,,,hinglish technical support,"[""hinglish""]"
What do I need to know about team management?,general_question,false,,,,v3 bulk gq,"[""standard""]"
mera payment method update nahi ho raha,account_issue,false,,,,,"[""hinglish""]"
my api key brok,technical_support,false,,,,v3 noisy,"[""noisy""]"
Can backup be disabled?,general_question,false,,,,bulk addition 4,"[""standard""]"
ur chargin me rong ammount,pricing,true,,,,spelling/noisy text,"[""noisy""]"
Cancel now.,sales,false,,,,v4 short,"[""standard""]"
No I don't need a call. Email is sufficient.,general_question,false,,,,v3 negation,"[""negation""]"
Encountering problems with the sort option.,technical_support,false,,,,v3 bulk tech3,"[""standard"", ""technical""]"
Is there a starter plan?,pricing,false,,,,pricing question,"[""standard"", ""pricing""]"
aapki app bahut storage le rahi hai phone ki,technical_support,false,,,,v3 bulk hinglish3,"[""hinglish""]"
Can you help me fix Data export?,technical_support,false,,,,v3 bulk tech,"[""standard"", ""technical""]"
Aapne mujhe overcharge kiya hai. Check karo.,pricing,true,,,,hinglish example,"[""hinglish""]"
What are the benefits of the reporting module?,general_question,false,,,,v3 bulk gq,"[""standard""]"
Where can I find documentation about the user directory?,general_question,false,,,,v3 bulk gq,"[""standard""]"
hello world,other,false,,,,other / off-topic,"[""standard"", ""other""]"
This needs a human touch. Please transfer.,human_request,true,,,,bulk addition,"[""standard""]"
My account was merged with someone else's data.,account_issue,true,,,,bulk addition,"[""standard""]"
Can you guide me through the contact directory?,general_question,false,,,,v3 bulk gq3,"[""standard""]"
I'm having trouble with The search bar.,technical_support,false,,,,bulk addition 4,"[""standard""]"
I'm confused about my bill and angry about it.,pricing,false,,,,bulk addition,"[""confusion_pair""]"
Your app keeps crashing and I want to speak to someone.,technical_support,true,,,,v3 bulk multi3,"[""multi_intent""]"
I insist on speaking to a human agent.,human_request,true,,,,human request,"[""escalation_positive"", ""human_request""]"
I'm having trouble with The template preview.,technical_support,false,,,,bulk addition 4,"[""standard""]"
My payment failed and I need help from a human,technical_support,true,,,,v3 multi-intent,"[""multi_intent""]"
mera payment successful dikha raha hai but credits nahi aaye,technical_support,true,,,,,"[""hinglish""]"
The CSV importer is showing incorrect data.,technical_support,false,,,,v3 bulk tech,"[""standard"", ""technical""]"
mujhe bulk payment ka option chahiye,product_question,false,,,,v3 bulk hinglish,"[""hinglish""]"
kya aapke yaha cashback milta hai,pricing,false,,,,,"[""hinglish""]"
How do I invite team members?,general_question,false,,,,general info question,"[""standard""]"
Does the tool support bulk operations?,product_question,false,,,,product feature question,"[""standard""]"
How do I configure billing history?,general_question,false,,,,v3 bulk gq3,"[""standard""]"
Talk to a person or I'm leaving.,human_request,true,,,,confusion pair example,"[""confusion_pair""]"
Main to sirf pricing poochh raha tha but ab account bhi nahi chal raha.,pricing,false,,,,multi-intent example,"[""multi_intent""]"
My workflow automation stopped mid-execution.,technical_support,false,,,,technical issue,"[""standard"", ""technical""]"
Too expensive,pricing,false,,,,bulk addition 5,"[""standard""]"
How does your product compare to competitors?,product_question,false,,,,product feature question,"[""standard""]"
the app is frezzing evry 5 min,technical_support,false,,,,v3 noisy,"[""noisy""]"
my passwrd isnt wrking even after reset,account_issue,false,,,,v3 bulk noisy,"[""noisy""]"
Your automated system is not understanding my issue. Human needed.,human_request,true,,,,bulk addition,"[""standard""]"
What is the cost of custom reporting?,pricing,false,,,,v3 bulk pricing,"[""standard"", ""pricing""]"
"Nice, thanks!",other,false,,,,v3 balance3,"[""standard""]"
My team is waiting on me and I can't deliver because of your bug.,technical_support,true,,,,v3 bulk esc+,"[""escalation_positive""]"
I need my money refunded today.,refund,true,,,,refund demand,"[""escalation_positive"", ""refund""]"
Process my refund or I will dispute with my bank.,refund,true,,,,bulk addition,"[""standard""]"
Is backup available in all plans?,general_question,false,,,,bulk addition 4,"[""standard""]"
Payment failed but paisa kat gaya. Double problem.,technical_support,true,,,,hinglish example,"[""hinglish""]"
I need help with my bill and I'm upset.,pricing,false,,,,bulk addition 2,"[""confusion_pair""]"
I'm considering legal options if this isn't fixed.,complaint,true,,,,escalation hard positive,"[""escalation_positive"", ""hard_positive""]"
aapne mera card galat charge kiya,pricing,true,,,,,"[""hinglish""]"
I demand to speak to a human supervisor.,human_request,true,,,,human request,"[""escalation_positive"", ""human_request""]"
What is the per-transaction fee?,pricing,false,,,,pricing question,"[""standard"", ""pricing""]"
I want to buy the pro plan now.,sales,false,,,,purchase intent,"[""standard"", ""sales""]"
i want 2 spek to a manager,human_request,true,,,,spelling/noisy text,"[""noisy""]"
i cnt find the cancle buton anywer,sales,false,,,,bulk addition 2,"[""noisy""]"
The calendar sync is not working.,technical_support,false,,,,v3 bulk tech,"[""standard"", ""technical""]"
the search is not workin at all fix it,technical_support,false,,,,bulk addition 5,"[""noisy""]"
How much for advanced analytics?,pricing,false,,,,v3 bulk pricing,"[""standard"", ""pricing""]"
Testing testing 123,other,false,,,,other / off-topic,"[""standard"", ""other""]"
Can I speak to technical support? Actually just tell me the price.,pricing,false,,,,multi-intent example,"[""multi_intent""]"
How does custom fields work in your platform?,general_question,false,,,,bulk addition 4,"[""standard""]"
Need a human to help with purchase and also technical setup.,sales,false,,,,v3 bulk multi3,"[""multi_intent""]"
Aapki vajah se mera client loss ho raha hai.,complaint,true,,,,escalation hard positive,"[""escalation_positive"", ""hard_positive""]"
kya aap custom integration support karte ho,product_question,false,,,,,"[""hinglish""]"
My account is broken and I need a human to fix it.,account_issue,true,,,,bulk addition,"[""multi_intent""]"
how to add team membrs,general_question,false,,,,spelling/noisy text,"[""noisy""]"
Your AI is useless. Humans only from now on.,human_request,true,,,,bulk addition 2,"[""standard""]"
The login page is broken after the latest update.,technical_support,false,,,,bulk addition 4,"[""standard""]"
I tried to check my plan price but the page won't load.,account_issue,false,,,,confusion pair example,"[""confusion_pair""]"
The backup system keeps failing.,technical_support,false,,,,v3 bulk tech,"[""standard"", ""technical""]"
i was chargd aftr i canclld refund,refund,true,,,,bulk addition 3,"[""noisy""]"
Aapki service India mein kyu slow hai?,technical_support,false,,,,hinglish example,"[""hinglish""]"
Hello ji,other,false,,,,very short message,[]
y do u charg so much 4 basic features,pricing,false,,,,bulk addition 5,"[""noisy""]"
I'm not disputing the charge. Just asking about it.,pricing,false,,,,v3 negation,"[""negation""]"
How much per user per month?,pricing,false,,,,pricing question,"[""standard"", ""pricing""]"
I need this resolved before the end of the business day.,technical_support,true,,,,v3 esc hard pos,"[""escalation_positive""]"
Forget I said anything about being upset. I'm fine now.,complaint,false,,,,v3 bulk esc-,"[""hard_negative_escalation"", ""resolution_state""]"
aapke yaha custom domain kitne ka milta hai,pricing,false,,,,v3 bulk hinglish3,"[""hinglish""]"
Your platform is a joke and my account doesn't work.,account_issue,false,,,,confusion pair example,"[""confusion_pair""]"
Can I schedule automated email campaigns with your tool?,product_question,false,,,,v3 balance,"[""standard""]"
Is there a tutorial for email notifications?,general_question,false,,,,bulk addition 4,"[""standard""]"
Maine bahut patience dikhaya but ab limit aa gayi. Senior ko bulao.,complaint,true,,,,v3 bulk esc+,"[""escalation_positive"", ""hinglish""]"
Good,other,false,,,,very short message,[]
My business is suffering because of your incompetence.,complaint,true,,,,escalation hard positive,"[""escalation_positive"", ""hard_positive""]"
How long does it take to set up data export?,general_question,false,,,,bulk addition 4,"[""standard""]"
mujhe apna account ka invoice chahiye,pricing,false,,,,v3 bulk hinglish,"[""hinglish""]"
Integration kaise karte hai Salesforce se?,product_question,false,,,,hinglish example,"[""hinglish""]"
Can I connect my CRM directly?,product_question,false,,,,product feature question,"[""standard""]"
Is there a way to session timeouts?,general_question,false,,,,v3 bulk gq2,"[""standard""]"
The page is loading infinitely without any content.,technical_support,false,,,,technical issue,"[""standard"", ""technical""]"
The password reset link is broken. Help.,technical_support,false,,,,v3 confusion: general vs tech,"[""standard""]"
What is the purpose of profile visibility?,general_question,false,,,,v3 bulk gq2,"[""standard""]"
What is your refund policy?,general_question,false,,,,v3 info vs action,"[""standard""]"
My workflow automation is broken after the latest update.,technical_support,false,,,,bulk addition 4,"[""standard""]"
aapka software mere browser mein sahi load nahi ho raha,technical_support,false,,,,v3 bulk hinglish3,"[""hinglish""]"
Get me a human. The bot is useless.,human_request,true,,,,human request,"[""escalation_positive"", ""human_request""]"
plese fix my paymnt issue,pricing,false,,,,v3 noisy,"[""noisy""]"
meri team ke liye alag workspace chahiye,sales,false,,,,,"[""hinglish""]"
I'm not leaving your platform. I'm just frustrated.,complaint,false,,,,v3 bulk negation,"[""negation""]"
Where can I find documentation about the import tool?,general_question,false,,,,v3 bulk gq,"[""standard""]"
I want to return your product and complain.,refund,true,,,,bulk addition 2,"[""confusion_pair""]"
What reporting dimensions are available?,product_question,false,,,,bulk addition,"[""standard""]"
Your platform is full of bugs and glitches.,complaint,false,,,,general complaint,"[""standard"", ""complaint""]"
hlo i need ur help,general_question,false,,,,spelling/noisy text,"[""noisy""]"
The API endpoint is showing incorrect data.,technical_support,false,,,,bulk addition 4,"[""standard""]"
aapne mujhe wrong currency mein bill kiya,pricing,true,,,,,"[""hinglish""]"
I'm being asked by my management for an update on this issue.,technical_support,true,,,,v3 bulk esc+3,"[""escalation_positive""]"
Work email access nahi hai aur login nahi ho raha.,account_issue,false,,,,hinglish account issue,"[""hinglish""]"
Bas price chahiye tha. Koi escalate mat karo.,pricing,false,,,,v3 esc hard neg hinglish,"[""hard_negative_escalation"", ""hinglish""]"
What is the cost of SSO integration?,pricing,false,,,,v3 bulk pricing,"[""standard"", ""pricing""]"
how 2 get a refnd i need it urgent,refund,true,,,,bulk addition 5,"[""noisy""]"
My custom scripts stopped working after the latest update.,technical_support,false,,,,technical issue,"[""standard"", ""technical""]"
Email delivery keeps failing.,technical_support,false,,,,bulk addition 4,"[""standard""]"
You don't need to call me about this. Email is enough.,general_question,false,,,,v3 bulk esc-,"[""hard_negative_escalation""]"
I have escalated this internally. Your team needs to respond.,complaint,true,,,,escalation hard positive,"[""escalation_positive"", ""hard_positive""]"
This is the second time this week the same error occurred.,technical_support,true,,,,v3 bulk esc+,"[""escalation_positive""]"
I need a dedicated resource assigned to fix this problem.,human_request,true,,,,v3 bulk esc+3,"[""escalation_positive""]"
Can someone please call me regarding my account?,human_request,true,,,,bulk addition,"[""standard""]"
How long does it take to set up multi-factor auth?,general_question,false,,,,v3 bulk gq,"[""standard""]"
Can you explain file sharing?,general_question,false,,,,v3 bulk gq,"[""standard""]"
Don't escalate this. I just want information.,general_question,false,,,,bulk addition,"[""hard_negative_escalation""]"
Your service is down and I want compensation.,technical_support,true,,,,bulk addition 5,"[""multi_intent""]"
What is your refund policy?,general_question,false,,,,general info question,"[""standard""]"
Every time I try to save my work the page crashes,technical_support,false,,,,v3 confusion: tech vs complaint,"[""standard""]"
I get an error when using The webhook integration.,technical_support,false,,,,bulk addition 4,"[""standard""]"
What is the cost of the enterprise add-on?,pricing,false,,,,v3 bulk pricing,"[""standard"", ""pricing""]"
Cancel my subscription effective immediately.,sales,false,,,,v3 bulk infoact,"[""standard""]"
Take me to your supervisor right now.,human_request,true,,,,bulk addition 5,"[""standard""]"
i cnt chang my email adres,account_issue,false,,,,v3 noisy,"[""noisy""]"
Mujhe koi call nahi chahiye. Bas email karo.,general_question,false,,,,v3 negation hinglish,"[""negation"", ""hinglish""]"
Thank you for your help.,other,false,,,,bulk addition,"[""standard""]"
I need technical support for a billing issue.,technical_support,false,,,,multi-intent example,"[""multi_intent""]"
Can I share dashboards with clients?,general_question,false,,,,bulk addition 2,"[""standard""]"
Tell me the monthly cost for 10 users,pricing,false,,,,v4 confusion,"[""confusion_pair""]"
I want to talk to a human about my refund,refund,true,,,,v3 multi-intent,"[""multi_intent""]"
the app is not respnding wen i tap,technical_support,false,,,,v4 noisy,"[""noisy""]"
Payment declined.,technical_support,false,,,,v4 short,"[""standard""]"
How much for API access add-on?,pricing,false,,,,pricing question,"[""standard"", ""pricing""]"
I want to talk to your solutions architect.,sales,false,,,,bulk addition 2,"[""standard""]"
Beep boop I am a robot.,other,false,,,,bulk addition 2,"[""standard""]"
Aapki team ka response time bahut slow hai.,complaint,false,,,,bulk addition,"[""hinglish""]"
What is the purpose of session timeouts?,general_question,false,,,,v3 bulk gq2,"[""standard""]"
I am unable to use the sort option correctly.,technical_support,false,,,,v3 bulk tech3,"[""standard"", ""technical""]"
Can I build custom reports?,product_question,false,,,,product feature question,"[""standard""]"
Is there a tutorial for user permissions?,general_question,false,,,,v3 bulk gq,"[""standard""]"
Ek hafte se problem hai. Koi resolve kyu nahi kar raha?,complaint,true,,,,hinglish example,"[""hinglish""]"
mujhe aapke software ke source code access chahiye,other,false,,,,v3 bulk hinglish,"[""hinglish""]"
How do I configure subscription management?,general_question,false,,,,v3 bulk gq3,"[""standard""]"
Tell me a fun fact,other,false,,,,other / off-topic,"[""standard"", ""other""]"
aapka pricing page mujhe samajh nahi aa raha,pricing,false,,,,v3 bulk hinglish3,"[""hinglish""]"
My subscription was correctly set up after your help.,sales,false,,,,v3 resolution,"[""resolution_state""]"
What do I need to know about the workflow builder?,general_question,false,,,,v3 bulk gq,"[""standard""]"
I don't want to speak to a manager. You answered my question.,general_question,false,,,,v3 esc hard neg,"[""hard_negative_escalation""]"
I'm having trouble with File upload.,technical_support,false,,,,bulk addition 4,"[""standard""]"
I'm just here for the comments.,other,false,,,,bulk addition 2,"[""standard""]"
What do I need to know about role management?,general_question,false,,,,v3 bulk gq,"[""standard""]"
i m lockd out of my acnt since 3 days,account_issue,true,,,,bulk addition 5,"[""noisy""]"
The webhook integration is showing incorrect data.,technical_support,false,,,,v3 bulk tech,"[""standard"", ""technical""]"
ticket routing stopped responding.,technical_support,false,,,,v3 bulk tech2,"[""standard"", ""technical""]"
Can I create project templates?,product_question,false,,,,v3 balance,"[""standard""]"
The notification system is showing incorrect data.,technical_support,false,,,,bulk addition 4,"[""standard""]"
Earlier I was frustrated but everything works now. No action needed.,complaint,false,,,,v3 esc hard neg,"[""hard_negative_escalation"", ""resolution_state""]"
Can you guide me through activity tracking?,general_question,false,,,,v3 bulk gq3,"[""standard""]"
Is there a tutorial for content scheduling?,general_question,false,,,,v3 bulk gq,"[""standard""]"
Our company has selected your platform for rollout.,sales,false,,,,bulk addition,"[""standard""]"
batch processing is causing errors in my workflow.,technical_support,false,,,,v3 bulk tech2,"[""standard"", ""technical""]"
Your customer service is a joke.,complaint,false,,,,general complaint,"[""standard"", ""complaint""]"
My account is showing as inactive even though I'm paying.,account_issue,false,,,,account issue,"[""standard"", ""account""]"
Can you explain multi-factor auth?,general_question,false,,,,v3 bulk gq,"[""standard""]"
mujhe aapke yaha bulk user import ka feature chahiye,product_question,false,,,,v3 bulk hinglish3,"[""hinglish""]"
wher is the upgarde buton,product_question,false,,,,v3 noisy,"[""noisy""]"
I love the product but I'm having a login issue.,account_issue,false,,,,v3 bulk multi,"[""multi_intent""]"
dashboard export stopped responding.,technical_support,false,,,,v3 bulk tech2,"[""standard"", ""technical""]"
user import stopped responding.,technical_support,false,,,,v3 bulk tech2,"[""standard"", ""technical""]"
I'm ready to purchase. Here is my PO number.,sales,false,,,,bulk addition,"[""standard""]"
Do I pay extra for dedicated server?,pricing,false,,,,bulk addition 4,"[""standard""]"
Help!,general_question,true,,,,very short message,[]
aapki app storage bahut le rahi hai phone mein,technical_support,false,,,,,"[""hinglish""]"
I want to move forward with the implementation.,sales,false,,,,purchase intent,"[""standard"", ""sales""]"
Koi mera account hack kar raha hai. Help karo.,account_issue,true,,,,hinglish example,"[""hinglish""]"
aapki app ki design outdated hai,complaint,false,,,,,"[""hinglish""]"
How does the auto-renewal work?,general_question,false,,,,v3 info vs action,"[""standard""]"
Can you help me fix Email delivery?,technical_support,false,,,,bulk addition 4,"[""standard""]"
aapke yaha annual plan pe kya discount hai,pricing,false,,,,v3 bulk hinglish,"[""hinglish""]"
What are the benefits of two-factor authentication?,general_question,false,,,,v3 bulk gq,"[""standard""]"
Can you guide me through file organization?,general_question,false,,,,v3 bulk gq3,"[""standard""]"
Where can I find documentation about data export?,general_question,false,,,,v3 bulk gq,"[""standard""]"
password kaise reset kare?,general_question,false,,,,general info question,"[""standard""]"
Maine bahut wait kiya but koi farak nahi pada.,complaint,false,,,,hinglish complaint,"[""hinglish""]"
Where can I find documentation about two-factor authentication?,general_question,false,,,,bulk addition 4,"[""standard""]"
maine galati se account delete kar diya recover karo,account_issue,true,,,,,"[""hinglish""]"
This ridiculous platform has cost me hours. But do not call me.,complaint,false,,,,bulk addition 3,"[""hard_negative_escalation""]"
What is the cost of priority support?,pricing,false,,,,v3 bulk pricing,"[""standard"", ""pricing""]"
I'm angry about the price but I need the product.,pricing,false,,,,bulk addition 5,"[""multi_intent""]"
Our procurement team needs a formal quote.,sales,false,,,,bulk addition 2,"[""standard""]"
I'm calling about an account issue and I want a refund.,refund,true,,,,bulk addition 3,"[""confusion_pair""]"
Having issues with batch processing.,technical_support,false,,,,v3 bulk tech2,"[""standard"", ""technical""]"
signup kaise kare?,general_question,false,,,,general info question,"[""standard""]"
The dashboard is showing data from another user's account,technical_support,true,,,,v3 confusion: account vs tech,"[""standard""]"
How does backup work in your platform?,general_question,false,,,,bulk addition 4,"[""standard""]"
The search bar is broken after the latest update.,technical_support,false,,,,v3 bulk tech,"[""standard"", ""technical""]"
The real-time sync is lagging by 5 minutes.,technical_support,false,,,,technical issue,"[""standard"", ""technical""]"
I need a person to help me purchase,sales,false,,,,v3 bulk confusion,"[""standard""]"
Does it support custom CSS?,product_question,false,,,,product feature question,"[""standard""]"
Do not escalate this ticket. It's a simple question.,general_question,false,,,,v3 negation,"[""negation""]"
Can you explain the template system?,general_question,false,,,,bulk addition 4,"[""standard""]"
Where can I find documentation about two-factor authentication?,general_question,false,,,,v3 bulk gq,"[""standard""]"
I need 25 licenses for my department.,sales,false,,,,bulk addition,"[""standard""]"
I'm bored. Entertain me.,other,false,,,,other / off-topic,"[""standard"", ""other""]"
My custom CSS changes are not reflected on the portal.,technical_support,false,,,,bulk addition,"[""standard""]"
The form submission is returning 403 errors.,technical_support,false,,,,bulk addition 2,"[""standard""]"
Where can I find documentation about the workflow builder?,general_question,false,,,,v3 bulk gq,"[""standard""]"
The bulk editor is showing incorrect data.,technical_support,false,,,,v3 bulk tech,"[""standard"", ""technical""]"
The PDF export is not loading properly.,technical_support,false,,,,v3 bulk tech,"[""standard"", ""technical""]"
File upload is broken after the latest update.,technical_support,false,,,,v3 bulk tech,"[""standard"", ""technical""]"
How long does it take to set up custom fields?,general_question,false,,,,v3 bulk gq,"[""standard""]"
mera account suspend kyu hua,account_issue,true,,,,,"[""hinglish""]"
How do I set up billing alerts?,general_question,false,,,,v3 bulk gq2,"[""standard""]"
I've tried everything in your knowledge base. Nothing works.,technical_support,true,,,,v3 esc hard pos,"[""escalation_positive""]"
Payment failed and customer support nahi mil raha. Help.,technical_support,true,,,,multi-intent example,"[""multi_intent""]"
I can't accept the invitation to the workspace.,account_issue,false,,,,bulk addition 2,"[""standard""]"
The backup system is not working.,technical_support,false,,,,v3 bulk tech,"[""standard"", ""technical""]"
Is there a tutorial for custom fields?,general_question,false,,,,bulk addition 4,"[""standard""]"
How much does migration cost?,pricing,false,,,,pricing question,"[""standard"", ""pricing""]"
Worst experience ever.,complaint,false,,,,general complaint,"[""standard"", ""complaint""]"
plese refund my muney,refund,true,,,,v3 noisy,"[""noisy""]"
Tell me the price or connect me to sales.,pricing,false,,,,bulk addition 2,"[""confusion_pair""]"
Can we set up a trial for the full enterprise suite?,sales,false,,,,bulk addition,"[""standard""]"
I don't want compensation. I just wanted to let you know.,complaint,false,,,,v3 esc hard neg,"[""hard_negative_escalation""]"
I'm furious. Someone hacked my account. Call me now.,account_issue,true,,,,v3 multi-intent,"[""multi_intent""]"
What is the cost of the mobile app?,pricing,false,,,,bulk addition 4,"[""standard""]"
aapne mujhe galat price quote kiya tha,pricing,false,,,,v4 hinglish,"[""hinglish""]"
I want to speak to sales and also need technical support.,sales,false,,,,v3 bulk multi,"[""multi_intent""]"
I get an error when using File upload.,technical_support,false,,,,v3 bulk tech,"[""standard"", ""technical""]"
What browsers are supported?,general_question,false,,,,bulk addition,"[""standard""]"
Enterprise features ka walkthrough chahiye.,sales,false,,,,hinglish sales,"[""hinglish""]"
Tell me about your product and your pricing,product_question,false,,,,v3 multi-intent,"[""multi_intent""]"
setup karne mein kitna time lagta hai?,general_question,false,,,,general info question,"[""standard""]"
Can you explain user permissions?,general_question,false,,,,bulk addition 4,"[""standard""]"
Mera support ticket 3 din se unresolved hai,complaint,true,,,,v3 bulk hinglish,"[""hinglish""]"
hw to add team membrs,general_question,false,,,,v3 noisy,"[""noisy""]"
y is your customer servis so bad,complaint,false,,,,v3 bulk noisy3,"[""noisy""]"
Account hacked,account_issue,true,,,,bulk addition 5,"[""standard""]"
Please set up 100 users on the annual enterprise plan,sales,false,,,,v3 bulk confusion,"[""standard""]"
Can I connect my domain?,general_question,false,,,,general info question,"[""standard""]"
two-factor authentication support karte ho?,product_question,false,,,,hinglish product question,"[""hinglish""]"
I need information about the notification center.,general_question,false,,,,v3 bulk gq3,"[""standard""]"
What are the benefits of real-time sync?,general_question,false,,,,v3 bulk gq,"[""standard""]"
pls refund my mony,refund,true,,,,spelling/noisy text,"[""noisy""]"
Please do not escalate this to any team. I solved it myself.,technical_support,false,,,,v3 esc hard neg,"[""hard_negative_escalation""]"
The bulk edit feature is not applying changes to all selected items.,technical_support,false,,,,v3 balance,"[""standard""]"
I insist on speaking with a live support agent.,human_request,true,,,,bulk addition 5,"[""standard""]"
Is there a dark mode?,general_question,false,,,,general info question,"[""standard""]"
Multiple users in my organization are affected by this bug.,technical_support,true,,,,v3 bulk esc+,"[""escalation_positive""]"
mera account delete karna hai par data backup chahiye,general_question,false,,,,v4 hinglish,"[""hinglish""]"
This is both a complaint and a question about pricing.,pricing,false,,,,multi-intent example,"[""multi_intent""]"
Mera payment method update nahi ho raha.,account_issue,false,,,,bulk addition 3,"[""hinglish""]"
Is data export available in all plans?,general_question,false,,,,bulk addition 4,"[""standard""]"
I was logged out and now my password doesn't work.,account_issue,false,,,,bulk addition 2,"[""standard""]"
What do I need to know about backup?,general_question,false,,,,v3 bulk gq,"[""standard""]"
Mera invoice galat hai. Correct karo.,pricing,false,,,,hinglish example,"[""hinglish""]"
What is the pricing for education?,pricing,false,,,,bulk addition,"[""standard""]"
Sales team se demo setup karo.,sales,false,,,,hinglish sales,"[""hinglish""]"
Is there a built-in chat feature?,product_question,false,,,,v3 balance,"[""standard""]"
Is there a way to accessibility options?,general_question,false,,,,v3 bulk gq2,"[""standard""]"
Aapka product theek hai but support kharab hai.,complaint,false,,,,hinglish example,"[""hinglish""]"
I am disabled and I need extra help with your platform.,general_question,true,,,,bulk addition 2,"[""escalation_positive""]"
I want a full refund including the setup fee.,refund,true,,,,bulk addition,"[""standard""]"
Is there a way to auto-renewal?,general_question,false,,,,v3 bulk gq2,"[""standard""]"
Do I need to configure the integration wizard manually?,general_question,false,,,,bulk addition 4,"[""standard""]"
my acnt got suspendd for no reeson help,account_issue,true,,,,bulk addition 5,"[""noisy""]"
thx for ur help i apreciate it,other,false,,,,bulk addition,"[""noisy""]"
I'm both interested in buying and angry about my current plan.,sales,false,,,,bulk addition,"[""multi_intent""]"
Can you explain audit logging?,general_question,false,,,,bulk addition 4,"[""standard""]"
The API returns empty responses for valid queries.,technical_support,false,,,,technical issue,"[""standard"", ""technical""]"
Please do not call me. Just reply via email.,general_question,false,,,,v4 esc-,"[""hard_negative_escalation""]"
I need technical help with integration and a price quote.,technical_support,false,,,,v3 bulk multi,"[""multi_intent""]"
File compression feature is producing corrupted files.,technical_support,false,,,,technical issue,"[""standard"", ""technical""]"
Your support has been unacceptably slow for a paid plan.,complaint,true,,,,v3 bulk esc+3,"[""escalation_positive""]"
I love your platform but I need help understanding the features.,product_question,false,,,,multi-intent example,"[""multi_intent""]"
the inline editor is giving me trouble.,technical_support,false,,,,v3 bulk tech3,"[""standard"", ""technical""]"
My workflow automation is showing incorrect data.,technical_support,false,,,,v3 bulk tech,"[""standard"", ""technical""]"
Your product quality has degraded noticeably over time.,complaint,false,,,,v3 balance3,"[""standard""]"
You billed me incorrectly for 3 months. Refund the difference.,refund,true,,,,v3 balance,"[""standard""]"
Mera data export karo. Mai ja raha hu.,general_question,false,,,,bulk addition 2,"[""hinglish""]"
This is resolved. Close the case.,technical_support,false,,,,v3 bulk esc-,"[""hard_negative_escalation"", ""resolution_state""]"
Can I use the platform offline?,general_question,false,,,,bulk addition,"[""standard""]"
I am not complaining. Just providing feedback.,other,false,,,,v4 negation,"[""negation""]"
Is the price negotiable for large teams?,pricing,false,,,,bulk addition,"[""standard""]"
I can't access the admin panel anymore.,account_issue,false,,,,account issue,"[""standard"", ""account""]"
Do you offer student discounts?,pricing,false,,,,pricing question,"[""standard"", ""pricing""]"
Isme multiple currency support hai kya?,product_question,false,,,,hinglish product question,"[""hinglish""]"
How do I set up accessibility options?,general_question,false,,,,v3 bulk gq2,"[""standard""]"
Connect me to your emergency support line.,human_request,true,,,,v3 balance,"[""standard""]"
I'll take legal action if I don't get my money back.,refund,true,,,,multi-intent example,"[""multi_intent""]"
What is the meaning of life?,other,false,,,,other / off-topic,"[""standard"", ""other""]"
"I would like to take a moment to express my deep disappointment with the level of service I have received over the past few weeks. I signed up for your enterprise plan which cost me a significant amount of money and I expected a certain level of quality and reliability. Unfortunately, what I got was frequent downtimes, slow loading speeds, and when I reached out to support, I received generic copy-paste responses that didn't address my specific concerns. I have spoken to three different agents and each one gave me a different answer. This is not what I signed up for and I am considering moving my entire business to a competitor if this is not resolved immediately. I expect a senior manager to contact me within 24 hours.",complaint,true,,,,long message,"[""long""]"
mujhe aapke software ke through report generate karni hai,product_question,false,,,,v3 bulk hinglish,"[""hinglish""]"
"I'm not asking for a refund, I just want to complain",complaint,false,,,,v3 negation,"[""negation""]"
Can you guide me through the file manager?,general_question,false,,,,v3 bulk gq3,"[""standard""]"
mera refund kab tak aayega,refund,true,,,,,"[""hinglish""]"
I am not requesting any action. Just sharing my experience.,complaint,false,,,,v3 bulk esc-,"[""hard_negative_escalation""]"
My payment failed but it's working now. No help needed.,technical_support,false,,,,escalation hard negative,"[""hard_negative_escalation""]"
Can I automate lead scoring?,product_question,false,,,,product feature question,"[""standard""]"
Where can I find documentation about the integration wizard?,general_question,false,,,,v3 bulk gq,"[""standard""]"
Is your service good for small businesses?,general_question,false,,,,confusion pair example,"[""confusion_pair""]"
What are the benefits of the user directory?,general_question,false,,,,v3 bulk gq,"[""standard""]"
What are the benefits of custom fields?,general_question,false,,,,bulk addition 4,"[""standard""]"
i am not abel to acces my acc,account_issue,false,,,,spelling/noisy text,"[""noisy""]"
Complaint about my account and I want to cancel.,account_issue,false,,,,bulk addition 3,"[""multi_intent""]"
This made my day!,other,false,,,,v3 balance,"[""standard""]"
The API returns 502 errors intermittently.,technical_support,false,,,,bulk addition 3,"[""standard""]"
What happens when my subscription expires?,general_question,false,,,,general info question,"[""standard""]"
How long does it take to set up custom fields?,general_question,false,,,,bulk addition 4,"[""standard""]"
Account deactivated for no reason.,account_issue,false,,,,account issue,"[""standard"", ""account""]"
role-based access control hai kya?,product_question,false,,,,hinglish product question,"[""hinglish""]"
How much for additional users?,pricing,false,,,,bulk addition 4,"[""standard""]"
aapka mobile app Android pe kyun nahi chal raha,technical_support,false,,,,,"[""hinglish""]"
i need a refnd 4 last mnth,refund,true,,,,v3 noisy,"[""noisy""]"
Mera refund process karo bahut time ho gaya.,refund,true,,,,bulk addition 5,"[""hinglish""]"
What are the costs associated with team collaboration?,pricing,false,,,,v3 bulk pricing2,"[""standard"", ""pricing""]"
The data table freezes when I scroll.,technical_support,false,,,,bulk addition 3,"[""standard""]"
aapki service se bahut disappointment hai,complaint,false,,,,,"[""hinglish""]"
Please expedite my account setup.,sales,false,,,,bulk addition,"[""standard""]"
How much for premium support?,pricing,false,,,,v3 bulk pricing,"[""standard"", ""pricing""]"
Refund request for poor service and also want to cancel.,refund,true,,,,v3 bulk multi3,"[""multi_intent""]"
aapki team ka response time bahut acha hai,other,false,,,,v3 bulk hinglish3,"[""hinglish""]"
The search function returns no results for existing data.,technical_support,false,,,,technical issue,"[""standard"", ""technical""]"
aapne mujhe overcharge kiya hai check karo,pricing,true,,,,,"[""hinglish""]"
Kya pay-as-you-go option hai?,pricing,false,,,,hinglish pricing,"[""hinglish""]"
Data export is not working.,technical_support,false,,,,v3 bulk tech,"[""standard"", ""technical""]"
aapki website par 500 error aa raha hai,technical_support,false,,,,,"[""hinglish""]"
The My workflow automation feature is causing errors.,technical_support,false,,,,bulk addition 4,"[""standard""]"
The backup system is not loading properly.,technical_support,false,,,,v3 bulk tech,"[""standard"", ""technical""]"
hw do i get a refund for the last month,refund,false,,,,v3 bulk noisy3,"[""noisy""]"
Login?,account_issue,false,,,,very short message,[]
Can I use your API to build a custom integration?,product_question,false,,,,v3 balance,"[""standard""]"
Account deactivate ho gaya bina reason ke.,account_issue,false,,,,hinglish account issue,"[""hinglish""]"
This is causing a cascading failure in our infrastructure.,technical_support,true,,,,v3 bulk esc+,"[""escalation_positive""]"
Mera plan upgrade nahi ho raha hai.,sales,false,,,,bulk addition 2,"[""hinglish""]"
Your product is great but the pricing is confusing. Can you explain?,pricing,false,,,,multi-intent example,"[""multi_intent""]"
Account issue and refund request both.,refund,true,,,,bulk addition 5,"[""multi_intent""]"
Please escalate to a human representative.,human_request,true,,,,human request,"[""escalation_positive"", ""human_request""]"
aapki app mein kuch options disable hain enable karo,technical_support,false,,,,v4 hinglish,"[""hinglish""]"
What should I know about user management?,general_question,false,,,,v3 bulk gq3,"[""standard""]"
The bug that crashed my reports is fixed. Thanks team.,technical_support,false,,,,v3 resolution,"[""resolution_state""]"
API empty response de raha hai.,technical_support,false,,,,hinglish technical support,"[""hinglish""]"
I've sent five emails and nobody has replied.,complaint,true,,,,escalation hard positive,"[""escalation_positive"", ""hard_positive""]"
Having issues with bulk edit.,technical_support,false,,,,v3 bulk tech2,"[""standard"", ""technical""]"
Do you have a public API?,general_question,false,,,,general info question,"[""standard""]"
mera invoice download karte waqt error aa raha hai,technical_support,false,,,,v3 bulk hinglish3,"[""hinglish""]"
How do I enable two-factor authentication?,general_question,false,,,,v3 confusion: general vs tech,"[""standard""]"
Stop the automated responses. Give me a person.,human_request,true,,,,human request,"[""escalation_positive"", ""human_request""]"
bulk edit is causing errors in my workflow.,technical_support,false,,,,v3 bulk tech2,"[""standard"", ""technical""]"
Earlier I had a pricing question but it's clear now.,pricing,false,,,,v3 resolution,"[""resolution_state""]"
How long does it take to set up the import tool?,general_question,false,,,,v3 bulk gq,"[""standard""]"
What time does your support team work?,general_question,false,,,,bulk addition,"[""standard""]"
Is this support or sales?,general_question,false,,,,bulk addition 2,"[""confusion_pair""]"
I'm having trouble with The drag and drop editor.,technical_support,false,,,,v3 bulk tech,"[""standard"", ""technical""]"
Can audit logging be disabled?,general_question,false,,,,bulk addition 4,"[""standard""]"
Refund request and also need help with account closure,refund,true,,,,v3 multi-intent,"[""multi_intent""]"
Mujhe refund chahiye aur account bhi close karna hai.,refund,true,,,,bulk addition,"[""multi_intent""]"
Who is the president of India?,other,false,,,,other / off-topic,"[""standard"", ""other""]"
i need 2 talk to a manager,human_request,true,,,,v4 noisy,"[""noisy""]"
All good on my end now. No further action necessary.,technical_support,false,,,,v3 bulk esc-3,"[""hard_negative_escalation"", ""resolution_state""]"
aapka software setup kaise kare,general_question,false,,,,v3 bulk hinglish,"[""hinglish""]"
Meri email notification nahi aa rahi.,technical_support,false,,,,hinglish example,"[""hinglish""]"
Can I upgrade mid-cycle?,pricing,false,,,,bulk addition,"[""standard""]"
i dnt get y my invoice is so high,pricing,false,,,,v4 noisy,"[""noisy""]"
Can custom fields be disabled?,general_question,false,,,,bulk addition 4,"[""standard""]"
Do I pay extra for SSO integration?,pricing,false,,,,bulk addition 4,"[""standard""]"
What do I need to know about performance monitoring?,general_question,false,,,,v3 bulk gq,"[""standard""]"
Do I pay extra for API access for 100k calls?,pricing,false,,,,bulk addition 4,"[""standard""]"
aapki app ki quality improve karo warna switch kar dunga,complaint,true,,,,,"[""hinglish""]"
Is there a way to data retention limits?,general_question,false,,,,v3 bulk gq2,"[""standard""]"
Where can I find documentation about multi-factor auth?,general_question,false,,,,v3 bulk gq,"[""standard""]"
I need both account recovery and a human on the line.,account_issue,true,,,,bulk addition 2,"[""multi_intent""]"
refund nahi chahiye bas policy batao,refund,false,,,,,"[""hinglish"", ""negation""]"
Can you explain custom fields?,general_question,false,,,,v3 bulk gq,"[""standard""]"
ur app keeps crshing i m frustratd,complaint,true,,,,v4 noisy,"[""noisy""]"
Payment failed and customer support nahi mil raha. Help.,technical_support,true,,,,v3 multi-intent hinglish,"[""multi_intent"", ""hinglish""]"
my team member cant join the workspace,account_issue,false,,,,spelling/noisy text,"[""noisy""]"
Do I pay extra for dedicated server?,pricing,false,,,,v3 bulk pricing,"[""standard"", ""pricing""]"
maine 3 baar email kiya koi reply nahi aaya,complaint,true,,,,,"[""hinglish""]"
What are the costs associated with data storage?,pricing,false,,,,v3 bulk pricing2,"[""standard"", ""pricing""]"
the alignment tool has a bug that needs fixing.,technical_support,false,,,,v3 bulk tech3,"[""standard"", ""technical""]"
I can fix this myself. Just confirm the steps.,technical_support,false,,,,escalation hard negative,"[""hard_negative_escalation""]"
Excellent,other,false,,,,very short message,[]
kya aapke paas app hai?,general_question,false,,,,hinglish general question,"[""hinglish""]"
Is this a complaint or a support ticket?,general_question,false,,,,bulk addition 3,"[""confusion_pair""]"
You guys don't care about your customers at all.,complaint,false,,,,general complaint,"[""standard"", ""complaint""]"
How do I update my profile picture?,general_question,false,,,,general info question,"[""standard""]"
Slow!,technical_support,false,,,,very short message,[]
Can you guide me through billing history?,general_question,false,,,,v3 bulk gq3,"[""standard""]"
I can't log into my account at all,account_issue,false,,,,v3 confusion: account vs tech,"[""standard""]"
Is there funnel analytics?,product_question,false,,,,product feature question,"[""standard""]"
maine payment kar diya lekin account activate nahi hua,technical_support,true,,,,,"[""hinglish""]"
Mene 2 bar pay kar diya. Ek refund karo.,refund,true,,,,bulk addition,"[""hinglish""]"
Is there GDPR compliance features?,product_question,false,,,,bulk addition 2,"[""standard""]"
aapne mujhe refund ka confirmation nahi bheja,refund,false,,,,,"[""hinglish""]"
I don't want my money back. I just want answers.,general_question,false,,,,v3 negation,"[""negation""]"
Aap logon ko koi farak nahi padta customers ka.,complaint,false,,,,hinglish complaint,"[""hinglish""]"
I need to talk to an actual human being.,human_request,true,,,,human request,"[""escalation_positive"", ""human_request""]"
Email spam folder mein ja rahi hai.,technical_support,false,,,,hinglish technical support,"[""hinglish""]"
mujhe aapke yaha job apply karni hai,other,false,,,,v3 bulk hinglish,"[""hinglish""]"
mera plan upgrade ka payment fail ho raha hai,sales,true,,,,v3 bulk hinglish,"[""hinglish""]"
how do i delet my acount,general_question,false,,,,spelling/noisy text,"[""noisy""]"
Refund chahiye aur account bhi delete karo.,refund,true,,,,bulk addition 2,"[""multi_intent""]"
How does the API work in your platform?,general_question,false,,,,v3 bulk gq,"[""standard""]"
the calendar view has a bug that needs fixing.,technical_support,false,,,,v3 bulk tech3,"[""standard"", ""technical""]"
How does audit logging work in your platform?,general_question,false,,,,bulk addition 4,"[""standard""]"
Annual plan ke liye sign up karo.,sales,false,,,,hinglish sales,"[""hinglish""]"
Aapki company se umeed thi lekin nirash kiya.,complaint,false,,,,hinglish complaint,"[""hinglish""]"
ur support team is usless they never help,complaint,false,,,,bulk addition 2,"[""noisy""]"
The search is returning results from deleted items.,technical_support,false,,,,bulk addition,"[""standard""]"
I'm having trouble with The CSV importer.,technical_support,false,,,,v3 bulk tech,"[""standard"", ""technical""]"
Where can I find documentation about the mobile app?,general_question,false,,,,v3 bulk gq,"[""standard""]"
wer r my reports,technical_support,false,,,,spelling/noisy text,"[""noisy""]"
User permissions keep resetting to default.,technical_support,false,,,,technical issue,"[""standard"", ""technical""]"
Process my refund immediately or I'll take action.,refund,true,,,,refund demand,"[""escalation_positive"", ""refund""]"
I found a security flaw in your authentication system.,technical_support,true,,,,v3 esc hard pos,"[""escalation_positive""]"
mera API key regenerate karna hai,general_question,false,,,,,"[""hinglish""]"
Complaint about pricing and need technical help.,pricing,false,,,,v3 bulk multi3,"[""multi_intent""]"
Can you explain the workflow builder?,general_question,false,,,,v3 bulk gq,"[""standard""]"
I need a callback in the next 30 minutes.,human_request,true,,,,bulk addition 5,"[""escalation_positive""]"
Thank you but I no longer need assistance.,other,false,,,,bulk addition 3,"[""hard_negative_escalation""]"
Export all my data immediately.,general_question,false,,,,v3 info vs action,"[""standard""]"
Much appreciated!,other,false,,,,bulk addition,"[""standard""]"
i cnt find the settngs buton,technical_support,false,,,,v3 noisy,"[""noisy""]"
my sso is brokn,technical_support,false,,,,v3 noisy,"[""noisy""]"
I want to talk to an account manager.,sales,false,,,,bulk addition 3,"[""standard""]"
mujhe aapke yaha payroll integration chahiye,product_question,false,,,,,"[""hinglish""]"
can u call me pls,human_request,true,,,,spelling/noisy text,"[""noisy""]"
Is there a setup fee?,pricing,false,,,,pricing question,"[""standard"", ""pricing""]"
i m very upset with ur servise,complaint,false,,,,spelling/noisy text,"[""noisy""]"
What kind of charts and graphs do you offer?,general_question,false,,,,v3 bulk confusion,"[""standard""]"
Is there a tutorial for billing?,general_question,false,,,,v3 bulk gq,"[""standard""]"
My payment failed yesterday but it's working now.,technical_support,false,,,,multi-intent example,"[""multi_intent""]"
the app is frezzing everytim i open,technical_support,false,,,,v3 noisy,"[""noisy""]"
I cannot delete a ticket that was created by mistake.,technical_support,false,,,,bulk addition,"[""standard""]"
Mujhe refund chahiye. Also what is the price of premium?,refund,true,,,,multi-intent example,"[""multi_intent""]"
report scheduling stopped responding.,technical_support,false,,,,v3 bulk tech2,"[""standard"", ""technical""]"
Data export is broken after the latest update.,technical_support,false,,,,bulk addition 4,"[""standard""]"
I said I wanted a refund earlier but I've changed my mind. Don't process it.,refund,false,,,,v3 esc hard neg,"[""hard_negative_escalation""]"
Speak to human,human_request,true,,,,very short message,[]
The reporting dashboard is not loading properly.,technical_support,false,,,,bulk addition 4,"[""standard""]"
mujhe premium plan lena hai 50 logon ke liye,sales,false,,,,,"[""hinglish""]"
real-time updates stopped responding.,technical_support,false,,,,v3 bulk tech2,"[""standard"", ""technical""]"
I want to discuss purchasing options with a real person,sales,false,,,,v3 confusion: human vs sales,"[""standard""]"
Is there a discount for annual billing?,pricing,false,,,,pricing question,"[""standard"", ""pricing""]"
plez help im lockt out,account_issue,true,,,,v3 noisy,"[""noisy""]"
kya free trial ke liye credit card chahiye?,general_question,false,,,,hinglish general question,"[""hinglish""]"
Aapka mobile app Android pe kyun nahi chal raha?,technical_support,false,,,,hinglish example,"[""hinglish""]"
The CSV importer stopped working suddenly.,technical_support,false,,,,bulk addition 4,"[""standard""]"
mera password reset link kab tak aayega,account_issue,false,,,,v3 bulk hinglish,"[""hinglish""]"
I'm writing to formally request a full refund for my annual subscription. I signed up for the enterprise plan on January 15th based on the sales team's promises about features that were supposedly available. After three months of usage I have discovered that at least 5 major features that were promised are either not implemented or work very differently than described. I have raised multiple support tickets about this but have been told that these features are on the roadmap. That is not acceptable when I paid for features that were supposed to exist now. I expect my full payment of $2999 to be refunded within 14 business days as per your own policy. If I do not receive confirmation by next week I will initiate a chargeback through my bank.,refund,true,,,,long message,"[""long""]"
kya main phone se bhi support le sakta hu,general_question,false,,,,,"[""hinglish""]"
The API endpoint is showing incorrect data.,technical_support,false,,,,v3 bulk tech,"[""standard"", ""technical""]"
the app crahses evrytime i opn,technical_support,false,,,,v3 noisy,"[""noisy""]"
My account was flagged for suspicious activity.,account_issue,true,,,,bulk addition 2,"[""standard""]"
How do I turn off email notifications?,general_question,false,,,,bulk addition,"[""standard""]"
What are the benefits of audit logging?,general_question,false,,,,bulk addition 4,"[""standard""]"
I found the answer myself. Close my ticket.,general_question,false,,,,bulk addition,"[""hard_negative_escalation""]"
i want a refnd pls,refund,true,,,,spelling/noisy text,"[""noisy""]"
Need technical help but also want to talk to sales.,technical_support,false,,,,bulk addition 2,"[""multi_intent""]"
I'm having trouble with The bulk editor.,technical_support,false,,,,v3 bulk tech,"[""standard"", ""technical""]"
What do I need to know about billing?,general_question,false,,,,v3 bulk gq,"[""standard""]"
mujhe aapki service pasand nahi aayi,complaint,false,,,,,"[""hinglish""]"
I don't consent to this being escalated. Keep it here.,general_question,false,,,,v3 bulk esc-,"[""hard_negative_escalation""]"
I get an error when using The notification system.,technical_support,false,,,,v3 bulk tech,"[""standard"", ""technical""]"
What is the cost of migration?,pricing,false,,,,v3 bulk pricing,"[""standard"", ""pricing""]"
I have proof of your false claims. Legal action pending.,complaint,true,,,,bulk addition 5,"[""escalation_positive""]"
I'm documenting everything for my lawyer.,complaint,true,,,,bulk addition,"[""escalation_positive""]"
Mujhe weekly reports chahiye. Kaise set kare?,product_question,false,,,,bulk addition 2,"[""hinglish""]"
I want a refund and I also want to cancel my subscription.,refund,true,,,,v3 bulk multi,"[""multi_intent""]"
Please ignore. I solved it with the help article.,technical_support,false,,,,v3 bulk esc-,"[""hard_negative_escalation"", ""resolution_state""]"
Do teen baar se same problem bata raha hu.,complaint,true,,,,escalation hard positive,"[""escalation_positive"", ""hard_positive""]"
Can I clone workflows?,product_question,false,,,,product feature question,"[""standard""]"
Can I self-host your software?,general_question,false,,,,general info question,"[""standard""]"
I don't want a refund. I only want to know your policy.,refund,false,,,,escalation hard negative,"[""hard_negative_escalation""]"
The The API endpoint feature is causing errors.,technical_support,false,,,,bulk addition 4,"[""standard""]"
Is there a tutorial for audit logging?,general_question,false,,,,bulk addition 4,"[""standard""]"
Charge?,pricing,false,,,,very short message,[]
Talk to a human about my account problem,human_request,true,,,,v3 bulk confusion,"[""standard""]"
What do I need to know about the API?,general_question,false,,,,bulk addition 4,"[""standard""]"
Aapki support team bekar hai.,complaint,false,,,,hinglish complaint,"[""hinglish""]"
kya isme chatbot built-in hai?,product_question,false,,,,hinglish product question,"[""hinglish""]"
Aapka product use karke bahut time ho gaya but update nahi aaya.,complaint,false,,,,hinglish example,"[""hinglish""]"
the updat broke everythin plz fix asap,technical_support,true,,,,bulk addition 2,"[""noisy""]"
Price batao premium plan ka?,pricing,false,,,,hinglish pricing,"[""hinglish""]"
Having issues with sort functionality.,technical_support,false,,,,v3 bulk tech2,"[""standard"", ""technical""]"
aapki app mein bahut bugs hain fix karo,complaint,false,,,,v3 bulk hinglish,"[""hinglish""]"
Can I use my own domain with your service?,product_question,false,,,,bulk addition 3,"[""standard""]"
Annual payment pe kitna discount?,pricing,false,,,,hinglish pricing,"[""hinglish""]"
What are the costs associated with training sessions?,pricing,false,,,,v3 bulk pricing2,"[""standard"", ""pricing""]"
mujhe do mahine ka refund chahiye,refund,true,,,,,"[""hinglish""]"
Can you explain role management?,general_question,false,,,,v3 bulk gq,"[""standard""]"
the dasboard is showin rong data,technical_support,false,,,,spelling/noisy text,"[""noisy""]"
What's the pricing for dedicated server?,pricing,false,,,,bulk addition 4,"[""standard""]"
mera plan upgrade ka option kahan hai,sales,false,,,,,"[""hinglish""]"
real-time updates is causing errors in my workflow.,technical_support,false,,,,v3 bulk tech2,"[""standard"", ""technical""]"
Do you have email sending capabilities?,general_question,false,,,,v3 bulk confusion,"[""standard""]"
How do I set up activity logs?,general_question,false,,,,v3 bulk gq2,"[""standard""]"
Mujhe custom integration chahiye with Shopify.,product_question,false,,,,bulk addition 3,"[""hinglish""]"
Where can I find documentation about role management?,general_question,false,,,,bulk addition 4,"[""standard""]"
mujhe aapke yaha par existing customer discount chahiye,sales,false,,,,v3 bulk hinglish,"[""hinglish""]"
What are the benefits of the template system?,general_question,false,,,,bulk addition 4,"[""standard""]"
We have budget approval. Let's move forward.,sales,false,,,,bulk addition,"[""standard""]"
the grid view is giving me trouble.,technical_support,false,,,,v3 bulk tech3,"[""standard"", ""technical""]"
Team plan ka quote bhej do.,sales,false,,,,hinglish example,"[""hinglish""]"
I need written confirmation of the resolution timeline.,complaint,true,,,,v4 esc+,"[""escalation_positive""]"
The single sign-on integration broke after migration.,technical_support,false,,,,technical issue,"[""standard"", ""technical""]"
I want a custom plan for my organization.,sales,false,,,,bulk addition 3,"[""standard""]"
ur chargin me rong amount since 3 months,pricing,true,,,,v4 noisy,"[""noisy""]"
Encountering problems with the alignment tool.,technical_support,false,,,,v3 bulk tech3,"[""standard"", ""technical""]"
i wana spek to a manager not a bot,human_request,true,,,,bulk addition 2,"[""noisy""]"
This is false advertising. I want my money back.,refund,true,,,,bulk addition,"[""confusion_pair""]"
What is the cost of API access for 100k calls?,pricing,false,,,,bulk addition 4,"[""standard""]"
mujhe aapke yaha bulk SMS feature chahiye,product_question,false,,,,v4 hinglish,"[""hinglish""]"
Please cancel my subscription and refund the remaining amount.,refund,true,,,,v3 balance,"[""standard""]"
i cant see my billng info,pricing,false,,,,spelling/noisy text,"[""noisy""]"
Can you help me fix The PDF export?,technical_support,false,,,,v3 bulk tech,"[""standard"", ""technical""]"
How do I contact support?,general_question,false,,,,general info question,"[""standard""]"
Do you like pizza?,other,false,,,,other / off-topic,"[""standard"", ""other""]"
Ye kya software hai?,general_question,false,,,,hinglish general question,"[""hinglish""]"
How does the reporting module work in your platform?,general_question,false,,,,v3 bulk gq,"[""standard""]"
Can you explain backup?,general_question,false,,,,v3 bulk gq,"[""standard""]"
Is there a tutorial for the integration wizard?,general_question,false,,,,v3 bulk gq,"[""standard""]"
No call back required. Email is fine.,general_question,false,,,,bulk addition,"[""hard_negative_escalation""]"
Upgrade please.,sales,false,,,,v4 short,"[""standard""]"
I want to purchase the enterprise plan for my company,sales,false,,,,v3 bulk confusion,"[""standard""]"
Aapki service band kar raha hu. Refund do.,refund,true,,,,bulk addition 5,"[""hinglish""]"
i am gettin erors in my report,technical_support,false,,,,spelling/noisy text,"[""noisy""]"
The mobile app stopped working suddenly.,technical_support,false,,,,bulk addition 4,"[""standard""]"
Is service mein aake pachtawa hai.,complaint,false,,,,hinglish complaint,"[""hinglish""]"
I demand compensation for the poor service.,refund,true,,,,refund demand,"[""escalation_positive"", ""refund""]"
What do I need to know about audit logging?,general_question,false,,,,v3 bulk gq,"[""standard""]"
Images aren't rendering properly in reports.,technical_support,false,,,,technical issue,"[""standard"", ""technical""]"
Do I need a human or can you answer this?,general_question,false,,,,bulk addition 2,"[""confusion_pair""]"
Do you have a mobile-responsive interface?,product_question,false,,,,product feature question,"[""standard""]"
Login button kaam nahi kar raha.,technical_support,false,,,,hinglish technical support,"[""hinglish""]"
How do I set up profile visibility?,general_question,false,,,,v3 bulk gq2,"[""standard""]"
i needa tlk to a hooman,human_request,true,,,,spelling/noisy text,"[""noisy""]"
Complaint about your service and I want to speak to a manager.,human_request,true,,,,v3 bulk multi,"[""multi_intent""]"
Dhanyavaad,other,false,,,,other / off-topic,"[""standard"", ""other""]"
Can I create user personas?,product_question,false,,,,product feature question,"[""standard""]"
u guyz chargd me rong amnt,pricing,true,,,,v3 noisy,"[""noisy""]"
refund my mony r i repot u,refund,true,,,,v3 noisy,"[""noisy""]"
y did u suspend my accnt without reason,account_issue,true,,,,v3 bulk noisy,"[""noisy""]"
The chart generator is broken after the latest update.,technical_support,false,,,,v3 bulk tech,"[""standard"", ""technical""]"
Is custom fields available in all plans?,general_question,false,,,,bulk addition 4,"[""standard""]"
mujhe aapki app mein ek feature suggest karna hai,other,false,,,,v3 bulk hinglish3,"[""hinglish""]"
What time is it?,other,false,,,,other / off-topic,"[""standard"", ""other""]"
Aapke product ki quality gir gayi hai.,complaint,false,,,,bulk addition,"[""hinglish""]"
Where can I find documentation about content scheduling?,general_question,false,,,,v3 bulk gq,"[""standard""]"
I don't need help anymore. Issue is resolved.,technical_support,false,,,,bulk addition,"[""hard_negative_escalation""]"
ur premium plan is way overpriced,pricing,false,,,,bulk addition 5,"[""noisy""]"
I know I sounded angry but I don't need any follow-up.,complaint,false,,,,v3 esc hard neg,"[""hard_negative_escalation""]"
I am unable to use the font selector correctly.,technical_support,false,,,,v3 bulk tech3,"[""standard"", ""technical""]"
Shameful that you charge for this broken software.,complaint,false,,,,bulk addition 2,"[""standard""]"
Does your premium plan have unlimited storage?,product_question,false,,,,v3 bulk confusion,"[""standard""]"
Mera kaam ruka hua hai. Jaldi karo.,technical_support,true,,,,escalation hard positive,"[""escalation_positive"", ""hard_positive""]"
Encountering problems with the folder structure.,technical_support,false,,,,v3 bulk tech3,"[""standard"", ""technical""]"
Auto-save feature kaam nahi kar raha.,technical_support,false,,,,hinglish technical support,"[""hinglish""]"
Why?,general_question,false,,,,very short message,[]
My business operations are halted because of you.,technical_support,true,,,,bulk addition 2,"[""escalation_positive""]"
Everything is working now. You can close my ticket.,technical_support,false,,,,v3 resolution,"[""resolution_state""]"
The API endpoint is not working.,technical_support,false,,,,v3 bulk tech,"[""standard"", ""technical""]"
How do I reset my password?,general_question,false,,,,general info question,"[""standard""]"
aapka customer support number kya hai?,general_question,false,,,,hinglish general question,"[""hinglish""]"
i wnt to knw the price of premium,pricing,false,,,,v4 noisy,"[""noisy""]"
i dnt kno hw 2 use this app,general_question,false,,,,v3 noisy,"[""noisy""]"
Good morning,other,false,,,,other / off-topic,"[""standard"", ""other""]"
mera password reset ka link bhejo,account_issue,false,,,,,"[""hinglish""]"
the dashbord is 2 complicatd,complaint,false,,,,v3 noisy,"[""noisy""]"
i fogot my passwrd,account_issue,false,,,,spelling/noisy text,"[""noisy""]"
Starter plan kitne ka hai?,pricing,false,,,,hinglish pricing,"[""hinglish""]"
This is the most frustrating experience.,complaint,false,,,,bulk addition 3,"[""standard""]"
I get an error when using The notification system.,technical_support,false,,,,bulk addition 4,"[""standard""]"
Cool,other,false,,,,other / off-topic,"[""standard"", ""other""]"
We'd like to become a customer.,sales,false,,,,purchase intent,"[""standard"", ""sales""]"
Push notifications are delayed by 30 minutes.,technical_support,false,,,,bulk addition 3,"[""standard""]"
I've sorted it. No need to escalate or call.,technical_support,false,,,,v3 esc hard neg,"[""hard_negative_escalation"", ""resolution_state""]"
I need information about privacy settings.,general_question,false,,,,v3 bulk gq3,"[""standard""]"
How does the dashboard work in your platform?,general_question,false,,,,bulk addition 4,"[""standard""]"
How long does the data migration take?,general_question,false,,,,bulk addition 3,"[""standard""]"
I do not wish to speak to anyone. Text only.,general_question,false,,,,v4 esc-,"[""hard_negative_escalation""]"
Is there a tutorial for the API?,general_question,false,,,,v3 bulk gq,"[""standard""]"
Team member account access nahi kar pa raha.,account_issue,false,,,,hinglish account issue,"[""hinglish""]"
my invoice is rong,pricing,false,,,,spelling/noisy text,"[""noisy""]"
The drag and drop editor keeps failing.,technical_support,false,,,,v3 bulk tech,"[""standard"", ""technical""]"
I get an error when using The template preview.,technical_support,false,,,,bulk addition 4,"[""standard""]"
How long does it take to set up performance monitoring?,general_question,false,,,,v3 bulk gq,"[""standard""]"
I get an error when using The reporting dashboard.,technical_support,false,,,,v3 bulk tech,"[""standard"", ""technical""]"
aapki service ki pricing bahut confusing hai,pricing,false,,,,v3 bulk hinglish,"[""hinglish""]"
kya main apna username change kar sakta hu,general_question,false,,,,,"[""hinglish""]"
setup kaise hota hai?,general_question,false,,,,hinglish general question,"[""hinglish""]"
Are you a bot or a human?,other,false,,,,bulk addition 2,"[""confusion_pair""]"
Not asking for a refund but your service is terrible,complaint,false,,,,v3 multi-intent,"[""multi_intent""]"
I need someone to personally guarantee this will not happen again.,complaint,true,,,,v3 bulk esc+,"[""escalation_positive""]"
This is a production outage. We are losing money every minute.,technical_support,true,,,,v3 esc hard pos,"[""escalation_positive""]"
Mai VIP customer hu. Mujhe priority do.,complaint,false,,,,bulk addition 3,"[""hinglish""]"
Please send me the invoice for enterprise plan.,sales,false,,,,purchase intent,"[""standard"", ""sales""]"
maine support ticket khola lekin koi assign nahi hua,technical_support,true,,,,,"[""hinglish""]"
You don't need to call. Just reply here.,general_question,false,,,,bulk addition,"[""hard_negative_escalation""]"
What do I need to know about real-time sync?,general_question,false,,,,v3 bulk gq,"[""standard""]"
I'm stuck on the verification step for days.,account_issue,false,,,,account issue,"[""standard"", ""account""]"
The reporting dashboard is not working.,technical_support,false,,,,bulk addition 4,"[""standard""]"
the app is drainin my battry too fast,technical_support,false,,,,v3 bulk noisy,"[""noisy""]"
aapki app kyu crash ho rahi hai har baar,technical_support,false,,,,,"[""hinglish""]"
i forgat my pasword and the reset link is not wrking,account_issue,false,,,,v3 bulk noisy,"[""noisy""]"
I want to talk to a person who handles billing issues.,pricing,false,,,,bulk addition 5,"[""confusion_pair""]"
Can I customize export options?,general_question,false,,,,v3 bulk gq2,"[""standard""]"
The calendar sync is creating duplicate events.,technical_support,false,,,,bulk addition,"[""standard""]"
I get an error when using The template preview.,technical_support,false,,,,v3 bulk tech,"[""standard"", ""technical""]"
can smeone help me plzzz,general_question,false,,,,spelling/noisy text,"[""noisy""]"
y is the dashbord so confusin,complaint,false,,,,v4 noisy,"[""noisy""]"
This is false advertising. Your product does not match claims.,complaint,false,,,,v3 balance3,"[""standard""]"
mera account ka primary email change karo,account_issue,false,,,,v3 bulk hinglish,"[""hinglish""]"
Just tell me the price of your plans.,pricing,false,,,,confusion pair example,"[""confusion_pair""]"
I'm this close to reporting you to the better business bureau.,complaint,true,,,,escalation hard positive,"[""escalation_positive"", ""hard_positive""]"
Account verification failed multiple times.,account_issue,false,,,,account issue,"[""standard"", ""account""]"
my api key brok,technical_support,false,,,,spelling/noisy text,"[""noisy""]"
How do I set up auto-renewal?,general_question,false,,,,v3 bulk gq2,"[""standard""]"
Tell me about pricing for team collaboration.,pricing,false,,,,v3 bulk pricing2,"[""standard"", ""pricing""]"
aapke integration se hame bahut help mili,other,false,,,,v3 bulk hinglish,"[""hinglish""]"
Please set up a demo for the sales team.,sales,false,,,,purchase intent,"[""standard"", ""sales""]"
The The calendar sync feature is causing errors.,technical_support,false,,,,bulk addition 4,"[""standard""]"
The login page is showing incorrect data.,technical_support,false,,,,bulk addition 4,"[""standard""]"
kya apke yaha onboarding support milta hai?,general_question,false,,,,general info question,"[""standard""]"
How much does it cost to upgrade?,pricing,false,,,,pricing question,"[""standard"", ""pricing""]"
I want to complain about your service and get a refund,refund,true,,,,v3 multi-intent,"[""multi_intent""]"
How do I get a refund?,refund,true,,,,refund demand,"[""escalation_positive"", ""refund""]"
the attachment preview has a bug that needs fixing.,technical_support,false,,,,v3 bulk tech3,"[""standard"", ""technical""]"
price kya hai,pricing,false,,,,,"[""hinglish""]"
aapne mera support ticket close kyun kar diya,complaint,true,,,,v3 bulk hinglish3,"[""hinglish""]"
This isn't a support ticket. It's just a comment.,other,false,,,,v3 bulk esc-,"[""hard_negative_escalation""]"
mera payment method add nahi ho raha,account_issue,false,,,,,"[""hinglish""]"
Aapki website down kyun hai?,technical_support,true,,,,bulk addition,"[""hinglish""]"
ur bot is not helpin at all gimme a person,human_request,true,,,,v3 bulk noisy,"[""noisy""]"
What is included in the base price?,pricing,false,,,,pricing question,"[""standard"", ""pricing""]"
Bas puchh raha tha. Koi escalate nahi karna.,general_question,false,,,,v3 bulk esc-3,"[""hard_negative_escalation"", ""hinglish""]"
I expressly forbid any phone calls about this.,general_question,false,,,,v4 esc-,"[""hard_negative_escalation""]"
Can you explain the refund policy and also your pricing,general_question,false,,,,v3 multi-intent,"[""multi_intent""]"
my team cant acess the project i created,technical_support,false,,,,v3 bulk noisy3,"[""noisy""]"
Please set up an account for me on the premium plan.,sales,false,,,,v3 balance,"[""standard""]"
Do you offer different pricing tiers for dedicated support?,pricing,false,,,,v3 bulk pricing2,"[""standard"", ""pricing""]"
This is just feedback. No action needed.,complaint,false,,,,bulk addition,"[""hard_negative_escalation""]"
I expressly forbid any escalation of this matter.,general_question,false,,,,v3 negation,"[""negation""]"
I need a hotfix deployed to production right now.,technical_support,true,,,,v3 bulk esc+,"[""escalation_positive""]"
How long does it take to set up the import tool?,general_question,false,,,,bulk addition 4,"[""standard""]"
I am unable to use the folder structure correctly.,technical_support,false,,,,v3 bulk tech3,"[""standard"", ""technical""]"
The payment confirmation page shows an error after success,technical_support,true,,,,v3 confusion: account vs tech,"[""standard""]"
I accidentally deleted my workspace.,account_issue,true,,,,bulk addition 3,"[""standard""]"
the butns on the dashboard r not clicable,technical_support,false,,,,v3 bulk noisy,"[""noisy""]"
Can I get a breakdown of all the costs involved?,pricing,false,,,,v3 confusion: pricing vs sales,"[""standard""]"
Hi,other,false,,,,other / off-topic,"[""standard"", ""other""]"
Data export is broken after the latest update.,technical_support,false,,,,v3 bulk tech,"[""standard"", ""technical""]"
mujhe aapki service se bahut help mili thanks,other,false,,,,v3 bulk hinglish,"[""hinglish""]"
The webhook integration is broken after the latest update.,technical_support,false,,,,v3 bulk tech,"[""standard"", ""technical""]"
Mujhe custom domain chahiye. Kaise set kare?,product_question,false,,,,hinglish example,"[""hinglish""]"
Payment failed but I have SMS saying money debited.,technical_support,true,,,,hinglish example,"[""hinglish""]"
Have a great day!,other,false,,,,bulk addition,"[""standard""]"
How does email notifications work in your platform?,general_question,false,,,,bulk addition 4,"[""standard""]"
Kya aap mere city mein service dete ho?,general_question,false,,,,bulk addition 2,"[""hinglish""]"
I don't want compensation. I want an explanation.,general_question,false,,,,v4 negation,"[""negation""]"
the integratn is broken fix it,technical_support,false,,,,v4 noisy,"[""noisy""]"
The recurring task automation stopped triggering.,technical_support,false,,,,v3 balance,"[""standard""]"
the drag and drop isnt wrking in the builder,technical_support,false,,,,v3 bulk noisy,"[""noisy""]"
How many users can I have on basic?,pricing,false,,,,bulk addition,"[""standard""]"
aapne mujhe double payment ka invoice bheja,pricing,true,,,,v3 bulk hinglish,"[""hinglish""]"
aapke software mein kya kya features hain,product_question,false,,,,,"[""hinglish""]"
Refund nahi chahiye mujhe. Service do sahi se.,technical_support,true,,,,v3 bulk negation,"[""negation"", ""hinglish""]"
What are the benefits of billing?,general_question,false,,,,v3 bulk gq,"[""standard""]"
I get an error when using Email delivery.,technical_support,false,,,,bulk addition 4,"[""standard""]"
The CSV importer is broken after the latest update.,technical_support,false,,,,v3 bulk tech,"[""standard"", ""technical""]"
What are the benefits of custom fields?,general_question,false,,,,v3 bulk gq,"[""standard""]"
Mera refund kab tak process hoga?,refund,false,,,,bulk addition,"[""hinglish""]"
Is two-factor authentication available on all plans?,product_question,false,,,,v3 bulk confusion,"[""standard""]"
aapka product theek hai but support kharab hai,complaint,false,,,,,"[""hinglish""]"
Mujhe ek real insaan chahiye jo meri problem samjhe.,human_request,true,,,,hinglish human request,"[""hinglish"", ""escalation_positive"", ""human_request""]"
koi support person se baat karwa do,human_request,true,,,,,"[""hinglish""]"
What's the pricing for premium support?,pricing,false,,,,bulk addition 4,"[""standard""]"
wht is the price of premium package,pricing,false,,,,v3 noisy,"[""noisy""]"
What languages do you support?,general_question,false,,,,general info question,"[""standard""]"
Your platform failure caused me to miss a major deadline.,technical_support,true,,,,bulk addition 5,"[""escalation_positive""]"
Can I create custom user roles?,product_question,false,,,,bulk addition 2,"[""standard""]"
I'm furious about my billing and I want a refund,refund,true,,,,v3 multi-intent,"[""multi_intent""]"
Is there a knowledge base feature?,product_question,false,,,,bulk addition,"[""standard""]"
What are the benefits of the template system?,general_question,false,,,,v3 bulk gq,"[""standard""]"
Aapki pricing achi hai but features ke baare mein batao.,product_question,false,,,,v3 bulk multi hinglish,"[""multi_intent"", ""hinglish""]"
I would like to understand your pricing model better before committing to a purchase.,pricing,false,,,,cross 2000,"[""standard""]"
I'm not asking for human intervention. You answered it.,general_question,false,,,,v3 negation,"[""negation""]"
I don't want a refund anymore. Cancel my request.,refund,false,,,,multi-intent example,"[""multi_intent""]"
whts the point of ur support if they never help,complaint,false,,,,bulk addition 5,"[""noisy""]"
Can I use your platform to send transactional emails?,product_question,false,,,,v3 bulk confusion,"[""standard""]"
I get an error when using The search bar.,technical_support,false,,,,bulk addition 4,"[""standard""]"
mera payment successful hai but subscription active nahi,technical_support,true,,,,v3 bulk hinglish,"[""hinglish""]"
Please process my refund request.,refund,true,,,,refund demand,"[""escalation_positive"", ""refund""]"
Your platform keeps logging me out and it's infuriating,complaint,false,,,,v3 confusion: tech vs complaint,"[""standard""]"
Don't connect me to support. I figured out the issue.,technical_support,false,,,,v3 esc hard neg,"[""hard_negative_escalation""]"
The search bar is showing incorrect data.,technical_support,false,,,,bulk addition 4,"[""standard""]"
Are there any hidden fees?,pricing,false,,,,pricing question,"[""standard"", ""pricing""]"
Can you sing a song?,other,false,,,,other / off-topic,"[""standard"", ""other""]"
i dont lik this servis,complaint,false,,,,spelling/noisy text,"[""noisy""]"
my paymnt was deductd twice,refund,true,,,,v3 noisy,"[""noisy""]"
I need information about the account setup.,general_question,false,,,,v3 bulk gq3,"[""standard""]"
Please send me the contract for the annual plan.,sales,false,,,,bulk addition,"[""standard""]"
my acount was suspndd,account_issue,true,,,,v3 noisy,"[""noisy""]"
mera account ka data export karo,general_question,false,,,,v3 bulk hinglish,"[""hinglish""]"
Your customer service is non-existent.,complaint,false,,,,bulk addition,"[""standard""]"
mujhe aapka product pasand hai but price zyada hai,pricing,false,,,,,"[""hinglish"", ""multi_intent""]"
aapka software bahut complicated hai easy banao,complaint,false,,,,,"[""hinglish""]"
aapka API documentation kahan milega,product_question,false,,,,v3 bulk hinglish,"[""hinglish""]"
The login page is not loading properly.,technical_support,false,,,,bulk addition 4,"[""standard""]"
I didn't ask for a call. I asked for an email.,general_question,false,,,,v4 negation,"[""negation""]"
Do I need to configure the template system manually?,general_question,false,,,,bulk addition 4,"[""standard""]"
two factor auth not wrking,technical_support,false,,,,spelling/noisy text,"[""noisy""]"
What do I need to know about two-factor authentication?,general_question,false,,,,bulk addition 4,"[""standard""]"
How long do refunds usually take to process?,refund,false,,,,v3 balance,"[""standard""]"
I am unable to use the calendar view correctly.,technical_support,false,,,,v3 bulk tech3,"[""standard"", ""technical""]"
Mujhe koi call nahi karna. Sirf jawab do.,general_question,false,,,,v3 bulk negation,"[""negation"", ""hinglish""]"
File upload limit 0 bytes par atka hua hai.,technical_support,false,,,,hinglish technical support,"[""hinglish""]"
How much per user annually?,pricing,false,,,,v3 confusion: pricing vs sales,"[""standard""]"
Can you explain billing?,general_question,false,,,,v3 bulk gq,"[""standard""]"
How much for SSO integration?,pricing,false,,,,bulk addition 4,"[""standard""]"
Talk to a person please. Not a bot.,human_request,true,,,,confusion pair example,"[""confusion_pair""]"
I'm having trouble with The template preview.,technical_support,false,,,,v3 bulk tech,"[""standard"", ""technical""]"
mera account mein kuch settings theek nahi hain,account_issue,false,,,,v3 bulk hinglish,"[""hinglish""]"
mera trial expire hone wala hai extend karo,sales,false,,,,,"[""hinglish""]"
Cancel my earlier request. Everything resolved itself.,technical_support,false,,,,v3 bulk esc-3,"[""hard_negative_escalation"", ""resolution_state""]"
I am unable to use the color picker correctly.,technical_support,false,,,,v3 bulk tech3,"[""standard"", ""technical""]"
What do I need to know about the import tool?,general_question,false,,,,bulk addition 4,"[""standard""]"
Auto-save kaam nahi kar raha. Data loss ho raha hai.,technical_support,true,,,,hinglish example,"[""hinglish""]"
I have a question about pricing and features.,pricing,false,,,,bulk addition 2,"[""multi_intent""]"
What are the benefits of user permissions?,general_question,false,,,,bulk addition 4,"[""standard""]"
How does the sentiment analysis work?,product_question,false,,,,product feature question,"[""standard""]"
What is your company's mission?,general_question,false,,,,v3 balance,"[""standard""]"
The CSV importer is not loading properly.,technical_support,false,,,,bulk addition 4,"[""standard""]"
How does data retention limits affect my account?,general_question,false,,,,v3 bulk gq2,"[""standard""]"
I can't log into my account.,account_issue,false,,,,account issue,"[""standard"", ""account""]"
Can I speak with someone about purchasing?,sales,false,,,,purchase intent,"[""standard"", ""sales""]"
I cannot proceed with my work until this is resolved.,technical_support,true,,,,v3 bulk esc+,"[""escalation_positive""]"
ur premium plan is way overpriced for what u offer,pricing,false,,,,v3 bulk noisy,"[""noisy""]"
user import is malfunctioning.,technical_support,false,,,,v3 bulk tech2,"[""standard"", ""technical""]"
Can I change my username?,general_question,false,,,,general info question,"[""standard""]"
How long does it take to set up data export?,general_question,false,,,,v3 bulk gq,"[""standard""]"
Aapki pricing transparent nahi hai.,pricing,false,,,,bulk addition 5,"[""hinglish""]"
mujhe bulk email feature chahiye kya aapke paas hai,product_question,false,,,,,"[""hinglish""]"
How long does it take to set up the notification center?,general_question,false,,,,v3 bulk gq,"[""standard""]"
Have a wonderful day!,other,false,,,,v3 balance,"[""standard""]"
mujhe aapke yaha dedicated account manager chahiye,sales,false,,,,v3 bulk hinglish3,"[""hinglish""]"
Integration with Zapier stopped working.,technical_support,false,,,,bulk addition,"[""standard""]"
File upload is showing incorrect data.,technical_support,false,,,,bulk addition 4,"[""standard""]"
This falls under complaint but also needs human intervention.,complaint,true,,,,bulk addition 3,"[""confusion_pair""]"
How are overage fees calculated?,pricing,false,,,,pricing question,"[""standard"", ""pricing""]"
the website is not loadng,technical_support,false,,,,spelling/noisy text,"[""noisy""]"
I get an error when using The search bar.,technical_support,false,,,,v3 bulk tech,"[""standard"", ""technical""]"
aapki service band kaise kare,general_question,false,,,,,"[""hinglish""]"
Do you provide training resources?,general_question,false,,,,general info question,"[""standard""]"
Mera issue solve ho gaya. Ticket close karo.,technical_support,false,,,,v3 resolution hinglish,"[""resolution_state"", ""hinglish""]"
Product question: does this integrate with Slack? Also how much?,product_question,false,,,,v3 multi-intent,"[""multi_intent""]"
You overpromise and underdeliver constantly.,complaint,false,,,,general complaint,"[""standard"", ""complaint""]"
How does multi-factor auth work in your platform?,general_question,false,,,,v3 bulk gq,"[""standard""]"
What are the benefits of the analytics dashboard?,general_question,false,,,,v3 bulk gq,"[""standard""]"
the app interface is not intuitive at all,complaint,false,,,,v3 bulk noisy3,"[""noisy""]"
Do I pay extra for extra storage?,pricing,false,,,,v3 bulk pricing,"[""standard"", ""pricing""]"
I need a solution within the next 2 hours.,technical_support,true,,,,bulk addition 3,"[""escalation_positive""]"
Where can I find documentation about the analytics dashboard?,general_question,false,,,,v3 bulk gq,"[""standard""]"
How much for white labeling?,pricing,false,,,,bulk addition 3,"[""standard""]"
Does the price include support?,pricing,false,,,,pricing question,"[""standard"", ""pricing""]"
Do you have a status page for system health?,general_question,false,,,,bulk addition,"[""standard""]"
The login page stopped working suddenly.,technical_support,false,,,,bulk addition 4,"[""standard""]"
Actually I don't need support anymore.,general_question,false,,,,bulk addition 5,"[""hard_negative_escalation""]"
What are the costs associated with API calls?,pricing,false,,,,v3 bulk pricing2,"[""standard"", ""pricing""]"
Payment issue resolved ho gaya. Ab sab sahi hai.,technical_support,false,,,,v3 resolution hinglish,"[""resolution_state"", ""hinglish""]"
I want to upgrade my current plan to premium.,sales,false,,,,purchase intent,"[""standard"", ""sales""]"
my notifcatns are not workin,technical_support,false,,,,v4 noisy,"[""noisy""]"
refnd my muney u scammers,refund,true,,,,v4 noisy,"[""noisy""]"
I was angry earlier but the issue has been resolved.,complaint,false,,,,escalation hard negative,"[""hard_negative_escalation""]"
"Please, no follow up calls. I hate phone calls.",general_question,false,,,,v3 bulk esc-,"[""hard_negative_escalation""]"
I will not pay this month's bill due to poor service.,complaint,true,,,,bulk addition 5,"[""escalation_positive""]"
data filtering is causing errors in my workflow.,technical_support,false,,,,v3 bulk tech2,"[""standard"", ""technical""]"
CSV import fail ho raha hai row 50 par.,technical_support,false,,,,hinglish technical support,"[""hinglish""]"
i wana cancel my subskripshun,sales,false,,,,spelling/noisy text,"[""noisy""]"
I have already lost 12 hours of productivity this week.,technical_support,true,,,,v3 bulk esc+,"[""escalation_positive""]"
Data sync between mobile and desktop isn't working.,technical_support,false,,,,technical issue,"[""standard"", ""technical""]"
What do I need to know about multi-factor auth?,general_question,false,,,,v3 bulk gq,"[""standard""]"
Put me on the annual billing cycle.,sales,false,,,,purchase intent,"[""standard"", ""sales""]"
I have a sales inquiry but I'm also frustrated.,sales,false,,,,bulk addition 3,"[""confusion_pair""]"
Do I pay extra for priority support?,pricing,false,,,,v3 bulk pricing,"[""standard"", ""pricing""]"
I can't send emails through your platform.,technical_support,false,,,,technical issue,"[""standard"", ""technical""]"
cn u help me with loggin in,account_issue,false,,,,v3 noisy,"[""noisy""]"
Please expedite. This is time-sensitive.,general_question,true,,,,escalation hard positive,"[""escalation_positive"", ""hard_positive""]"
Does your dashboard support real-time data visualization?,product_question,false,,,,v3 bulk confusion,"[""standard""]"
The problem went away after I cleared my cache.,technical_support,false,,,,v3 bulk resolution,"[""resolution_state""]"
What causes the 500 error?,general_question,false,,,,v3 info vs action,"[""standard""]"
I don't want a refund. I want the service to work.,technical_support,true,,,,v3 negation,"[""negation""]"
What is the purpose of bulk operations?,general_question,false,,,,v3 bulk gq2,"[""standard""]"
Not looking for support. Just clarification.,general_question,false,,,,bulk addition,"[""hard_negative_escalation""]"
kya aapke yaha GST invoice milta hai,pricing,false,,,,,"[""hinglish""]"
Can you explain the reporting module?,general_question,false,,,,bulk addition 4,"[""standard""]"
I am not happy and I want my money returned.,refund,true,,,,refund demand,"[""escalation_positive"", ""refund""]"
mujhe aapke yaha auto-generated invoice chahiye,general_question,false,,,,v3 bulk hinglish3,"[""hinglish""]"
LinkedIn login broke my existing account.,account_issue,false,,,,bulk addition,"[""standard""]"
aapki website down hai kya,technical_support,true,,,,,"[""hinglish""]"
What is the cost of SSO integration?,pricing,false,,,,bulk addition 4,"[""standard""]"
I get an error when using The calendar sync.,technical_support,false,,,,v3 bulk tech,"[""standard"", ""technical""]"
What do I need to know about the template system?,general_question,false,,,,bulk addition 4,"[""standard""]"
How do I set up team permissions?,general_question,false,,,,v3 bulk gq2,"[""standard""]"
What's the minimum commitment?,general_question,false,,,,general info question,"[""standard""]"
Your software has a bug and I'm not happy about the price either,technical_support,false,,,,v3 multi-intent,"[""multi_intent""]"
The drag and drop feature is broken.,technical_support,false,,,,bulk addition 3,"[""standard""]"
Having issues with knowledge base search.,technical_support,false,,,,v3 bulk tech2,"[""standard"", ""technical""]"
How do I set up email forwarding?,general_question,false,,,,bulk addition 2,"[""standard""]"
Locked out,account_issue,true,,,,very short message,[]
Your product does not do what you claim it does.,complaint,false,,,,general complaint,"[""standard"", ""complaint""]"
my notifcations arnt workin,technical_support,false,,,,spelling/noisy text,"[""noisy""]"
This is both a refund request and a complaint about service.,refund,true,,,,bulk addition 3,"[""confusion_pair""]"
My entire workflow depends on this fix. I'm stuck since Monday.,technical_support,true,,,,bulk addition,"[""escalation_positive""]"
hw do i export my data frum ur platform,general_question,false,,,,v3 bulk noisy,"[""noisy""]"
What happens if I don't use your service for a month?,general_question,false,,,,v4 confusion,"[""confusion_pair""]"
I need this refund processed within 24 hours.,refund,true,,,,refund demand,"[""escalation_positive"", ""refund""]"
File upload stopped working suddenly.,technical_support,false,,,,bulk addition 4,"[""standard""]"
You have the worst support I've ever encountered.,complaint,false,,,,general complaint,"[""standard"", ""complaint""]"
asdfghjkl,other,false,,,,other / off-topic,"[""standard"", ""other""]"
Main aapke khilaf legal action lunga.,complaint,true,,,,escalation hard positive,"[""escalation_positive"", ""hard_positive""]"
Is extra storage included in the base price?,pricing,false,,,,v3 bulk pricing,"[""standard"", ""pricing""]"
the app crahses whn i opn it,technical_support,false,,,,spelling/noisy text,"[""noisy""]"
What makes your service different from competitors?,general_question,false,,,,v3 balance,"[""standard""]"
plz help im lockt out of my accnt since 2 days,account_issue,true,,,,v3 bulk noisy,"[""noisy""]"
What is your policy on data retention?,general_question,false,,,,bulk addition 3,"[""standard""]"
Koi zaroorat nahi hai escalate karne ki. Simple baat hai.,general_question,false,,,,v3 bulk esc-,"[""hard_negative_escalation"", ""hinglish""]"
How do I set up custom branding?,general_question,false,,,,v3 bulk gq2,"[""standard""]"
Can't login,account_issue,false,,,,very short message,[]
i m gettin erors in my report,technical_support,false,,,,v3 noisy,"[""noisy""]"
"I wanted to ask about something before I make a purchase decision. Your premium plan seems to have a lot of features that I'm interested in, especially the API access and the advanced analytics capabilities. However, I noticed that the pricing page doesn't clearly mention whether there are any additional costs for API calls beyond a certain limit. Could you please clarify this for me? Also, do you offer any kind of migration assistance for customers who are switching from a different platform? I would appreciate a detailed response as I'm evaluating multiple options right now.",product_question,false,,,,long message,"[""long""]"
"I want to talk to a human, not a bot.",human_request,true,,,,human request,"[""escalation_positive"", ""human_request""]"
Kya aap mujhe call back kar sakte ho?,human_request,true,,,,bulk addition,"[""hinglish""]"
aapne mujhe block kyu kar diya unblock karo,account_issue,true,,,,,"[""hinglish""]"
Is advanced analytics included in the base price?,pricing,false,,,,v3 bulk pricing,"[""standard"", ""pricing""]"
How does team management work in your platform?,general_question,false,,,,v3 bulk gq,"[""standard""]"
I'm having trouble with The reporting dashboard.,technical_support,false,,,,v3 bulk tech,"[""standard"", ""technical""]"
my dashbord is showin rong numbrs,technical_support,false,,,,bulk addition 2,"[""noisy""]"
mujhe custom report banana hai kaise kare,product_question,false,,,,,"[""hinglish""]"
why is this app so slo,technical_support,false,,,,spelling/noisy text,"[""noisy""]"
I have a complaint about billing but I need technical help accessing my account,account_issue,true,,,,v3 multi-intent,"[""multi_intent""]"
File sharing with external users is throwing an error.,technical_support,false,,,,v3 confusion: general vs tech,"[""standard""]"
Can you help me fix The calendar sync?,technical_support,false,,,,bulk addition 4,"[""standard""]"
No need to follow up. All sorted.,technical_support,false,,,,bulk addition 3,"[""hard_negative_escalation""]"
Refund request: double charge on my last payment.,refund,true,,,,bulk addition 2,"[""standard""]"
This platform is getting worse with every update.,complaint,false,,,,bulk addition 5,"[""standard""]"
Kya isme A/B testing ka feature hai?,product_question,false,,,,hinglish product question,"[""hinglish""]"
Mera trial period khatam hone wala hai. Kya karna chahiye?,general_question,false,,,,hinglish example,"[""hinglish""]"
the chat bot is not helpfl,complaint,false,,,,v3 noisy,"[""noisy""]"
Where can I find documentation about real-time sync?,general_question,false,,,,bulk addition 4,"[""standard""]"
mujhe senior se baat karni hai urgent,human_request,true,,,,,"[""hinglish""]"
Can you guide me through privacy settings?,general_question,false,,,,v3 bulk gq3,"[""standard""]"
The webhook integration is not loading properly.,technical_support,false,,,,v3 bulk tech,"[""standard"", ""technical""]"
Is there a tutorial for performance monitoring?,general_question,false,,,,v3 bulk gq,"[""standard""]"
Login nahi ho raha hai mere account mein.,account_issue,false,,,,hinglish account issue,"[""hinglish""]"
The template preview is showing incorrect data.,technical_support,false,,,,v3 bulk tech,"[""standard"", ""technical""]"
"I've been using your platform for about 6 months now and overall it's been a decent experience. However, recently I've noticed that the dashboard takes an unusually long time to load, especially when I'm trying to access the analytics section. I have a fast internet connection at 200 Mbps so the problem is definitely on your end. Can you please check what's going on and get back to me? I don't need anyone to call, just an email update would be sufficient.",technical_support,false,,,,long message,"[""long""]"
Where can I find documentation about the reporting module?,general_question,false,,,,bulk addition 4,"[""standard""]"
I'm interested in your premium tier.,sales,false,,,,purchase intent,"[""standard"", ""sales""]"
I demand immediate compensation for damages.,refund,true,,,,bulk addition 3,"[""escalation_positive""]"
The bulk editor is not loading properly.,technical_support,false,,,,v3 bulk tech,"[""standard"", ""technical""]"
Can I restrict access by IP address?,general_question,false,,,,bulk addition,"[""standard""]"
Is custom reporting included in the base price?,pricing,false,,,,bulk addition 4,"[""standard""]"
I want to talk to someone about a custom enterprise deal.,sales,false,,,,v3 balance,"[""standard""]"
