text,intent,escalation_required,language_style,difficulty,scenario_type,notes,tags
I am completely dissatisfied. Give my money back.,refund,true,,,,confusion pair example,"[""confusion_pair""]"
Cheated,complaint,true,,,,very short message,[]
I need technical help with the API and also a pricing question.,technical_support,false,,,,v3 bulk multi3,"[""multi_intent""]"
mujhe aapki service ke baare mein online reviews nahi mile,general_question,false,,,,,"[""hinglish""]"
file preview is malfunctioning.,technical_support,false,,,,v3 bulk tech2,"[""standard"", ""technical""]"
How long does setup take?,general_question,false,,,,general info question,"[""standard""]"
mujhe aapki service ka live demo dikhao,sales,false,,,,v3 bulk hinglish,"[""hinglish""]"
The calendar sync is not loading properly.,technical_support,false,,,,v3 bulk tech,"[""standard"", ""technical""]"
Bas puchh raha tha. Koi escalate nahi karna.,general_question,false,,,,v3 bulk esc-3,"[""hard_negative_escalation"", ""hinglish""]"
Account locked.,account_issue,true,,,,v4 short,"[""standard""]"
kya aap Hindi mein bhi support dete ho,general_question,false,,,,,"[""hinglish""]"
kya apke yaha onboarding support milta hai?,general_question,false,,,,general info question,"[""standard""]"
You lost my trust. I'm leaving bad reviews everywhere.,complaint,true,,,,bulk addition 2,"[""standard""]"
i cant see my billng info,pricing,false,,,,spelling/noisy text,"[""noisy""]"
The customer portal feature seems to be broken.,technical_support,false,,,,v3 bulk tech2,"[""standard"", ""technical""]"
Error,technical_support,false,,,,very short message,[]
kya aapke yaha discount milta hai festive season mein?,general_question,false,,,,hinglish general question,"[""hinglish""]"
Is role management available in all plans?,general_question,false,,,,bulk addition 4,"[""standard""]"
File upload limit 0 bytes par atka hua hai.,technical_support,false,,,,hinglish technical support,"[""hinglish""]"
mera account ka data export karo,general_question,false,,,,v3 bulk hinglish,"[""hinglish""]"
This is both a complaint and a question about pricing.,pricing,false,,,,multi-intent example,"[""multi_intent""]"
The API endpoint is broken after the latest update.,technical_support,false,,,,bulk addition 4,"[""standard""]"
The webhook integration is broken after the latest update.,technical_support,false,,,,bulk addition 4,"[""standard""]"
How do I set up accessibility options?,general_question,false,,,,v3 bulk gq2,"[""standard""]"
kya ye app India mein available hai?,general_question,false,,,,general info question,"[""standard""]"
can u help me setup my account plz,account_issue,false,,,,v3 bulk noisy,"[""noisy""]"
Can you explain performance monitoring?,general_question,false,,,,v3 bulk gq,"[""standard""]"
hw 2 upgrate my plan from basic to pro,sales,false,,,,v3 bulk noisy,"[""noisy""]"
I am unable to use the color picker correctly.,technical_support,false,,,,v3 bulk tech3,"[""standard"", ""technical""]"
How much does migration cost?,pricing,false,,,,pricing question,"[""standard"", ""pricing""]"
LinkedIn login broke my existing account.,account_issue,false,,,,bulk addition,"[""standard""]"
i wnt my subscripion canclld,sales,false,,,,v3 noisy,"[""noisy""]"
Team plan ka proforma invoice bhejo.,sales,false,,,,hinglish sales,"[""hinglish""]"
Do you have a grace period for late renewals?,general_question,false,,,,bulk addition,"[""standard""]"
how much dose the pro plan cost?,pricing,false,,,,spelling/noisy text,"[""noisy""]"
Money back!,refund,true,,,,very short message,[]
Your error caused me to miss a critical business deadline.,technical_support,true,,,,v3 bulk esc+,"[""escalation_positive""]"
What is the cost of dedicated server?,pricing,false,,,,v3 bulk pricing,"[""standard"", ""pricing""]"
Your service didn't work as advertised. I want my money back.,refund,true,,,,v3 balance,"[""standard""]"
$50 plan mein kya kya aata hai?,pricing,false,,,,hinglish pricing,"[""hinglish""]"
need help with my accnt asap,account_issue,true,,,,v4 noisy,"[""noisy""]"
aapne mujhe block kyu kar diya unblock karo,account_issue,true,,,,,"[""hinglish""]"
how many users can i ad,product_question,false,,,,spelling/noisy text,"[""noisy""]"
I'm interested in buying but I need to understand the features first,product_question,false,,,,v3 multi-intent,"[""multi_intent""]"
i dont lik this servis at all,complaint,false,,,,v3 noisy,"[""noisy""]"
The app crashes every time I upload a file.,technical_support,false,,,,technical issue,"[""standard"", ""technical""]"
Your platform is a joke and my account doesn't work.,account_issue,false,,,,confusion pair example,"[""confusion_pair""]"
My workflow automation is not working.,technical_support,false,,,,v3 bulk tech,"[""standard"", ""technical""]"
I regret choosing your platform over competitors.,complaint,false,,,,v3 balance,"[""standard""]"
Mera issue resolved nahi ho raha hai since 3 days,technical_support,false,,,,,"[""hinglish""]"
How do I set up search filters?,general_question,false,,,,v3 bulk gq2,"[""standard""]"
What is the cost of additional users?,pricing,false,,,,v3 bulk pricing,"[""standard"", ""pricing""]"
Can you help me fix The chart generator?,technical_support,false,,,,v3 bulk tech,"[""standard"", ""technical""]"
Tell me about your product and your pricing,product_question,false,,,,v3 multi-intent,"[""multi_intent""]"
I'm not sure if I need support or I should just cancel.,general_question,false,,,,bulk addition 5,"[""confusion_pair""]"
Complaint here,complaint,false,,,,very short message,[]
mujhe apna password reset karna hai,account_issue,false,,,,,"[""hinglish""]"
Can I have multiple workspaces?,general_question,false,,,,general info question,"[""standard""]"
knowledge base search stopped responding.,technical_support,false,,,,v3 bulk tech2,"[""standard"", ""technical""]"
How does keyboard shortcuts affect my account?,general_question,false,,,,v3 bulk gq2,"[""standard""]"
Please no calls. SMS or email is better for me.,general_question,false,,,,v3 esc hard neg,"[""hard_negative_escalation""]"
How do I check my current plan details?,general_question,false,,,,v3 balance3,"[""standard""]"
I'm both happy with the product and frustrated with support.,complaint,false,,,,v3 bulk multi3,"[""multi_intent""]"
Stop the chatbot. Give me a human agent.,human_request,true,,,,v3 confusion: human vs sales,"[""standard""]"
two factor auth not wrking,technical_support,false,,,,spelling/noisy text,"[""noisy""]"
My account got hacked and I need to speak to someone,account_issue,true,,,,v3 multi-intent,"[""multi_intent""]"
the buton is not workin on my page,technical_support,false,,,,v3 noisy,"[""noisy""]"
two-factor authentication support karte ho?,product_question,false,,,,hinglish product question,"[""hinglish""]"
Is there a way to request new features?,general_question,false,,,,v3 balance,"[""standard""]"
my team member cant join the workspace,account_issue,false,,,,spelling/noisy text,"[""noisy""]"
I don't need anyone to reach out. Just acknowledge my message.,general_question,false,,,,v3 esc hard neg,"[""hard_negative_escalation""]"
the updat brok evrythin im angy,technical_support,true,,,,bulk addition 3,"[""noisy""]"
Talk to human about technical support for billing issue.,technical_support,true,,,,bulk addition,"[""multi_intent""]"
GST included hai price mein?,pricing,false,,,,hinglish pricing,"[""hinglish""]"
wer can i find the setings,general_question,false,,,,bulk addition,"[""noisy""]"
Mujhe aapki service se help chahiye aur price bhi puchhna hai.,general_question,false,,,,v3 bulk multi hinglish,"[""multi_intent"", ""hinglish""]"
What is 2+2?,other,false,,,,confusion pair example,"[""confusion_pair""]"
Can you guide me through file organization?,general_question,false,,,,v3 bulk gq3,"[""standard""]"
How do I set up bulk operations?,general_question,false,,,,v3 bulk gq2,"[""standard""]"
I want to complain about your service and get a refund,refund,true,,,,v3 multi-intent,"[""multi_intent""]"
"Don't transfer me, just help me here",general_question,false,,,,v3 negation,"[""negation""]"
How do I set up export options?,general_question,false,,,,v3 bulk gq2,"[""standard""]"
I get an error when using The webhook integration.,technical_support,false,,,,v3 bulk tech,"[""standard"", ""technical""]"
This is the fourth time I'm reporting the same bug.,technical_support,true,,,,v3 esc hard pos,"[""escalation_positive""]"
Is there a tutorial for data export?,general_question,false,,,,v3 bulk gq,"[""standard""]"
Is there a number I can call to speak to someone?,human_request,true,,,,human request,"[""escalation_positive"", ""human_request""]"
mujhe aapke software ke saath Google Sheets sync chahiye,product_question,false,,,,v3 bulk hinglish3,"[""hinglish""]"
Encountering problems with the color picker.,technical_support,false,,,,v3 bulk tech3,"[""standard"", ""technical""]"
What do I need to know about billing?,general_question,false,,,,v3 bulk gq,"[""standard""]"
aapne mujhe double charge kiya tha lekin ab refund kar diya,refund,false,,,,v4 hinglish,"[""hinglish"", ""resolution_state""]"
hello ji,other,false,,,,other / off-topic,"[""standard"", ""other""]"
the app keps crashin every 5 minits,technical_support,false,,,,bulk addition 2,"[""noisy""]"
the tag system is giving me trouble.,technical_support,false,,,,v3 bulk tech3,"[""standard"", ""technical""]"
aapki app ki design bahut achi hai,other,false,,,,v4 hinglish,"[""hinglish""]"
i m very angery,complaint,false,,,,spelling/noisy text,"[""noisy""]"
Is there funnel analytics?,product_question,false,,,,product feature question,"[""standard""]"
the notifcation icon is not showng,technical_support,false,,,,spelling/noisy text,"[""noisy""]"
Can someone please call me regarding my account?,human_request,true,,,,bulk addition,"[""standard""]"
The template preview is showing incorrect data.,technical_support,false,,,,bulk addition 4,"[""standard""]"
Overcharged,pricing,true,,,,very short message,[]
Is there a way to preview before publishing?,general_question,false,,,,bulk addition,"[""standard""]"
Is there a way to billing alerts?,general_question,false,,,,v3 bulk gq2,"[""standard""]"
Maine bahut patience dikhaya but ab limit aa gayi. Senior ko bulao.,complaint,true,,,,v3 bulk esc+,"[""escalation_positive"", ""hinglish""]"
Not looking for support. Just clarification.,general_question,false,,,,bulk addition,"[""hard_negative_escalation""]"
Account email change nahi kar sakta.,account_issue,false,,,,hinglish account issue,"[""hinglish""]"
the app is not respnding wen i tap,technical_support,false,,,,v4 noisy,"[""noisy""]"
Refund my money immediately or I will file a complaint.,refund,true,,,,v3 balance3,"[""standard""]"
kya mein apna plan change kar sakta hu,pricing,false,,,,,"[""hinglish""]"
Maine galati se delete kar diya account. Help.,account_issue,true,,,,hinglish example,"[""hinglish""]"
Can you guide me through the file manager?,general_question,false,,,,v3 bulk gq3,"[""standard""]"
I've tried everything in your knowledge base. Nothing works.,technical_support,true,,,,v3 esc hard pos,"[""escalation_positive""]"
The migration issue is resolved. Works perfectly.,technical_support,false,,,,v3 resolution,"[""resolution_state""]"
i needa tlk to a hooman,human_request,true,,,,spelling/noisy text,"[""noisy""]"
I want to speak to the sales team about purchasing,sales,false,,,,v3 confusion: human vs sales,"[""standard""]"
I expect a personal phone call to discuss this matter.,human_request,true,,,,v3 bulk esc+,"[""escalation_positive""]"
mera email change nahi ho raha help karo,account_issue,false,,,,,"[""hinglish""]"
How do I get a refund?,refund,false,,,,v3 info vs action,"[""standard""]"
Payment kat gaya but account activate nahi hua.,technical_support,true,,,,hinglish example,"[""hinglish""]"
I have been a customer for 5 years and I deserve better.,complaint,true,,,,bulk addition 3,"[""escalation_positive""]"
How much does the premium plan cost?,pricing,false,,,,v3 confusion: pricing vs sales,"[""standard""]"
Refund request and also need help with account closure,refund,true,,,,v3 multi-intent,"[""multi_intent""]"
Not a support ticket. This is a suggestion.,other,false,,,,v4 negation,"[""negation""]"
aapke yaha free trial kitne din ka hai,general_question,false,,,,v3 bulk hinglish,"[""hinglish""]"
How do I configure the file manager?,general_question,false,,,,v3 bulk gq3,"[""standard""]"
mera account kaise reactivate kare,account_issue,false,,,,,"[""hinglish""]"
This is more urgent than my previous messages indicate.,technical_support,true,,,,v3 bulk esc+,"[""escalation_positive""]"
I want to buy but your site keeps crashing during checkout,sales,true,,,,v3 multi-intent,"[""multi_intent""]"
Get me a human on the line immediately,human_request,true,,,,v3 confusion: human vs sales,"[""standard""]"
i cnt find the upgarde option anywher in my accnt,sales,false,,,,v3 bulk noisy3,"[""noisy""]"
Aapki vajah se mera client loss ho raha hai.,complaint,true,,,,escalation hard positive,"[""escalation_positive"", ""hard_positive""]"
Your platform is interesting.,other,false,,,,v3 balance,"[""standard""]"
mujhe koi experienced person se baat karni hai,human_request,true,,,,,"[""hinglish""]"
I need information about the file manager.,general_question,false,,,,v3 bulk gq3,"[""standard""]"
"I want actual human interaction, not automated replies.",human_request,true,,,,human request,"[""escalation_positive"", ""human_request""]"
wht is the price for aditional users,pricing,false,,,,v3 bulk noisy,"[""noisy""]"
Tell me the price or connect me to sales.,pricing,false,,,,bulk addition 2,"[""confusion_pair""]"
Email delivery is delayed by hours.,technical_support,false,,,,technical issue,"[""standard"", ""technical""]"
Very bad experience.,complaint,false,,,,v4 short,"[""standard""]"
Keep up the good work.,other,false,,,,bulk addition,"[""standard""]"
How is data storage priced?,pricing,false,,,,v3 bulk pricing2,"[""standard"", ""pricing""]"
Everything is working now. You can close my ticket.,technical_support,false,,,,v3 resolution,"[""resolution_state""]"
What is the cost of priority support?,pricing,false,,,,v3 bulk pricing,"[""standard"", ""pricing""]"
What happens when my subscription expires?,general_question,false,,,,general info question,"[""standard""]"
mera plan renewal ka reminder bhejo,general_question,false,,,,v3 bulk hinglish3,"[""hinglish""]"
the app is to slow,technical_support,false,,,,v3 noisy,"[""noisy""]"
My entire department is unable to work because of your bug.,technical_support,true,,,,bulk addition 5,"[""escalation_positive""]"
the list view is giving me trouble.,technical_support,false,,,,v3 bulk tech3,"[""standard"", ""technical""]"
I'm tired of your broken promises.,complaint,false,,,,bulk addition,"[""standard""]"
I was angry earlier but the issue has been resolved,complaint,false,,,,v3 multi-intent,"[""multi_intent"", ""resolution_state""]"
What is the purpose of password policies?,general_question,false,,,,v3 bulk gq2,"[""standard""]"
Mera payment fail ho gaya but paisa kat liya.,technical_support,true,,,,bulk addition 2,"[""hinglish""]"
kya Linux support hai?,general_question,false,,,,hinglish general question,"[""hinglish""]"
kya audit logging available hai?,product_question,false,,,,hinglish product question,"[""hinglish""]"
Is there a way to import features?,general_question,false,,,,v3 bulk gq2,"[""standard""]"
How often is data backed up?,general_question,false,,,,general info question,"[""standard""]"
the dashbord is showin rong data,technical_support,false,,,,v3 noisy,"[""noisy""]"
The drag and drop editor is not loading properly.,technical_support,false,,,,v3 bulk tech,"[""standard"", ""technical""]"
Do not contact me about this issue. Ever.,general_question,false,,,,v3 negation,"[""negation""]"
Mujhe training chahiye product ki. Kya facility hai?,product_question,false,,,,hinglish example,"[""hinglish""]"
I do not wish to speak to anyone. Text only.,general_question,false,,,,v4 esc-,"[""hard_negative_escalation""]"
I can't send emails through your platform.,technical_support,false,,,,technical issue,"[""standard"", ""technical""]"
Mai 2 saal se customer hu. Aisa treatment nahi deserve karta.,complaint,true,,,,bulk addition,"[""hinglish""]"
Your system deleted my data without any warning.,technical_support,true,,,,v3 esc hard pos,"[""escalation_positive""]"
Where can I find documentation about user permissions?,general_question,false,,,,v3 bulk gq,"[""standard""]"
I need a solution within the next 2 hours.,technical_support,true,,,,bulk addition 3,"[""escalation_positive""]"
the app keepz crashin wen i uplod,technical_support,false,,,,spelling/noisy text,"[""noisy""]"
The user import feature seems to be broken.,technical_support,false,,,,v3 bulk tech2,"[""standard"", ""technical""]"
aapne mera support ticket close kyun kar diya,complaint,true,,,,v3 bulk hinglish3,"[""hinglish""]"
I need information about privacy settings.,general_question,false,,,,v3 bulk gq3,"[""standard""]"
Do you offer different pricing tiers for training sessions?,pricing,false,,,,v3 bulk pricing2,"[""standard"", ""pricing""]"
Someone logged into my account from a different country.,account_issue,true,,,,v3 esc hard pos,"[""escalation_positive""]"
Aapki vajah se mera client loss ho raha hai. Immediate action lo.,complaint,true,,,,v3 esc hard pos hinglish,"[""escalation_positive"", ""hinglish""]"
Can someone help me with my account? Also what plans do you have?,account_issue,false,,,,v3 bulk multi,"[""multi_intent""]"
maine problem report ki thi lekin ab solve ho gayi,technical_support,false,,,,v4 hinglish,"[""hinglish"", ""resolution_state""]"
Do not contact me. I will contact you if I need help.,general_question,false,,,,v3 bulk esc-,"[""hard_negative_escalation""]"
How much for custom reporting?,pricing,false,,,,bulk addition 4,"[""standard""]"
Password change confirmation email not received.,account_issue,false,,,,account issue,"[""standard"", ""account""]"
Can you explain the refund policy and also your pricing?,general_question,false,,,,multi-intent example,"[""multi_intent""]"
mujhe aapke software ke source code access chahiye,other,false,,,,v3 bulk hinglish,"[""hinglish""]"
Can I create a team workspace?,general_question,false,,,,general info question,"[""standard""]"
How long does it take to set up multi-factor auth?,general_question,false,,,,v3 bulk gq,"[""standard""]"
I want to cancel and get my money back right now.,refund,true,,,,refund demand,"[""escalation_positive"", ""refund""]"
Encountering problems with the calendar view.,technical_support,false,,,,v3 bulk tech3,"[""standard"", ""technical""]"
mujhe aapke product ke baare mein aur jaanna hai,general_question,false,,,,v4 hinglish,"[""hinglish""]"
How do I set up custom branding?,general_question,false,,,,v3 bulk gq2,"[""standard""]"
Activate premium support for my account now.,sales,false,,,,v3 bulk infoact,"[""standard""]"
the list view has a bug that needs fixing.,technical_support,false,,,,v3 bulk tech3,"[""standard"", ""technical""]"
aapki app Hindi mein available hai kya,product_question,false,,,,,"[""hinglish""]"
I was upset but your team fixed everything. All good now.,complaint,false,,,,v3 bulk resolution,"[""resolution_state""]"
I can't switch between my workspace accounts.,account_issue,false,,,,account issue,"[""standard"", ""account""]"
How does the trial compare to full version?,pricing,false,,,,bulk addition 3,"[""standard""]"
mera invoice kab generate hoga,pricing,false,,,,v3 bulk hinglish,"[""hinglish""]"
Payment double charge ho gaya. Paisa wapas karo.,refund,true,,,,hinglish example,"[""hinglish""]"
The integration keeps dropping connection every 10 minutes,technical_support,false,,,,v3 confusion: tech vs complaint,"[""standard""]"
the payment page is nt loading on mobil,technical_support,false,,,,v3 bulk noisy3,"[""noisy""]"
How much for API access add-on?,pricing,false,,,,pricing question,"[""standard"", ""pricing""]"
i wnt 2 spek to a manager,human_request,true,,,,v3 noisy,"[""noisy""]"
This needs to be treated as a P0 incident immediately.,technical_support,true,,,,v3 bulk esc+,"[""escalation_positive""]"
I need to talk to a real person about my problem,human_request,true,,,,v3 confusion: human vs sales,"[""standard""]"
File upload is not loading properly.,technical_support,false,,,,bulk addition 4,"[""standard""]"
What are the costs associated with premium features?,pricing,false,,,,v3 bulk pricing2,"[""standard"", ""pricing""]"
Angry about billing but love the product.,pricing,false,,,,bulk addition 2,"[""multi_intent""]"
Mera number change ho gaya. Account mein update karo.,account_issue,false,,,,hinglish example,"[""hinglish""]"
Can you explain how account cancellation works?,general_question,false,,,,v3 info vs action,"[""standard""]"
I want my money back.,refund,true,,,,refund demand,"[""escalation_positive"", ""refund""]"
The data filtering feature seems to be broken.,technical_support,false,,,,v3 bulk tech2,"[""standard"", ""technical""]"
kya aapke yaha EMI option hai,pricing,false,,,,,"[""hinglish""]"
How long does it take to set up performance monitoring?,general_question,false,,,,v3 bulk gq,"[""standard""]"
Widgets on the dashboard are not loading.,technical_support,false,,,,technical issue,"[""standard"", ""technical""]"
Can I customize notification templates?,product_question,false,,,,product feature question,"[""standard""]"
i wnt 2 speek to a reel person,human_request,true,,,,spelling/noisy text,"[""noisy""]"
Per seat charge karte ho ya flat rate?,pricing,false,,,,hinglish pricing,"[""hinglish""]"
this iz not wot i paid 4,complaint,false,,,,spelling/noisy text,"[""noisy""]"
I am unable to use the template editor correctly.,technical_support,false,,,,v3 bulk tech3,"[""standard"", ""technical""]"
Is there a tutorial for performance monitoring?,general_question,false,,,,v3 bulk gq,"[""standard""]"
How's your day?,other,false,,,,other / off-topic,"[""standard"", ""other""]"
How do I set up password policies?,general_question,false,,,,v3 bulk gq2,"[""standard""]"
Can I customize user invitations?,general_question,false,,,,v3 bulk gq2,"[""standard""]"
"I wanted to ask about something before I make a purchase decision. Your premium plan seems to have a lot of features that I'm interested in, especially the API access and the advanced analytics capabilities. However, I noticed that the pricing page doesn't clearly mention whether there are any additional costs for API calls beyond a certain limit. Could you please clarify this for me? Also, do you offer any kind of migration assistance for customers who are switching from a different platform? I would appreciate a detailed response as I'm evaluating multiple options right now.",product_question,false,,,,long message,"[""long""]"
Just browsing. Thanks!,other,false,,,,v3 balance,"[""standard""]"
Mujhe enterprise plan ka quote chahiye,pricing,false,,,,hinglish pricing,"[""hinglish""]"
My workflow automation is not loading properly.,technical_support,false,,,,v3 bulk tech,"[""standard"", ""technical""]"
Do you have a mobile-responsive interface?,product_question,false,,,,product feature question,"[""standard""]"
Are upgrades free within the same tier?,pricing,false,,,,bulk addition 2,"[""standard""]"
This needs a human touch. Please transfer.,human_request,true,,,,bulk addition,"[""standard""]"
What are the benefits of team management?,general_question,false,,,,v3 bulk gq,"[""standard""]"
Kisi aur ne mera account access kiya.,account_issue,false,,,,hinglish account issue,"[""hinglish""]"
mujhe apni billing history dekhni hai,pricing,false,,,,,"[""hinglish""]"
I cannot proceed with my work until this is resolved.,technical_support,true,,,,v3 bulk esc+,"[""escalation_positive""]"
Refund chahiye aur account bhi delete karo.,refund,true,,,,bulk addition 2,"[""multi_intent""]"
I don't need anyone to follow up. Thanks.,general_question,false,,,,bulk addition 2,"[""hard_negative_escalation""]"
Where can I find documentation about real-time sync?,general_question,false,,,,v3 bulk gq,"[""standard""]"
Meri email notification nahi aa rahi.,technical_support,false,,,,hinglish example,"[""hinglish""]"
Can I embed dashboards on my site?,product_question,false,,,,product feature question,"[""standard""]"
Having issues with real-time updates.,technical_support,false,,,,v3 bulk tech2,"[""standard"", ""technical""]"
Mai aapka product 2 saal se use kar raha hu.,general_question,false,,,,bulk addition 2,"[""hinglish""]"
How does the analytics dashboard work in your platform?,general_question,false,,,,v3 bulk gq,"[""standard""]"
mera data kab tak recover hoga,technical_support,true,,,,,"[""hinglish""]"
Mai aapka customer banna chahta hu.,sales,false,,,,hinglish sales,"[""hinglish""]"
user import is malfunctioning.,technical_support,false,,,,v3 bulk tech2,"[""standard"", ""technical""]"
aapki services ke baare mein batao?,general_question,false,,,,hinglish general question,"[""hinglish""]"
the inline editor has a bug that needs fixing.,technical_support,false,,,,v3 bulk tech3,"[""standard"", ""technical""]"
I demand immediate compensation for damages.,refund,true,,,,bulk addition 3,"[""escalation_positive""]"
Kya?,other,false,,,,very short message,[]
Is email notifications available in all plans?,general_question,false,,,,bulk addition 4,"[""standard""]"
Having issues with email parser.,technical_support,false,,,,v3 bulk tech2,"[""standard"", ""technical""]"
Is there a price lock for annual subscribers?,pricing,false,,,,bulk addition 2,"[""standard""]"
aapke yaha bulk user upload ka feature hai,product_question,false,,,,v3 bulk hinglish,"[""hinglish""]"
Account issue and refund request both.,refund,true,,,,bulk addition 5,"[""multi_intent""]"
thx for ur help i apreciate it,other,false,,,,bulk addition,"[""noisy""]"
I have been a paying customer for 3 years and this is unacceptable.,complaint,true,,,,v3 bulk esc+,"[""escalation_positive""]"
I don't have an account and I'm just browsing.,other,false,,,,bulk addition 5,"[""standard""]"
Is the price negotiable for large teams?,pricing,false,,,,bulk addition,"[""standard""]"
My account shows 'suspended' but I paid yesterday.,account_issue,true,,,,bulk addition,"[""standard""]"
I need an emergency patch deployed to production.,technical_support,true,,,,v3 esc hard pos,"[""escalation_positive""]"
real-time updates is causing errors in my workflow.,technical_support,false,,,,v3 bulk tech2,"[""standard"", ""technical""]"
How do I view my team's activity log?,general_question,false,,,,v3 balance3,"[""standard""]"
Are there any transaction fees?,pricing,false,,,,pricing question,"[""standard"", ""pricing""]"
Is there a drag-and-drop form builder?,product_question,false,,,,v3 balance3,"[""standard""]"
I demand a refund for the last three months.,refund,true,,,,refund demand,"[""escalation_positive"", ""refund""]"
Refund request for poor service and also want to cancel.,refund,true,,,,v3 bulk multi3,"[""multi_intent""]"
wher can i see my invoce,pricing,false,,,,v3 noisy,"[""noisy""]"
dashboard export is causing errors in my workflow.,technical_support,false,,,,v3 bulk tech2,"[""standard"", ""technical""]"
Does the product support real-time collaboration?,product_question,false,,,,product feature question,"[""standard""]"
How many employees do you have?,general_question,false,,,,confusion pair example,"[""confusion_pair""]"
Fix the 500 error on my dashboard now.,technical_support,true,,,,v3 info vs action,"[""standard""]"
If this continues I will take legal recourse.,complaint,true,,,,bulk addition 3,"[""escalation_positive""]"
Can you explain billing?,general_question,false,,,,v3 bulk gq,"[""standard""]"
I am filing a formal complaint with your compliance department.,complaint,true,,,,v3 bulk esc+,"[""escalation_positive""]"
Can I speak to a manager?,human_request,true,,,,human request,"[""escalation_positive"", ""human_request""]"
I'm seeing someone else's data in my account.,account_issue,false,,,,account issue,"[""standard"", ""account""]"
No urgent action needed. Take your time.,general_question,false,,,,v3 negation,"[""negation""]"
How is your day going?,other,false,,,,bulk addition 3,"[""standard""]"
What is your refund policy?,general_question,false,,,,v3 info vs action,"[""standard""]"
Aaj customer khoya hai aapne.,complaint,false,,,,hinglish complaint,"[""hinglish""]"
I expect a call back within the next hour. This is unacceptable.,human_request,true,,,,escalation hard positive,"[""escalation_positive"", ""hard_positive""]"
mera trial khatam hone wala hai kya karna hoga,general_question,false,,,,,"[""hinglish""]"
Nobody needs to contact me. I just have a question.,general_question,false,,,,escalation hard negative,"[""hard_negative_escalation""]"
I want to cancel. Process it.,sales,false,,,,v3 info vs action,"[""standard""]"
Does your platform support webhooks for real-time updates?,product_question,false,,,,v3 balance,"[""standard""]"
This is false advertising. Your product does not match claims.,complaint,false,,,,v3 balance3,"[""standard""]"
koi support person se baat karwa do,human_request,true,,,,,"[""hinglish""]"
I need a guaranteed resolution by tomorrow morning.,technical_support,true,,,,v4 esc+,"[""escalation_positive""]"
How do I set up profile visibility?,general_question,false,,,,v3 bulk gq2,"[""standard""]"
The reporting dashboard stopped working suddenly.,technical_support,false,,,,bulk addition 4,"[""standard""]"
Isme lead scoring automatic hai?,product_question,false,,,,hinglish product question,"[""hinglish""]"
Please cancel my subscription and refund the remaining amount.,refund,true,,,,v3 balance,"[""standard""]"
How long does it take to set up content scheduling?,general_question,false,,,,v3 bulk gq,"[""standard""]"
I don't need further assistance. Issue is resolved.,technical_support,false,,,,v3 resolution,"[""resolution_state""]"
mujhe aapke yaha se certificate chahiye service ke liye,other,false,,,,v3 bulk hinglish3,"[""hinglish""]"
How does user permissions work in your platform?,general_question,false,,,,bulk addition 4,"[""standard""]"
If this is not resolved today I'm switching to your competitor.,complaint,true,,,,escalation hard positive,"[""escalation_positive"", ""hard_positive""]"
mera account ka status check karo,account_issue,false,,,,v3 bulk hinglish,"[""hinglish""]"
The progress bar is stuck at 99%.,technical_support,false,,,,bulk addition 5,"[""standard""]"
aapne mujhe galat features bataye the sales team ne,complaint,false,,,,,"[""hinglish""]"
i wnt to knw the price of premium,pricing,false,,,,v4 noisy,"[""noisy""]"
aapne mujhe refund ka email kyun nahi bheja,refund,false,,,,v4 hinglish,"[""hinglish""]"
the grid view has a bug that needs fixing.,technical_support,false,,,,v3 bulk tech3,"[""standard"", ""technical""]"
Mujhe aapke product mein kuch features add karne hain. Kya aap custom development support karte ho?,product_question,false,,,,cross 2000,"[""hinglish""]"
We are ready to purchase. Send me the contract.,sales,false,,,,v3 confusion: pricing vs sales,"[""standard""]"
How does the dashboard work in your platform?,general_question,false,,,,v3 bulk gq,"[""standard""]"
I want to add the API add-on to my existing plan.,sales,false,,,,bulk addition,"[""standard""]"
What is the purpose of custom branding?,general_question,false,,,,v3 bulk gq2,"[""standard""]"
Is there a trial for the enterprise plan?,general_question,false,,,,bulk addition,"[""standard""]"
👍,other,false,,,,other / off-topic,"[""standard"", ""other""]"
Can you explain the refund policy and also your pricing,general_question,false,,,,v3 multi-intent,"[""multi_intent""]"
I need both technical support and a refund for the downtime,refund,true,,,,v3 multi-intent,"[""multi_intent""]"
mera password reset link kab tak aayega,account_issue,false,,,,v3 bulk hinglish,"[""hinglish""]"
I want to complain about billing and get it fixed.,pricing,false,,,,v3 bulk multi3,"[""multi_intent""]"
Can I customize keyboard shortcuts?,general_question,false,,,,v3 bulk gq2,"[""standard""]"
how do i upgrade my plan i cnt find the buton,sales,false,,,,bulk addition,"[""noisy""]"
The ticket routing feature seems to be broken.,technical_support,false,,,,v3 bulk tech2,"[""standard"", ""technical""]"
Very poor service. Not happy at all.,complaint,false,,,,general complaint,"[""standard"", ""complaint""]"
My email was changed without my permission.,account_issue,false,,,,account issue,"[""standard"", ""account""]"
Setup kaise kare? Mujhe koi guide nahi mil rahi.,general_question,false,,,,bulk addition,"[""hinglish""]"
ticket routing is malfunctioning.,technical_support,false,,,,v3 bulk tech2,"[""standard"", ""technical""]"
I complained earlier but the matter is resolved now.,complaint,false,,,,v3 resolution,"[""resolution_state""]"
Can I get a walkthrough of the enterprise features?,sales,false,,,,purchase intent,"[""standard"", ""sales""]"
can u tel me the price of ur premium plan plz,pricing,false,,,,bulk addition,"[""noisy""]"
aapne mujhe double charge kar diya refund karo,refund,true,,,,,"[""hinglish""]"
Mujhe senior se baat karni hai. Bot nahi.,human_request,true,,,,bulk addition 5,"[""hinglish""]"
Cool feature set you have there.,other,false,,,,v3 balance3,"[""standard""]"
Do you have a CRM tool?,general_question,false,,,,v3 confusion: product vs general,"[""standard""]"
real-time updates stopped responding.,technical_support,false,,,,v3 bulk tech2,"[""standard"", ""technical""]"
aapne mera account block kyun kiya,account_issue,true,,,,v3 bulk hinglish,"[""hinglish""]"
How does the refund process work?,general_question,false,,,,v3 bulk infoact,"[""standard""]"
What do I need to know about the template system?,general_question,false,,,,v3 bulk gq,"[""standard""]"
This is urgent. I'm losing customers because of your bug.,technical_support,true,,,,escalation hard positive,"[""escalation_positive"", ""hard_positive""]"
Mujhe aapke product ki training chahiye.,product_question,false,,,,bulk addition 5,"[""hinglish""]"
ur chargin me rong ammount,pricing,true,,,,spelling/noisy text,"[""noisy""]"
Do you have a mobile app?,general_question,false,,,,bulk addition,"[""standard""]"
Your platform went down during my live presentation.,technical_support,true,,,,v3 esc hard pos,"[""escalation_positive""]"
I need a person who can make decisions.,human_request,true,,,,v3 balance,"[""standard""]"
Kya volume discount available hai?,pricing,false,,,,hinglish pricing,"[""hinglish""]"
the app crahses whn i opn it,technical_support,false,,,,spelling/noisy text,"[""noisy""]"
Payment failed and I want my money back,refund,true,,,,v3 multi-intent,"[""multi_intent""]"
"Calm down, it's not that serious. Just tell me the answer.",general_question,false,,,,v3 esc hard neg,"[""hard_negative_escalation""]"
No escalation. Just asking a question.,general_question,false,,,,bulk addition 5,"[""hard_negative_escalation""]"
This is the fifth time I'm raising the same issue. I need a manager.,human_request,true,,,,v3 esc hard pos,"[""escalation_positive""]"
hw much 4 the team plan with 10 users,pricing,false,,,,v3 bulk noisy,"[""noisy""]"
Your support takes forever to respond.,complaint,false,,,,general complaint,"[""standard"", ""complaint""]"
mera API key regenerate karo,general_question,false,,,,v4 hinglish,"[""hinglish""]"
Hi team,other,false,,,,very short message,[]
What is your company's mission?,general_question,false,,,,v3 balance,"[""standard""]"
Actually I don't need support anymore.,general_question,false,,,,bulk addition 5,"[""hard_negative_escalation""]"
Where can I find documentation about the workflow builder?,general_question,false,,,,v3 bulk gq,"[""standard""]"
bulk edit stopped responding.,technical_support,false,,,,v3 bulk tech2,"[""standard"", ""technical""]"
I want to buy the pro plan now.,sales,false,,,,purchase intent,"[""standard"", ""sales""]"
I want to talk about a partnership.,sales,false,,,,bulk addition 3,"[""standard""]"
Do I pay extra for API access?,pricing,false,,,,v3 bulk pricing,"[""standard"", ""pricing""]"
I can't decide if this is a refund request or just a question.,refund,false,,,,bulk addition,"[""multi_intent""]"
What should I know about subscription management?,general_question,false,,,,v3 bulk gq3,"[""standard""]"
Where can I find documentation about the reporting module?,general_question,false,,,,v3 bulk gq,"[""standard""]"
Can you explain role management?,general_question,false,,,,bulk addition 4,"[""standard""]"
"i dnt wnt a refund, jst want info",refund,false,,,,spelling/noisy text,"[""noisy""]"
This security vulnerability needs to be patched immediately.,technical_support,true,,,,v3 bulk esc+,"[""escalation_positive""]"
Your product is great but the pricing is confusing. Can you explain?,pricing,false,,,,multi-intent example,"[""multi_intent""]"
refund my mony r i repot u,refund,true,,,,v3 noisy,"[""noisy""]"
Can we schedule the onboarding call?,sales,false,,,,purchase intent,"[""standard"", ""sales""]"
Let me speak to the sales engineering team.,sales,false,,,,bulk addition,"[""standard""]"
How do I delete my account?,general_question,false,,,,general info question,"[""standard""]"
Bot se koi help nahi mil rahi. Human do.,human_request,true,,,,bulk addition,"[""hinglish""]"
Annual plan ke liye sign up karo.,sales,false,,,,hinglish sales,"[""hinglish""]"
I'm having trouble with The reporting dashboard.,technical_support,false,,,,bulk addition 4,"[""standard""]"
Does the mobile app support offline mode?,product_question,false,,,,v3 balance,"[""standard""]"
Your customer service is a joke.,complaint,false,,,,general complaint,"[""standard"", ""complaint""]"
Do you like pizza?,other,false,,,,other / off-topic,"[""standard"", ""other""]"
How do I get started?,general_question,false,,,,general info question,"[""standard""]"
Don't send anyone. I was just passing through.,other,false,,,,bulk addition 5,"[""hard_negative_escalation""]"
I don't know if this is a complaint or a feature request.,complaint,false,,,,confusion pair example,"[""confusion_pair""]"
The login page is showing incorrect data.,technical_support,false,,,,v3 bulk tech,"[""standard"", ""technical""]"
The calendar sync is creating duplicate events.,technical_support,false,,,,bulk addition,"[""standard""]"
The database query times out after 30 seconds.,technical_support,false,,,,technical issue,"[""standard"", ""technical""]"
What is the purpose of team permissions?,general_question,false,,,,v3 bulk gq2,"[""standard""]"
Data sync nahi ho raha mobile aur desktop mein.,technical_support,false,,,,hinglish technical support,"[""hinglish""]"
Can I use this on my phone?,general_question,false,,,,general info question,"[""standard""]"
Please do not call me. Just fix the issue silently.,technical_support,false,,,,bulk addition,"[""hard_negative_escalation""]"
Mujhe demo chahiye purchase se pehle.,sales,false,,,,hinglish sales,"[""hinglish""]"
I never requested a refund. Read my message again.,general_question,false,,,,v4 negation,"[""negation""]"
What are the benefits of the user directory?,general_question,false,,,,v3 bulk gq,"[""standard""]"
The search bar keeps failing.,technical_support,false,,,,bulk addition 4,"[""standard""]"
hw do i export my data frum ur platform,general_question,false,,,,v3 bulk noisy,"[""noisy""]"
Can I customize custom branding?,general_question,false,,,,v3 bulk gq2,"[""standard""]"
What is the purpose of session timeouts?,general_question,false,,,,v3 bulk gq2,"[""standard""]"
I can't log into my account.,account_issue,false,,,,account issue,"[""standard"", ""account""]"
Does the tool support bulk operations?,product_question,false,,,,product feature question,"[""standard""]"
mujhe annual plan lena hai koi discount do,sales,false,,,,,"[""hinglish""]"
I want to complain to your manager.,human_request,true,,,,bulk addition,"[""confusion_pair""]"
Do you work with non-profits?,general_question,false,,,,general info question,"[""standard""]"
Complaint about pricing and need technical help.,pricing,false,,,,v3 bulk multi3,"[""multi_intent""]"
mera payment ka transaction ID check karo,technical_support,false,,,,v3 bulk hinglish,"[""hinglish""]"
Thanks for the help but I don't need anything else.,general_question,false,,,,v3 bulk esc-,"[""hard_negative_escalation""]"
You overpromise and underdeliver constantly.,complaint,false,,,,general complaint,"[""standard"", ""complaint""]"
My account was hacked and I need help securing it.,account_issue,true,,,,v3 bulk multi,"[""multi_intent""]"
Hinglish: band karo.,sales,false,,,,v4 short,"[""hinglish""]"
New team members can't see the shared workspace.,account_issue,false,,,,bulk addition,"[""standard""]"
Fix it.,technical_support,true,,,,very short message,[]
Can you guide me through user management?,general_question,false,,,,v3 bulk gq3,"[""standard""]"
aapki service ka SLA kya hai,general_question,false,,,,v3 bulk hinglish,"[""hinglish""]"
I have sales inquiry but also a technical problem,sales,false,,,,v3 multi-intent,"[""multi_intent""]"
Do you understand that this is affecting my business revenue?,complaint,true,,,,escalation hard positive,"[""escalation_positive"", ""hard_positive""]"
Human request hai but also my payment failed,human_request,true,,,,v3 multi-intent hinglish,"[""multi_intent"", ""hinglish""]"
Cancel my subscription effective immediately.,sales,false,,,,v3 bulk infoact,"[""standard""]"
Can I use custom domains with your service?,product_question,false,,,,product feature question,"[""standard""]"
I would like to understand your pricing model better before committing to a purchase.,pricing,false,,,,cross 2000,"[""standard""]"
Do I pay extra for extra storage?,pricing,false,,,,bulk addition 4,"[""standard""]"
Our compliance team needs an immediate fix for this issue.,technical_support,true,,,,v3 bulk esc+,"[""escalation_positive""]"
How do I get dedicated support?,general_question,false,,,,general info question,"[""standard""]"
Payment issue and account lockout at the same time.,account_issue,true,,,,v3 bulk multi3,"[""multi_intent""]"
Your system failure caused me to miss an important deadline.,technical_support,true,,,,v3 bulk esc+3,"[""escalation_positive""]"
I'm interested in your enterprise plan but I need a demo first.,sales,false,,,,v3 bulk multi,"[""multi_intent""]"
How much for data backup?,pricing,false,,,,v3 bulk pricing,"[""standard"", ""pricing""]"
mujhe team plan chahiye 20 logon ke liye,sales,false,,,,,"[""hinglish""]"
I want to move forward with the implementation.,sales,false,,,,purchase intent,"[""standard"", ""sales""]"
Cost for enterprise?,pricing,false,,,,v4 short,"[""standard""]"
Mujhe ek insaan se baat karni hai. Bot se nahi.,human_request,true,,,,human request,"[""escalation_positive"", ""human_request""]"
aapki pricing transparent nahi hai,pricing,false,,,,,"[""hinglish""]"
Aapke product ne mera time waste kiya.,complaint,false,,,,hinglish complaint,"[""hinglish""]"
I need to add 3 more admins to my account.,sales,false,,,,bulk addition 3,"[""standard""]"
I want to talk to your solutions architect.,sales,false,,,,bulk addition 2,"[""standard""]"
mujhe aapke software ke saath Shopify integrate karna hai,product_question,false,,,,v3 bulk hinglish,"[""hinglish""]"
bulk edit is causing errors in my workflow.,technical_support,false,,,,v3 bulk tech2,"[""standard"", ""technical""]"
aapne mujhe wrong price quote diya tha,pricing,false,,,,,"[""hinglish""]"
the notifcatn icon is not showng,technical_support,false,,,,v3 noisy,"[""noisy""]"
aapke yaha par GST invoice kaise milega,pricing,false,,,,v3 bulk hinglish3,"[""hinglish""]"
How does custom branding affect my account?,general_question,false,,,,v3 bulk gq2,"[""standard""]"
What is the max number of integrations?,product_question,false,,,,bulk addition 3,"[""standard""]"
The problem went away after I cleared my cache.,technical_support,false,,,,v3 bulk resolution,"[""resolution_state""]"
I want to discuss my requirements with a salesperson,sales,false,,,,v4 confusion,"[""confusion_pair""]"
How are overage fees calculated?,pricing,false,,,,pricing question,"[""standard"", ""pricing""]"
Your AI is useless. Humans only from now on.,human_request,true,,,,bulk addition 2,"[""standard""]"
Aapne mujhe galat currency mein bill kiya.,pricing,true,,,,bulk addition 3,"[""hinglish""]"
Can you explain file sharing?,general_question,false,,,,v3 bulk gq,"[""standard""]"
My subscription renewed but I wanted to cancel.,refund,true,,,,bulk addition 3,"[""standard""]"
My CEO is asking about this. I need answers now.,technical_support,true,,,,bulk addition 3,"[""escalation_positive""]"
I explicitly do not want a call. Text is fine.,general_question,false,,,,v3 bulk esc-,"[""hard_negative_escalation""]"
aap mujhe call karo main samjhaunga,human_request,true,,,,,"[""hinglish""]"
how to add team membrs,general_question,false,,,,spelling/noisy text,"[""noisy""]"
Do I pay extra for data backup?,pricing,false,,,,v3 bulk pricing,"[""standard"", ""pricing""]"
I'm having trouble with The login page.,technical_support,false,,,,v3 bulk tech,"[""standard"", ""technical""]"
Is there a limit to how many people I can invite?,general_question,false,,,,v3 balance3,"[""standard""]"
The single sign-on integration broke after migration.,technical_support,false,,,,technical issue,"[""standard"", ""technical""]"
the integratn is broken fix it,technical_support,false,,,,v4 noisy,"[""noisy""]"
I'm not satisfied. Give me my money back.,refund,true,,,,refund demand,"[""escalation_positive"", ""refund""]"
Is there a tutorial for backup?,general_question,false,,,,v3 bulk gq,"[""standard""]"
hw 2 get a demo,sales,false,,,,v3 noisy,"[""noisy""]"
Do you have offices in Asia?,general_question,false,,,,v3 balance,"[""standard""]"
sort functionality is malfunctioning.,technical_support,false,,,,v3 bulk tech2,"[""standard"", ""technical""]"
Your mobile app is garbage. It never works.,complaint,false,,,,v3 confusion: tech vs complaint,"[""standard""]"
This issue has been escalated to my legal team.,complaint,true,,,,v4 esc+,"[""escalation_positive""]"
What is the process for upgrading?,general_question,false,,,,v3 info vs action,"[""standard""]"
Absolute garbage. Waste of money.,complaint,false,,,,bulk addition 2,"[""standard""]"
Do you offer different pricing tiers for data migration?,pricing,false,,,,v3 bulk pricing2,"[""standard"", ""pricing""]"
maine support ticket khola lekin koi assign nahi hua,technical_support,true,,,,,"[""hinglish""]"
Is your platform accessible for users with disabilities?,general_question,false,,,,v3 balance,"[""standard""]"
Main to sirf pricing poochh raha tha but ab account bhi nahi chal raha.,pricing,false,,,,multi-intent example,"[""multi_intent""]"
I'll take legal action if I don't get my money back,refund,true,,,,v3 multi-intent,"[""multi_intent""]"
Interesting weather we are having.,other,false,,,,bulk addition 2,"[""standard""]"
aapne mera plan upgrade kyun nahi kiya,account_issue,true,,,,v4 hinglish,"[""hinglish""]"
My account is broken and I need a human to fix it.,account_issue,true,,,,bulk addition,"[""multi_intent""]"
How long does it take to set up the template system?,general_question,false,,,,bulk addition 4,"[""standard""]"
The quality of your service has declined significantly.,complaint,false,,,,v3 balance,"[""standard""]"
Connect me to your emergency support line.,human_request,true,,,,v3 balance,"[""standard""]"
Aj tak ka worst experience.,complaint,false,,,,hinglish complaint,"[""hinglish""]"
aapki app ka response time bahut slow hai,technical_support,false,,,,v3 bulk hinglish,"[""hinglish""]"
Is migration included in the base price?,pricing,false,,,,v3 bulk pricing,"[""standard"", ""pricing""]"
Is white labeling included in the base price?,pricing,false,,,,v3 bulk pricing,"[""standard"", ""pricing""]"
The payment confirmation page shows an error after success,technical_support,true,,,,v3 confusion: account vs tech,"[""standard""]"
I'm ready to sign the contract. Send it over.,sales,false,,,,bulk addition 2,"[""standard""]"
Please expedite. This is time-sensitive.,general_question,true,,,,escalation hard positive,"[""escalation_positive"", ""hard_positive""]"
Is two-factor authentication available on all plans?,product_question,false,,,,v3 bulk confusion,"[""standard""]"
Maine 10 baar call kiya koi nahi utha raha.,human_request,true,,,,escalation hard positive,"[""escalation_positive"", ""hard_positive""]"
This requires human intervention. Not a bot.,human_request,true,,,,human request,"[""escalation_positive"", ""human_request""]"
aapne mujhe double charge kiya hai immediately refund karo,refund,true,,,,,"[""hinglish""]"
i dnt understand the pricin,pricing,false,,,,v3 noisy,"[""noisy""]"
mujhe aapke platform se data migrate karna hai,sales,false,,,,,"[""hinglish""]"
What's the minimum commitment?,general_question,false,,,,general info question,"[""standard""]"
Please call me to discuss volume pricing.,sales,false,,,,bulk addition,"[""standard""]"
I want to buy but first I need help with my login,sales,false,,,,v3 multi-intent,"[""multi_intent""]"
Send me pricing and also tell me about features.,pricing,false,,,,bulk addition,"[""multi_intent""]"
I am logging this as an official incident per our contract terms.,technical_support,true,,,,v3 bulk esc+,"[""escalation_positive""]"
How much?,pricing,false,,,,very short message,[]
kya main apna plan downgrade kar sakta hu,pricing,false,,,,,"[""hinglish""]"
Do you support webhook integrations?,product_question,false,,,,product feature question,"[""standard""]"
Is there a setup fee for enterprise?,pricing,false,,,,bulk addition,"[""standard""]"
Tell me a fun fact,other,false,,,,other / off-topic,"[""standard"", ""other""]"
i cant find the settngs buton,technical_support,false,,,,spelling/noisy text,"[""noisy""]"
My previous message was premature. Everything is fine.,technical_support,false,,,,v3 bulk esc-3,"[""hard_negative_escalation"", ""resolution_state""]"
My account is showing balance due but I already paid.,account_issue,true,,,,bulk addition 5,"[""standard""]"
Testing testing 123,other,false,,,,other / off-topic,"[""standard"", ""other""]"
I need a person to help me with this,human_request,true,,,,v3 bulk confusion,"[""standard""]"
The audit log stopped recording events.,technical_support,false,,,,bulk addition 2,"[""standard""]"
I want to upgrade my plan but I'm confused about the pricing,pricing,false,,,,v3 multi-intent,"[""multi_intent""]"
No need to involve higher management. You can handle this.,general_question,false,,,,v3 bulk esc-,"[""hard_negative_escalation""]"
What are the costs associated with user accounts?,pricing,false,,,,v3 bulk pricing2,"[""standard"", ""pricing""]"
I want to buy the premium plan,sales,false,,,,v3 confusion: pricing vs sales,"[""standard""]"
Can you help me fix The search bar?,technical_support,false,,,,bulk addition 4,"[""standard""]"
Can you explain backup?,general_question,false,,,,bulk addition 4,"[""standard""]"
Pro plan ka price kya hai?,pricing,false,,,,hinglish pricing,"[""hinglish""]"
kya hum multiple workspaces bana sakte hain?,general_question,false,,,,hinglish general question,"[""hinglish""]"
How much for training?,pricing,false,,,,v3 bulk pricing,"[""standard"", ""pricing""]"
i cnt updat my profil,account_issue,false,,,,spelling/noisy text,"[""noisy""]"
Your service sucks and I want my money back immediately.,refund,true,,,,multi-intent example,"[""multi_intent""]"
The template preview stopped working suddenly.,technical_support,false,,,,bulk addition 4,"[""standard""]"
This conversation needs a human touch. Transfer me.,human_request,true,,,,v3 balance,"[""standard""]"
I have a complaint about billing but I need technical help accessing my account.,account_issue,true,,,,multi-intent example,"[""multi_intent""]"
I need this refund processed within 24 hours.,refund,true,,,,refund demand,"[""escalation_positive"", ""refund""]"
Your virtual assistant is not helping. Connect me to a person.,human_request,true,,,,v3 balance3,"[""standard""]"
Please do not call me. Just reply via email.,general_question,false,,,,v4 esc-,"[""hard_negative_escalation""]"
Is there audit logging?,product_question,false,,,,product feature question,"[""standard""]"
Mujhe koi senior support agent se baat karni hai.,human_request,true,,,,bulk addition 2,"[""hinglish""]"
No need to apologize. Just fix the problem.,technical_support,false,,,,v3 bulk negation,"[""negation""]"
The webhook integration is not working.,technical_support,false,,,,bulk addition 4,"[""standard""]"
i cnt c my billng info,pricing,false,,,,v3 noisy,"[""noisy""]"
Mujhe samajh nahi aa raha kya karna hai.,general_question,false,,,,bulk addition 3,"[""hinglish""]"
refund my mony or i su,refund,true,,,,spelling/noisy text,"[""noisy""]"
How does activity logs affect my account?,general_question,false,,,,v3 bulk gq2,"[""standard""]"
How long does it take to set up billing?,general_question,false,,,,v3 bulk gq,"[""standard""]"
What is the price of your premium package?,pricing,false,,,,pricing question,"[""standard"", ""pricing""]"
This is resolved. Close the case.,technical_support,false,,,,v3 bulk esc-,"[""hard_negative_escalation"", ""resolution_state""]"
Can I customize team permissions?,general_question,false,,,,v3 bulk gq2,"[""standard""]"
I've been paying for 6 months and it's been nothing but trouble.,complaint,false,,,,bulk addition,"[""standard""]"
I am not requesting any action. Just sharing my experience.,complaint,false,,,,v3 bulk esc-,"[""hard_negative_escalation""]"
Do I pay extra for additional users?,pricing,false,,,,v3 bulk pricing,"[""standard"", ""pricing""]"
What do I need to know about the integration wizard?,general_question,false,,,,bulk addition 4,"[""standard""]"
What makes your service different from competitors?,general_question,false,,,,v3 balance,"[""standard""]"
I can't believe I recommended this to my team.,complaint,false,,,,bulk addition 2,"[""standard""]"
Upgrade plan?,sales,false,,,,bulk addition 5,"[""standard""]"
The bulk editor is showing incorrect data.,technical_support,false,,,,v3 bulk tech,"[""standard"", ""technical""]"
Where is my refund? It's been 15 business days!,refund,true,,,,bulk addition 2,"[""escalation_positive""]"
Your reports feature is useless and broken,complaint,false,,,,v3 confusion: tech vs complaint,"[""standard""]"
Can't export,technical_support,false,,,,bulk addition 5,"[""standard""]"
Kya aap mujhe call kar sakte ho? Main bot se baat nahi karna chahta.,human_request,true,,,,human request,"[""escalation_positive"", ""human_request""]"
I get an error when using Data export.,technical_support,false,,,,bulk addition 4,"[""standard""]"
"Please, no follow up calls. I hate phone calls.",general_question,false,,,,v3 bulk esc-,"[""hard_negative_escalation""]"
your support is helplss,complaint,false,,,,spelling/noisy text,"[""noisy""]"
mujhe aapki app mein ek feature suggest karna hai,other,false,,,,v3 bulk hinglish3,"[""hinglish""]"
Aapka product use karke bahut time ho gaya. Ab kuch naya karo.,complaint,false,,,,bulk addition,"[""hinglish""]"
the template editor is giving me trouble.,technical_support,false,,,,v3 bulk tech3,"[""standard"", ""technical""]"
My team member can't access the shared account.,account_issue,false,,,,account issue,"[""standard"", ""account""]"
The email parser feature seems to be broken.,technical_support,false,,,,v3 bulk tech2,"[""standard"", ""technical""]"
I'm filing a chargeback if my refund isn't processed.,refund,true,,,,bulk addition,"[""standard""]"
I don't want a refund. I only want to know your policy.,refund,false,,,,escalation hard negative,"[""hard_negative_escalation""]"
How long does it take to set up the calendar sync?,general_question,false,,,,v3 bulk gq,"[""standard""]"
Take me to your supervisor right now.,human_request,true,,,,bulk addition 5,"[""standard""]"
Team plan ka quote do?,pricing,false,,,,hinglish pricing,"[""hinglish""]"
Refund request for the annual plan I just bought.,refund,true,,,,v3 bulk multi,"[""multi_intent""]"
My workflow automation stopped working suddenly.,technical_support,false,,,,bulk addition 4,"[""standard""]"
my team membr cnt join the workspac,account_issue,false,,,,v3 noisy,"[""noisy""]"
Is there a sandbox mode for testing?,general_question,false,,,,general info question,"[""standard""]"
I need to talk to an actual human being.,human_request,true,,,,human request,"[""escalation_positive"", ""human_request""]"
I need a custom enterprise agreement.,sales,false,,,,bulk addition 5,"[""standard""]"
I have already lost 12 hours of productivity this week.,technical_support,true,,,,v3 bulk esc+,"[""escalation_positive""]"
i want a humen not a bot,human_request,true,,,,v3 noisy,"[""noisy""]"
Can I integrate with Google Analytics?,product_question,false,,,,v3 balance3,"[""standard""]"
the app crahses evrytime i opn,technical_support,false,,,,v3 noisy,"[""noisy""]"
Cancel my subscription and tell me about your other products.,refund,false,,,,multi-intent example,"[""multi_intent""]"
100 licenses chahiye organization ke liye.,sales,false,,,,hinglish sales,"[""hinglish""]"
Technical support needed but also tell me about pricing,technical_support,false,,,,v3 multi-intent,"[""multi_intent""]"
What is your cancellation process?,general_question,false,,,,bulk addition,"[""standard""]"
How does multi-factor auth work in your platform?,general_question,false,,,,v3 bulk gq,"[""standard""]"
What's the pricing for white labeling?,pricing,false,,,,bulk addition 4,"[""standard""]"
Hello,other,false,,,,other / off-topic,"[""standard"", ""other""]"
how can i upgrade my plan,sales,false,,,,spelling/noisy text,"[""noisy""]"
Is there a referral tracking system?,product_question,false,,,,product feature question,"[""standard""]"
plz fix my accnt issue,account_issue,false,,,,v3 noisy,"[""noisy""]"
I cannot believe how unstable this software is,complaint,false,,,,v3 confusion: tech vs complaint,"[""standard""]"
Can't change my account email address.,account_issue,false,,,,account issue,"[""standard"", ""account""]"
Your product does not live up to the marketing claims.,complaint,false,,,,v3 balance,"[""standard""]"
Where can I find documentation about file sharing?,general_question,false,,,,v3 bulk gq,"[""standard""]"
Having issues with dashboard export.,technical_support,false,,,,v3 bulk tech2,"[""standard"", ""technical""]"
Can you explain two-factor authentication?,general_question,false,,,,bulk addition 4,"[""standard""]"
I can't attach files larger than 1MB even though my limit is 10MB.,technical_support,false,,,,bulk addition,"[""standard""]"
What does your company do exactly?,general_question,false,,,,confusion pair example,"[""confusion_pair""]"
I hate your pricing but I need your product.,pricing,false,,,,bulk addition 3,"[""multi_intent""]"
the dashbord is 2 complicatd,complaint,false,,,,v3 noisy,"[""noisy""]"
i wana refund my muney ryt now pls,refund,true,,,,bulk addition 3,"[""noisy""]"
Have a great day!,other,false,,,,bulk addition,"[""standard""]"
i paid for premium but got standrd features,account_issue,true,,,,v3 bulk noisy3,"[""noisy""]"
The notification system keeps failing.,technical_support,false,,,,bulk addition 4,"[""standard""]"
i want my subscrption canceled asap,sales,false,,,,bulk addition 5,"[""noisy""]"
How does team permissions affect my account?,general_question,false,,,,v3 bulk gq2,"[""standard""]"
Dhanyavaad,other,false,,,,other / off-topic,"[""standard"", ""other""]"
Please don't send anyone to call me. I work night shifts.,general_question,false,,,,v3 esc hard neg,"[""hard_negative_escalation""]"
Email delivery is delayed by 6 hours.,technical_support,false,,,,bulk addition 3,"[""standard""]"
Please do NOT transfer me to anyone. I just want an answer.,general_question,false,,,,v3 esc hard neg,"[""hard_negative_escalation""]"
I need information about data sharing.,general_question,false,,,,v3 bulk gq3,"[""standard""]"
I can't believe I paid for this garbage.,complaint,false,,,,general complaint,"[""standard"", ""complaint""]"
Main AI features ke baare mein jaanna chahta hu.,product_question,false,,,,hinglish example,"[""hinglish""]"
My profile picture won't update.,account_issue,false,,,,account issue,"[""standard"", ""account""]"
Is the API available in all plans?,general_question,false,,,,bulk addition 4,"[""standard""]"
How much for additional storage space?,pricing,false,,,,pricing question,"[""standard"", ""pricing""]"
How is compliance features priced?,pricing,false,,,,v3 bulk pricing2,"[""standard"", ""pricing""]"
The chat widget is not displaying on mobile.,technical_support,false,,,,bulk addition 5,"[""standard""]"
I don't consent to this being escalated. Keep it here.,general_question,false,,,,v3 bulk esc-,"[""hard_negative_escalation""]"
How long does it take to set up audit logging?,general_question,false,,,,bulk addition 4,"[""standard""]"
Help me,general_question,false,,,,very short message,[]
Aapke paas koi referral program hai?,general_question,false,,,,hinglish example,"[""hinglish""]"
This issue has been open for 3 weeks. Escalate now.,complaint,true,,,,bulk addition 3,"[""escalation_positive""]"
How long does it take to set up file sharing?,general_question,false,,,,v3 bulk gq,"[""standard""]"
My password was changed without my permission,account_issue,true,,,,v3 confusion: account vs tech,"[""standard""]"
Process my refund or I'm disputing with my card issuer.,refund,true,,,,bulk addition 2,"[""standard""]"
How long does it take to set up the API?,general_question,false,,,,v3 bulk gq,"[""standard""]"
The template preview is not loading properly.,technical_support,false,,,,bulk addition 4,"[""standard""]"
Do I need to configure the dashboard manually?,general_question,false,,,,bulk addition 4,"[""standard""]"
My payment failed but it's working now. No help needed.,technical_support,false,,,,escalation hard negative,"[""hard_negative_escalation""]"
aapki app mein error aa raha hai fix karo jaldi,technical_support,true,,,,v3 bulk hinglish,"[""hinglish""]"
Don't take any action on my account. Just had a question.,general_question,false,,,,v3 bulk esc-3,"[""hard_negative_escalation""]"
My data sync has been stuck at 90% for two hours,technical_support,false,,,,v3 confusion: tech vs complaint,"[""standard""]"
Let's start the onboarding process for enterprise.,sales,false,,,,bulk addition,"[""standard""]"
plese refnd my muney,refund,true,,,,spelling/noisy text,"[""noisy""]"
Sales team se demo setup karo.,sales,false,,,,hinglish sales,"[""hinglish""]"
I've sent five emails and nobody has replied.,complaint,true,,,,escalation hard positive,"[""escalation_positive"", ""hard_positive""]"
My bank statement shows a charge I did not authorize.,account_issue,true,,,,v3 bulk esc+,"[""escalation_positive""]"
Maine bahut wait kiya but koi farak nahi pada.,complaint,false,,,,hinglish complaint,"[""hinglish""]"
Does it support custom CSS?,product_question,false,,,,product feature question,"[""standard""]"
I have a service level agreement and you are violating it.,complaint,true,,,,v3 bulk esc+,"[""escalation_positive""]"
Mera API rate limit exceed ho gaya. Badhao.,technical_support,false,,,,hinglish example,"[""hinglish""]"
Can I integrate with Microsoft Teams?,product_question,false,,,,v3 balance,"[""standard""]"
This isn't a support ticket. It's just a comment.,other,false,,,,v3 bulk esc-,"[""hard_negative_escalation""]"
the drag feature is not wrking on the dashbrd,technical_support,false,,,,v3 bulk noisy3,"[""noisy""]"
I want a supervisor to personally review my case.,human_request,true,,,,v3 bulk esc+,"[""escalation_positive""]"
Can role management be disabled?,general_question,false,,,,bulk addition 4,"[""standard""]"
My entire team is blocked. We need immediate assistance.,technical_support,true,,,,escalation hard positive,"[""escalation_positive"", ""hard_positive""]"
What do I do if I forget my password?,general_question,false,,,,v3 info vs action,"[""standard""]"
Does the API support batch operations?,product_question,false,,,,v3 balance3,"[""standard""]"
Not happy,complaint,false,,,,very short message,[]
Reset my password now. I can't wait.,account_issue,true,,,,v3 info vs action,"[""standard""]"
Aapka refund process kaise kaam karta hai?,refund,false,,,,hinglish example,"[""hinglish""]"
Bahut disappointing experience hai.,complaint,false,,,,hinglish complaint,"[""hinglish""]"
I am extremely let down by your company.,complaint,false,,,,general complaint,"[""standard"", ""complaint""]"
I get an error when using The calendar sync.,technical_support,false,,,,bulk addition 4,"[""standard""]"
This is a terrible product. Absolutely useless.,complaint,false,,,,confusion pair example,"[""confusion_pair""]"
Do I pay extra for the enterprise add-on?,pricing,false,,,,bulk addition 4,"[""standard""]"
How much for advanced analytics?,pricing,false,,,,v3 bulk pricing,"[""standard"", ""pricing""]"
How does import features affect my account?,general_question,false,,,,v3 bulk gq2,"[""standard""]"
Do you have a pay-per-use model?,pricing,false,,,,bulk addition 2,"[""standard""]"
What a beautiful day!,other,false,,,,bulk addition 3,"[""standard""]"
I need someone to help me fix my account,account_issue,false,,,,v4 confusion,"[""confusion_pair""]"
This is exactly what I needed.,other,false,,,,bulk addition,"[""standard""]"
aapke yaha annual plan pe kya discount hai,pricing,false,,,,v3 bulk hinglish,"[""hinglish""]"
I wanted to report a bug but also ask about something else. The bug is that when I try to export my report as PDF the formatting is completely messed up. Tables are overlapping and the fonts are all wrong. This used to work fine a few weeks ago. Also I was wondering if you have plans to add more chart types in the future? A radar chart would be really useful for my team. But the main thing is the PDF export bug which is affecting my weekly reporting.,technical_support,false,,,,long message,"[""long""]"
Is there a setup fee or is it included?,pricing,false,,,,v3 confusion: pricing vs sales,"[""standard""]"
i need 2 talk to a manager,human_request,true,,,,v4 noisy,"[""noisy""]"
the srch bar is not wrking,technical_support,false,,,,v3 noisy,"[""noisy""]"
Your export function is a complete disaster,complaint,false,,,,v3 confusion: tech vs complaint,"[""standard""]"
The calendar integration stopped syncing events.,technical_support,false,,,,technical issue,"[""standard"", ""technical""]"
Is dedicated server included in the base price?,pricing,false,,,,bulk addition 4,"[""standard""]"
Talk to a human about my account problem,human_request,true,,,,v3 bulk confusion,"[""standard""]"
The API returns HTTP 500 for valid requests,technical_support,true,,,,v3 bulk confusion,"[""standard""]"
Your service is down and I want compensation.,technical_support,true,,,,bulk addition 5,"[""multi_intent""]"
Call me,human_request,true,,,,very short message,[]
Payment declined.,technical_support,false,,,,v4 short,"[""standard""]"
What are the benefits of multi-factor auth?,general_question,false,,,,v3 bulk gq,"[""standard""]"
I want my money back for the add-on I didn't order.,refund,true,,,,bulk addition 5,"[""standard""]"
cancel kar sakte hain kab bhi?,general_question,false,,,,general info question,"[""standard""]"
I'm locked out of my account.,account_issue,false,,,,account issue,"[""standard"", ""account""]"
What is the purpose of user invitations?,general_question,false,,,,v3 bulk gq2,"[""standard""]"
Mujhe bulk discount chahiye 50 users ke liye.,sales,false,,,,hinglish example,"[""hinglish""]"
Your auto-renewal charged me without warning.,refund,true,,,,bulk addition 3,"[""standard""]"
the sidebar navigation is giving me trouble.,technical_support,false,,,,v3 bulk tech3,"[""standard"", ""technical""]"
ur servis is the worst i ever had,complaint,false,,,,v3 bulk noisy,"[""noisy""]"
the buton is not workng,technical_support,false,,,,spelling/noisy text,"[""noisy""]"
Can you tell me about your pricing tiers?,pricing,false,,,,v3 info vs action,"[""standard""]"
What is the pricing for API-only access?,pricing,false,,,,v3 balance,"[""standard""]"
aapka software bahut complicated hai easy banao,complaint,false,,,,,"[""hinglish""]"
Please issue a refund for my recent payment.,refund,true,,,,refund demand,"[""escalation_positive"", ""refund""]"
aapki service se bahut disappointment hai,complaint,false,,,,,"[""hinglish""]"
This is the third outage this month. I demand reliability.,complaint,true,,,,v3 bulk esc+3,"[""escalation_positive""]"
My CSV import is failing with a generic error.,technical_support,false,,,,bulk addition,"[""standard""]"
I want a full refund including the setup fee.,refund,true,,,,bulk addition,"[""standard""]"
Mera payment method update nahi ho raha.,account_issue,false,,,,bulk addition 3,"[""hinglish""]"
the websit is not loadng,technical_support,false,,,,v3 noisy,"[""noisy""]"
I already fixed it. No human needed.,technical_support,false,,,,bulk addition 5,"[""hard_negative_escalation""]"
I need a human to help me purchase,sales,false,,,,v3 multi-intent,"[""multi_intent""]"
Is there a limit on how many projects I can create?,general_question,false,,,,v3 balance,"[""standard""]"
aapki app ke features kya hain,product_question,false,,,,,"[""hinglish""]"
I was logged out and now my password doesn't work.,account_issue,false,,,,bulk addition 2,"[""standard""]"
Can I schedule automatic reports?,product_question,false,,,,product feature question,"[""standard""]"
Where can I find documentation about the dashboard?,general_question,false,,,,v3 bulk gq,"[""standard""]"
Workflow automation beech mein ruk gaya.,technical_support,false,,,,hinglish technical support,"[""hinglish""]"
I'll be in touch.,other,false,,,,bulk addition 3,"[""standard""]"
Isme multiple currency support hai kya?,product_question,false,,,,hinglish product question,"[""hinglish""]"
Love the product,other,false,,,,bulk addition 5,"[""standard""]"
the app is frezzing everytim,technical_support,false,,,,spelling/noisy text,"[""noisy""]"
The notification system is not loading properly.,technical_support,false,,,,bulk addition 4,"[""standard""]"
i m very angy about the billing issue refund now,refund,true,,,,v3 bulk noisy,"[""noisy""]"
mujhe aapke product ki ek feature list chahiye,product_question,false,,,,,"[""hinglish""]"
Is there a way to export options?,general_question,false,,,,v3 bulk gq2,"[""standard""]"
aapke yaha koi loyalty reward program hai kya,general_question,false,,,,v3 bulk hinglish,"[""hinglish""]"
Team plan ka quote bhej do.,sales,false,,,,hinglish example,"[""hinglish""]"
Mujhe refund chahiye aur account bhi fix karo,refund,true,,,,v3 multi-intent hinglish,"[""multi_intent"", ""hinglish""]"
I am unable to use the attachment preview correctly.,technical_support,false,,,,v3 bulk tech3,"[""standard"", ""technical""]"
I like turtles.,other,false,,,,bulk addition 2,"[""standard""]"
What is the purpose of data retention limits?,general_question,false,,,,v3 bulk gq2,"[""standard""]"
I need a personal call back within the hour.,human_request,true,,,,bulk addition 2,"[""escalation_positive""]"
Maine apna password change kiya but login nahi ho raha.,account_issue,false,,,,bulk addition,"[""hinglish""]"
I'm deeply unsatisfied with the product quality.,complaint,false,,,,bulk addition 2,"[""standard""]"
Do I pay extra for training?,pricing,false,,,,v3 bulk pricing,"[""standard"", ""pricing""]"
Can I clone workflows?,product_question,false,,,,product feature question,"[""standard""]"
I'm locked out of my account and I'm really angry about it,account_issue,true,,,,v3 multi-intent,"[""multi_intent""]"
My issue was answered in the FAQ. All set.,general_question,false,,,,v3 bulk esc-,"[""hard_negative_escalation""]"
Does it support dependency tracking?,product_question,false,,,,v3 balance,"[""standard""]"
Do you offer different pricing tiers for user accounts?,pricing,false,,,,v3 bulk pricing2,"[""standard"", ""pricing""]"
customer portal is malfunctioning.,technical_support,false,,,,v3 bulk tech2,"[""standard"", ""technical""]"
i forgat my pasword,account_issue,false,,,,spelling/noisy text,"[""noisy""]"
Is there a way to auto-renewal?,general_question,false,,,,v3 bulk gq2,"[""standard""]"
mera payment fail ho gaya but paisa kat liya,technical_support,true,,,,,"[""hinglish""]"
Is there a tutorial for real-time sync?,general_question,false,,,,v3 bulk gq,"[""standard""]"
What is included in your premium offering?,general_question,false,,,,v3 bulk confusion,"[""standard""]"
I will not pay this month's bill due to poor service.,complaint,true,,,,bulk addition 5,"[""escalation_positive""]"
user import stopped responding.,technical_support,false,,,,v3 bulk tech2,"[""standard"", ""technical""]"
How do I configure user management?,general_question,false,,,,v3 bulk gq3,"[""standard""]"
mujhe aapke software ke through report generate karni hai,product_question,false,,,,v3 bulk hinglish,"[""hinglish""]"
What languages do you support?,general_question,false,,,,general info question,"[""standard""]"
Please help me upgrade my account.,sales,false,,,,purchase intent,"[""standard"", ""sales""]"
I fixed the issue by restarting my browser. Thanks anyway.,technical_support,false,,,,v3 bulk resolution,"[""resolution_state""]"
aapki service ki quality improve karo,complaint,false,,,,v3 bulk hinglish,"[""hinglish""]"
Excellent support!,other,false,,,,v4 short,"[""standard""]"
the dasboard is not showin my corect data,technical_support,false,,,,v3 bulk noisy,"[""noisy""]"
My login credentials stopped working suddenly.,account_issue,false,,,,account issue,"[""standard"", ""account""]"
Mera account issue hai aur refund bhi chahiye.,refund,true,,,,multi-intent example,"[""multi_intent""]"
I have evidence of a data breach on your platform.,account_issue,true,,,,v3 esc hard pos,"[""escalation_positive""]"
Do I need to configure user permissions manually?,general_question,false,,,,bulk addition 4,"[""standard""]"
What time does your support team work?,general_question,false,,,,bulk addition,"[""standard""]"
Can I customize export options?,general_question,false,,,,v3 bulk gq2,"[""standard""]"
This is affecting 200+ users in my organization.,technical_support,true,,,,v3 esc hard pos,"[""escalation_positive""]"
Mujhe kisi se baat nahi karni. Sirf information chahiye.,general_question,false,,,,escalation hard negative,"[""hard_negative_escalation""]"
No need to follow up. All sorted.,technical_support,false,,,,bulk addition 3,"[""hard_negative_escalation""]"
aapki team bahut helpful hai thank you,other,false,,,,v4 hinglish,"[""hinglish""]"
aapki app ne mera data corrupt kar diya,technical_support,true,,,,,"[""hinglish""]"
mera email notifications nahi aa raha,technical_support,false,,,,,"[""hinglish""]"
My account was accessed without my knowledge or consent.,account_issue,true,,,,v3 bulk esc+,"[""escalation_positive""]"
My account shows I'm logged in but nothing loads.,account_issue,false,,,,bulk addition 2,"[""standard""]"
i wnt a humen to hlp me,human_request,true,,,,v3 noisy,"[""noisy""]"
I do not consent to being contacted. Just reply in this thread.,general_question,false,,,,v3 esc hard neg,"[""hard_negative_escalation""]"
I get an error when using The backup system.,technical_support,false,,,,v3 bulk tech,"[""standard"", ""technical""]"
The API endpoint is not loading properly.,technical_support,false,,,,v3 bulk tech,"[""standard"", ""technical""]"
You don't need to call. Just reply here.,general_question,false,,,,bulk addition,"[""hard_negative_escalation""]"
aapka pricing page mujhe samajh nahi aa raha,pricing,false,,,,v3 bulk hinglish3,"[""hinglish""]"
Billing?,pricing,false,,,,very short message,[]
I need to update my business address on the account.,account_issue,false,,,,v3 balance,"[""standard""]"
I require a written explanation for this billing error.,pricing,true,,,,v3 esc hard pos,"[""escalation_positive""]"
Sign me up for the premium tier now.,sales,false,,,,v3 info vs action,"[""standard""]"
Refund my payment as per your 30-day policy.,refund,true,,,,v3 balance,"[""standard""]"
my team membr cant join the work,account_issue,false,,,,v4 noisy,"[""noisy""]"
I'm going to file a complaint with the BBB.,complaint,true,,,,bulk addition 3,"[""escalation_positive""]"
Is training included in the base price?,pricing,false,,,,v3 bulk pricing,"[""standard"", ""pricing""]"
I'm not leaving your platform. I'm just frustrated.,complaint,false,,,,v3 bulk negation,"[""negation""]"
i need a cal back asap its urgent,human_request,true,,,,v3 bulk noisy,"[""noisy""]"
Do you have automation features in your product?,general_question,false,,,,v3 confusion: product vs general,"[""standard""]"
mera invoice download karte waqt error aa raha hai,technical_support,false,,,,v3 bulk hinglish3,"[""hinglish""]"
Put me on the annual billing cycle.,sales,false,,,,purchase intent,"[""standard"", ""sales""]"
You guys are awesome!,other,false,,,,bulk addition,"[""standard""]"
Having issues with file preview.,technical_support,false,,,,v3 bulk tech2,"[""standard"", ""technical""]"
Does the API support real-time events?,product_question,false,,,,v3 balance,"[""standard""]"
2 factor auth not wrking,technical_support,false,,,,v3 noisy,"[""noisy""]"
Is there a chatbot included?,product_question,false,,,,product feature question,"[""standard""]"
How does the import tool work in your platform?,general_question,false,,,,bulk addition 4,"[""standard""]"
How do analytics work?,general_question,false,,,,general info question,"[""standard""]"
Nothing ever syncs properly on this platform,complaint,false,,,,v3 confusion: tech vs complaint,"[""standard""]"
the color picker is giving me trouble.,technical_support,false,,,,v3 bulk tech3,"[""standard"", ""technical""]"
aapki app ko Hindi support add karo,product_question,false,,,,,"[""hinglish""]"
Custom scripts kaam nahi kar rahe update ke baad.,technical_support,false,,,,hinglish technical support,"[""hinglish""]"
Charge?,pricing,false,,,,very short message,[]
No action needed. I was just providing feedback.,complaint,false,,,,v3 bulk esc-,"[""hard_negative_escalation""]"
Can I use your platform to send transactional emails?,product_question,false,,,,v3 bulk confusion,"[""standard""]"
Aap log customer ki value nahi karte.,complaint,false,,,,hinglish complaint,"[""hinglish""]"
mujhe aapke software ke through invoice generate karna hai,general_question,false,,,,,"[""hinglish""]"
You guys don't care about your customers at all.,complaint,false,,,,general complaint,"[""standard"", ""complaint""]"
i dnt kno hw 2 use this app,general_question,false,,,,v3 noisy,"[""noisy""]"
Can email notifications be disabled?,general_question,false,,,,bulk addition 4,"[""standard""]"
Can you guide me through the contact directory?,general_question,false,,,,v3 bulk gq3,"[""standard""]"
mujhe aapke product ki training chahiye,sales,false,,,,,"[""hinglish""]"
ticket routing stopped responding.,technical_support,false,,,,v3 bulk tech2,"[""standard"", ""technical""]"
How does the template system work in your platform?,general_question,false,,,,bulk addition 4,"[""standard""]"
i need a refnd 4 last munth,refund,true,,,,spelling/noisy text,"[""noisy""]"
This is not a complaint. This is constructive feedback.,other,false,,,,v3 bulk negation,"[""negation""]"
I am unable to proceed with my business operations due to this.,technical_support,true,,,,v3 bulk esc+,"[""escalation_positive""]"
ur servis is a scam i want my mony bak,complaint,true,,,,v3 noisy,"[""noisy""]"
Tell me about pricing for API calls.,pricing,false,,,,v3 bulk pricing2,"[""standard"", ""pricing""]"
Can your API handle webhook retries automatically?,product_question,false,,,,v3 bulk confusion,"[""standard""]"
Your analytics page is completely broken just like everything else,complaint,false,,,,v3 confusion: tech vs complaint,"[""standard""]"
Login button is not working properly.,technical_support,false,,,,technical issue,"[""standard"", ""technical""]"
aapka onboarding process bahut complicated hai,complaint,false,,,,,"[""hinglish""]"
Is there GDPR compliance features?,product_question,false,,,,bulk addition 2,"[""standard""]"
I'm having trouble with The CSV importer.,technical_support,false,,,,bulk addition 4,"[""standard""]"
aapke yaha custom integration kitne ka hai,pricing,false,,,,v3 bulk hinglish,"[""hinglish""]"
I'm having trouble with The template preview.,technical_support,false,,,,bulk addition 4,"[""standard""]"
aapke software mein kya kya features hain,product_question,false,,,,,"[""hinglish""]"
The notification system is not working.,technical_support,false,,,,bulk addition 4,"[""standard""]"
Meri auto-renewal band karo. Paise waste ho rahe hain.,sales,false,,,,hinglish example,"[""hinglish""]"
Encountering problems with the sidebar navigation.,technical_support,false,,,,v3 bulk tech3,"[""standard"", ""technical""]"
I love the product but I'm having a login issue.,account_issue,false,,,,v3 bulk multi,"[""multi_intent""]"
What features are in the enterprise tier?,product_question,false,,,,product feature question,"[""standard""]"
How does password policies affect my account?,general_question,false,,,,v3 bulk gq2,"[""standard""]"
I'm furious. Someone hacked my account. Call me now.,account_issue,true,,,,multi-intent example,"[""multi_intent""]"
How does the reporting module work in your platform?,general_question,false,,,,bulk addition 4,"[""standard""]"
I want to cancel my subscription but first explain the refund policy,refund,false,,,,v3 multi-intent,"[""multi_intent""]"
Can I speak to a real person?,human_request,true,,,,human request,"[""escalation_positive"", ""human_request""]"
Email delivery is broken after the latest update.,technical_support,false,,,,bulk addition 4,"[""standard""]"
I don't consent to being contacted about this.,general_question,false,,,,v4 esc-,"[""hard_negative_escalation""]"
mujhe premium plan lena hai 50 logon ke liye,sales,false,,,,,"[""hinglish""]"
mera account ki security settings change karni hain,account_issue,false,,,,v3 bulk hinglish3,"[""hinglish""]"
I'd like to place an order for the team plan.,sales,false,,,,purchase intent,"[""standard"", ""sales""]"
Issue resolved itself. Close my support ticket.,technical_support,false,,,,bulk addition 3,"[""hard_negative_escalation""]"
mera account ka two-factor authentication reset karo,account_issue,false,,,,v3 bulk hinglish3,"[""hinglish""]"
What are the benefits of two-factor authentication?,general_question,false,,,,bulk addition 4,"[""standard""]"
kya free trial ke liye credit card chahiye?,general_question,false,,,,hinglish general question,"[""hinglish""]"
What is the purpose of accessibility options?,general_question,false,,,,v3 bulk gq2,"[""standard""]"
Have a wonderful day!,other,false,,,,v3 balance,"[""standard""]"
how does the pricin werk for api,pricing,false,,,,v4 noisy,"[""noisy""]"
Can I restrict access by IP address?,general_question,false,,,,bulk addition,"[""standard""]"
Lost access to my work email and can't login.,account_issue,false,,,,account issue,"[""standard"", ""account""]"
i cnt figur out hw 2 reset passwrd,account_issue,false,,,,v3 noisy,"[""noisy""]"
my pasword reset isnt workng,account_issue,false,,,,spelling/noisy text,"[""noisy""]"
this servic is a scam,complaint,true,,,,v3 noisy,"[""noisy""]"
Get me a human. The bot is useless.,human_request,true,,,,human request,"[""escalation_positive"", ""human_request""]"
i dnt kno how 2 use this app,general_question,false,,,,spelling/noisy text,"[""noisy""]"
the search feature is not returnin any results,technical_support,false,,,,v3 bulk noisy3,"[""noisy""]"
What's the overage charge?,pricing,false,,,,pricing question,"[""standard"", ""pricing""]"
Help me understand your refund process.,refund,false,,,,bulk addition,"[""confusion_pair""]"
Don't process any refund. I was mistaken about the charge.,pricing,false,,,,v3 negation,"[""negation""]"
y r u chargin me so much,pricing,false,,,,v3 noisy,"[""noisy""]"
Please activate my premium features. I just paid.,sales,false,,,,purchase intent,"[""standard"", ""sales""]"
What should I know about file organization?,general_question,false,,,,v3 bulk gq3,"[""standard""]"
u guys charged me twice this month,pricing,true,,,,v4 noisy,"[""noisy""]"
Who won the cricket match yesterday?,other,false,,,,other / off-topic,"[""standard"", ""other""]"
the sarce bar is not wrking,technical_support,false,,,,spelling/noisy text,"[""noisy""]"
Sales team se baat karni hai.,sales,false,,,,hinglish sales,"[""hinglish""]"
How does email notifications work in your platform?,general_question,false,,,,v3 bulk gq,"[""standard""]"
Can I automate lead scoring?,product_question,false,,,,product feature question,"[""standard""]"
Having issues with report scheduling.,technical_support,false,,,,v3 bulk tech2,"[""standard"", ""technical""]"
How does your error handling work?,general_question,false,,,,v3 bulk confusion,"[""standard""]"
What happens if I cancel?,general_question,false,,,,v3 info vs action,"[""standard""]"
u guyz chargd me rong amnt,pricing,true,,,,v3 noisy,"[""noisy""]"
Can I switch plans mid-cycle?,pricing,false,,,,pricing question,"[""standard"", ""pricing""]"
mera auto payment band karo,sales,false,,,,v3 bulk hinglish,"[""hinglish""]"
i wana buy ur premium plan but the paymnt is not wrking,sales,true,,,,bulk addition,"[""noisy""]"
What do I need to know about the workflow builder?,general_question,false,,,,v3 bulk gq,"[""standard""]"
What's 2+2?,other,false,,,,other / off-topic,"[""standard"", ""other""]"
Webhook 503 error de raha hai.,technical_support,false,,,,hinglish technical support,"[""hinglish""]"
aapki app ka latest version kab aayega,product_question,false,,,,v3 bulk hinglish,"[""hinglish""]"
This has been going on for two weeks with no end in sight.,complaint,true,,,,v3 bulk esc+3,"[""escalation_positive""]"
No call required. A simple text answer will do.,general_question,false,,,,v3 bulk esc-3,"[""hard_negative_escalation""]"
y did u suspend my accnt without reason,account_issue,true,,,,v3 bulk noisy,"[""noisy""]"
I need help with pricing and my account is also locked,pricing,true,,,,v3 multi-intent,"[""multi_intent""]"
i wnt a human to call me ryt now,human_request,true,,,,bulk addition,"[""noisy""]"
Mujhe ek insaan chahiye. Bot se nahi kaam hoga.,human_request,true,,,,hinglish human request,"[""hinglish"", ""escalation_positive"", ""human_request""]"
Do I need to configure audit logging manually?,general_question,false,,,,bulk addition 4,"[""standard""]"
Every time I try to save my work the page crashes,technical_support,false,,,,v3 confusion: tech vs complaint,"[""standard""]"
aapki pricing page par GST clear nahi hai,pricing,false,,,,v3 bulk hinglish,"[""hinglish""]"
Your company's standards have dropped badly.,complaint,false,,,,general complaint,"[""standard"", ""complaint""]"
mujhe aapka product pasand hai but price zyada hai,pricing,false,,,,,"[""hinglish"", ""multi_intent""]"
kya isme auto backup feature hai,product_question,false,,,,,"[""hinglish""]"
i payd for premimum but got basic features,account_issue,true,,,,bulk addition 2,"[""noisy""]"
Tell me about pricing for onboarding assistance.,pricing,false,,,,v3 bulk pricing2,"[""standard"", ""pricing""]"
Can you guide me through security options?,general_question,false,,,,v3 bulk gq3,"[""standard""]"
What are the benefits of the calendar sync?,general_question,false,,,,v3 bulk gq,"[""standard""]"
This is causing a cascading failure in our infrastructure.,technical_support,true,,,,v3 bulk esc+,"[""escalation_positive""]"
Two accounts got merged erroneously.,account_issue,true,,,,bulk addition 3,"[""standard""]"
hw can i get a refund for my plan,refund,false,,,,v4 noisy,"[""noisy""]"
Your support team is useless.,complaint,false,,,,general complaint,"[""standard"", ""complaint""]"
This is a production outage. We are losing money every minute.,technical_support,true,,,,v3 esc hard pos,"[""escalation_positive""]"
mera payment method update nahi ho raha,account_issue,false,,,,,"[""hinglish""]"
the attachment preview has a bug that needs fixing.,technical_support,false,,,,v3 bulk tech3,"[""standard"", ""technical""]"
Can audit logging be disabled?,general_question,false,,,,bulk addition 4,"[""standard""]"
ur chargin me wrng ammount,pricing,true,,,,v3 noisy,"[""noisy""]"
Is there a built-in reporting tool?,product_question,false,,,,v3 balance3,"[""standard""]"
Do you offer different pricing tiers for dedicated support?,pricing,false,,,,v3 bulk pricing2,"[""standard"", ""pricing""]"
wht do i do if i 4get my username,general_question,false,,,,v3 bulk noisy,"[""noisy""]"
What happens if I don't renew in time?,general_question,false,,,,bulk addition,"[""standard""]"
This is fraud. I want every cent back.,refund,true,,,,bulk addition,"[""standard""]"
I need my money refunded today.,refund,true,,,,refund demand,"[""escalation_positive"", ""refund""]"
wnt to buy prem but paymnt not wrk,sales,true,,,,bulk addition 3,"[""noisy""]"
Itne paise mein aur aaisa experience.,complaint,false,,,,hinglish complaint,"[""hinglish""]"
What should I know about the account setup?,general_question,false,,,,v3 bulk gq3,"[""standard""]"
The webhook integration keeps failing.,technical_support,false,,,,bulk addition 4,"[""standard""]"
my notifcatns are not workin,technical_support,false,,,,v4 noisy,"[""noisy""]"
cn u call me pls,human_request,true,,,,v3 noisy,"[""noisy""]"
i wnt my subscription canclled immedietly,sales,false,,,,v3 bulk noisy,"[""noisy""]"
What do I need to know about the analytics dashboard?,general_question,false,,,,v3 bulk gq,"[""standard""]"
I'm considering legal options if this isn't fixed.,complaint,true,,,,escalation hard positive,"[""escalation_positive"", ""hard_positive""]"
Account?,account_issue,false,,,,very short message,[]
knowledge base search is causing errors in my workflow.,technical_support,false,,,,v3 bulk tech2,"[""standard"", ""technical""]"
the setup wizard is stuck at step 3 pls help,technical_support,false,,,,v3 bulk noisy3,"[""noisy""]"
"No calls, no emails, no follow up. Got it?",general_question,false,,,,v4 esc-,"[""hard_negative_escalation""]"
Need a human to help with purchase and also technical setup.,sales,false,,,,v3 bulk multi3,"[""multi_intent""]"
What is the cost of data backup?,pricing,false,,,,v3 bulk pricing,"[""standard"", ""pricing""]"
The backup system is broken after the latest update.,technical_support,false,,,,v3 bulk tech,"[""standard"", ""technical""]"
Tell me about pricing for team collaboration.,pricing,false,,,,v3 bulk pricing2,"[""standard"", ""pricing""]"
Hi I am writing because I have a very urgent issue. I am about to give a demo to a potential client in 2 hours and your platform just went down. I cannot access any of my data and I have no idea what to show the client. This is extremely embarrassing for me and potentially a lost business opportunity. I need this fixed immediately. My entire presentation depends on your platform working. Please please help me as soon as possible. This is time critical.,technical_support,true,,,,long message,"[""long""]"
Payment issue that needs a human to resolve.,technical_support,true,,,,v3 bulk multi,"[""multi_intent""]"
ur bot is so stupd i need a real person,human_request,true,,,,bulk addition 5,"[""noisy""]"
aapki app par mujhe koi error aa raha hai fix karo,technical_support,false,,,,v3 bulk hinglish3,"[""hinglish""]"
Hinglish: refund do.,refund,true,,,,v4 short,"[""hinglish""]"
Is there a Gantt chart view?,product_question,false,,,,v3 balance,"[""standard""]"
You have exposed my personal data due to this security flaw.,account_issue,true,,,,v3 bulk esc+,"[""escalation_positive""]"
I cannot access my account from any device. It says forbidden.,technical_support,false,,,,v3 confusion: general vs tech,"[""standard""]"
Current provider se migrate karne mein help karo.,sales,false,,,,hinglish sales,"[""hinglish""]"
aapki website par 500 error aa raha hai,technical_support,false,,,,,"[""hinglish""]"
Product question: does this integrate with Slack? Also how much?,product_question,false,,,,multi-intent example,"[""multi_intent""]"
Is there a tutorial for the calendar sync?,general_question,false,,,,v3 bulk gq,"[""standard""]"
i sent 10 emails n no1 replid,complaint,true,,,,bulk addition 5,"[""noisy""]"
How do I contact your support team?,general_question,false,,,,v3 info vs action,"[""standard""]"
Your product broke and I want someone to fix it.,technical_support,false,,,,bulk addition 5,"[""confusion_pair""]"
How is data migration priced?,pricing,false,,,,v3 bulk pricing2,"[""standard"", ""pricing""]"
I get a blank white screen when I open the analytics tab,technical_support,false,,,,v3 confusion: tech vs complaint,"[""standard""]"
Payment issue resolved ho gaya. Ab sab sahi hai.,technical_support,false,,,,v3 resolution hinglish,"[""resolution_state"", ""hinglish""]"
Email delivery is not working.,technical_support,false,,,,v3 bulk tech,"[""standard"", ""technical""]"
My refund request was processed in time. Thank you.,refund,false,,,,v3 resolution,"[""resolution_state""]"
We're ready to move forward with your solution.,sales,false,,,,purchase intent,"[""standard"", ""sales""]"
mujhe aapke software ki trial chahiye,sales,false,,,,,"[""hinglish""]"
What are the benefits of content scheduling?,general_question,false,,,,v3 bulk gq,"[""standard""]"
How does the sentiment analysis work?,product_question,false,,,,product feature question,"[""standard""]"
Encountering problems with the tag system.,technical_support,false,,,,v3 bulk tech3,"[""standard"", ""technical""]"
What's the pricing for additional users?,pricing,false,,,,bulk addition 4,"[""standard""]"
Can you guide me through subscription management?,general_question,false,,,,v3 bulk gq3,"[""standard""]"
Your product quality has degraded noticeably over time.,complaint,false,,,,v3 balance3,"[""standard""]"
mujhe aapke yaha bulk messaging feature chahiye,product_question,false,,,,,"[""hinglish""]"
Can I create custom fields?,product_question,false,,,,product feature question,"[""standard""]"
Annual plan pe kya discount milega?,pricing,false,,,,hinglish pricing,"[""hinglish""]"
Aapne mujhe galat plan charge kiya hai.,pricing,true,,,,hinglish example,"[""hinglish""]"
The The search bar feature is causing errors.,technical_support,false,,,,bulk addition 4,"[""standard""]"
What are the additional costs for extra storage?,pricing,false,,,,pricing question,"[""standard"", ""pricing""]"
Tell me your pricing but not too pushy please.,pricing,false,,,,bulk addition,"[""confusion_pair""]"
Please connect me to your senior management.,human_request,true,,,,bulk addition,"[""standard""]"
ur servis quality went downhil since last year,complaint,false,,,,v3 bulk noisy3,"[""noisy""]"
Where can I find documentation about the API?,general_question,false,,,,bulk addition 4,"[""standard""]"
I need information about billing history.,general_question,false,,,,v3 bulk gq3,"[""standard""]"
Aapki support team bekar hai.,complaint,false,,,,hinglish complaint,"[""hinglish""]"
mera account ki billing cycle change karo,pricing,false,,,,v3 bulk hinglish3,"[""hinglish""]"
Can I customize bulk operations?,general_question,false,,,,v3 bulk gq2,"[""standard""]"
Our quarterly report is due tomorrow and analytics is broken.,technical_support,true,,,,v3 esc hard pos,"[""escalation_positive""]"
I need 500 licenses for my enterprise.,sales,false,,,,bulk addition 3,"[""standard""]"
Don't take any action. I was just thinking out loud.,general_question,false,,,,v3 bulk esc-,"[""hard_negative_escalation""]"
need help setting up my workspace,general_question,false,,,,v4 noisy,"[""noisy""]"
I keep getting kicked out of the dashboard mid-session,technical_support,false,,,,v3 confusion: tech vs complaint,"[""standard""]"
i cnt login since ystrday hlp,account_issue,true,,,,v3 noisy,"[""noisy""]"
What do I need to know about file sharing?,general_question,false,,,,v3 bulk gq,"[""standard""]"
ur team charged me twice this mnth fix it,pricing,true,,,,v3 bulk noisy,"[""noisy""]"
What is the purpose of bulk operations?,general_question,false,,,,v3 bulk gq2,"[""standard""]"
Aapki onboarding process bahut complicated hai.,complaint,false,,,,hinglish example,"[""hinglish""]"
my acnt is lokcd help,account_issue,true,,,,v3 noisy,"[""noisy""]"
Connect me to someone who can actually solve problems.,human_request,true,,,,bulk addition 2,"[""standard""]"
Don't cancel anything. I was just checking.,general_question,false,,,,v4 negation,"[""negation""]"
mujhe aapke product ki video tutorial chahiye,general_question,false,,,,,"[""hinglish""]"
The double charge was refunded. Issue closed.,refund,false,,,,v3 resolution,"[""resolution_state""]"
This has been unresolved for 6 days and I'm losing patience.,complaint,true,,,,v3 esc hard pos,"[""escalation_positive""]"
Do I pay extra for premium support?,pricing,false,,,,bulk addition 4,"[""standard""]"
Not asking for a refund but your service is terrible.,complaint,false,,,,multi-intent example,"[""multi_intent""]"
Page load nahi ho raha. Infinite loading.,technical_support,false,,,,hinglish technical support,"[""hinglish""]"
How does bulk operations affect my account?,general_question,false,,,,v3 bulk gq2,"[""standard""]"
my paymnt got dedctd twice,refund,true,,,,v3 noisy,"[""noisy""]"
My webhook endpoint is not receiving payloads anymore.,technical_support,false,,,,technical issue,"[""standard"", ""technical""]"
Mujhe refund aur technical support dono chahiye,refund,true,,,,v3 multi-intent hinglish,"[""multi_intent"", ""hinglish""]"
Do you offer different pricing tiers for data storage?,pricing,false,,,,v3 bulk pricing2,"[""standard"", ""pricing""]"
Your platform is great but I have a few feature requests.,product_question,false,,,,v3 bulk multi3,"[""multi_intent""]"
I'm having trouble with The mobile app.,technical_support,false,,,,v3 bulk tech,"[""standard"", ""technical""]"
How long does it take to set up two-factor authentication?,general_question,false,,,,bulk addition 4,"[""standard""]"
Is training included in the price?,pricing,false,,,,pricing question,"[""standard"", ""pricing""]"
How do I turn off email notifications?,general_question,false,,,,bulk addition,"[""standard""]"
I'm disappointed with the lack of features in the basic plan.,complaint,false,,,,v3 balance,"[""standard""]"
i cnt chang my email in settngs,account_issue,false,,,,v4 noisy,"[""noisy""]"
I feel misled by your sales team's promises.,complaint,false,,,,v3 balance,"[""standard""]"
ye tool bulk operations handle kar sakta hai?,product_question,false,,,,hinglish product question,"[""hinglish""]"
Is there a tutorial for billing?,general_question,false,,,,v3 bulk gq,"[""standard""]"
Does the API support GraphQL?,product_question,false,,,,bulk addition,"[""standard""]"
Is there a tutorial for file sharing?,general_question,false,,,,v3 bulk gq,"[""standard""]"
i payd for premum but dnt hav it,account_issue,true,,,,v3 noisy,"[""noisy""]"
can u help me pls im stuck,general_question,false,,,,v3 noisy,"[""noisy""]"
My reports won't export to PDF.,technical_support,false,,,,technical issue,"[""standard"", ""technical""]"
What are your file upload limits?,general_question,false,,,,v3 confusion: product vs general,"[""standard""]"
Don't connect me to support. I figured out the issue.,technical_support,false,,,,v3 esc hard neg,"[""hard_negative_escalation""]"
The SSL certificate for my custom domain expired.,technical_support,false,,,,bulk addition,"[""standard""]"
Encountering problems with the sort option.,technical_support,false,,,,v3 bulk tech3,"[""standard"", ""technical""]"
Is there a way to account recovery?,general_question,false,,,,v3 bulk gq2,"[""standard""]"
Work email access nahi hai aur login nahi ho raha.,account_issue,false,,,,hinglish account issue,"[""hinglish""]"
I get an error when using The reporting dashboard.,technical_support,false,,,,bulk addition 4,"[""standard""]"
How do I set up notification preferences?,general_question,false,,,,v3 bulk gq2,"[""standard""]"
Can you explain the user directory?,general_question,false,,,,v3 bulk gq,"[""standard""]"
I need information about activity tracking.,general_question,false,,,,v3 bulk gq3,"[""standard""]"
how 2 delet my acc,general_question,false,,,,bulk addition,"[""noisy""]"
data filtering stopped responding.,technical_support,false,,,,v3 bulk tech2,"[""standard"", ""technical""]"
Your service is great but I'm locked out of my account.,account_issue,false,,,,v3 bulk multi,"[""multi_intent""]"
"I'm not asking for a refund, I just want to complain",complaint,false,,,,v3 negation,"[""negation""]"
Your service is terrible and I want to speak to a manager,human_request,true,,,,v3 multi-intent,"[""multi_intent""]"
I was charged twice. Fix this and refund the duplicate.,refund,true,,,,bulk addition,"[""standard""]"
I'm not looking for a solution. Just sharing my thoughts.,complaint,false,,,,v3 bulk esc-,"[""hard_negative_escalation""]"
I need a human to verify my identity.,human_request,true,,,,bulk addition 3,"[""standard""]"
Can I use your service for free?,general_question,false,,,,general info question,"[""standard""]"
What happens to my data after cancellation?,general_question,false,,,,general info question,"[""standard""]"
Can I downgrade my plan anytime?,pricing,false,,,,bulk addition 3,"[""standard""]"
hlo i need ur help,general_question,false,,,,spelling/noisy text,"[""noisy""]"
Mujhe koi call nahi karna. Sirf jawab do.,general_question,false,,,,v3 bulk negation,"[""negation"", ""hinglish""]"
I was frustrated but it's all working. No escalation.,complaint,false,,,,v3 bulk esc-,"[""hard_negative_escalation"", ""resolution_state""]"
I want to speak to a manager about your terrible service.,human_request,true,,,,confusion pair example,"[""confusion_pair""]"
the updat brok my workflow,technical_support,true,,,,v4 noisy,"[""noisy""]"
Meri poori team block hai. Koi senior ko escalate karo.,technical_support,true,,,,v3 esc hard pos hinglish,"[""escalation_positive"", ""hinglish""]"
What reporting dimensions are available?,product_question,false,,,,bulk addition,"[""standard""]"
i wnt to chnge my plan but cnt,sales,false,,,,v4 noisy,"[""noisy""]"
My customer data is at risk because of this bug.,technical_support,true,,,,v4 esc+,"[""escalation_positive""]"
Sales team se baat karni thi price ke liye.,sales,false,,,,hinglish example,"[""hinglish""]"
"I want to talk to a human, not a bot.",human_request,true,,,,human request,"[""escalation_positive"", ""human_request""]"
Can the import tool be disabled?,general_question,false,,,,bulk addition 4,"[""standard""]"
Yearly contract sign karna hai.,sales,false,,,,hinglish sales,"[""hinglish""]"
What do I need to know about the API?,general_question,false,,,,v3 bulk gq,"[""standard""]"
The reporting dashboard is not working.,technical_support,false,,,,v3 bulk tech,"[""standard"", ""technical""]"
I have a complaint about billing but I need technical help accessing my account,account_issue,true,,,,v3 multi-intent,"[""multi_intent""]"
Stop redirecting me to the FAQ. Human now.,human_request,true,,,,bulk addition 3,"[""standard""]"
Mujhe aapke product features nahi dikh rahe.,product_question,false,,,,bulk addition 2,"[""hinglish""]"
Imported contacts show nahi ho rahe.,technical_support,false,,,,hinglish example,"[""hinglish""]"
Sales team se baat karni hai aur price bhi confirm karna hai,sales,false,,,,v3 multi-intent hinglish,"[""multi_intent"", ""hinglish""]"
Do you offer different pricing tiers for custom integrations?,pricing,false,,,,v3 bulk pricing2,"[""standard"", ""pricing""]"
Angry!,complaint,true,,,,very short message,[]
my paymant method isnt workin,technical_support,false,,,,spelling/noisy text,"[""noisy""]"
Is your product good? Tell me honestly.,general_question,false,,,,bulk addition 3,"[""confusion_pair""]"
How does your AI tagging work?,product_question,false,,,,product feature question,"[""standard""]"
"Can you handle 10,000 concurrent users?",product_question,false,,,,product feature question,"[""standard""]"
Mera refund aa gaya. Sab theek hai.,refund,false,,,,v3 resolution hinglish,"[""resolution_state"", ""hinglish""]"
Please do not assign this to your support team. Simple query.,general_question,false,,,,v3 bulk esc-,"[""hard_negative_escalation""]"
I'm locked out of my account and I want compensation,account_issue,true,,,,v3 multi-intent,"[""multi_intent""]"
Is tax included in the price?,pricing,false,,,,pricing question,"[""standard"", ""pricing""]"
Can I get an enterprise quote?,pricing,false,,,,pricing question,"[""standard"", ""pricing""]"
The bulk editor is broken after the latest update.,technical_support,false,,,,v3 bulk tech,"[""standard"", ""technical""]"
aapka pricing page clear nahi hai,pricing,false,,,,,"[""hinglish""]"
mera payment ho gaya but account activate nahi hua,technical_support,true,,,,,"[""hinglish""]"
Having fun exploring your platform.,other,false,,,,v3 balance,"[""standard""]"
Hate the support,complaint,false,,,,bulk addition 5,"[""standard""]"
How do I set up data retention limits?,general_question,false,,,,v3 bulk gq2,"[""standard""]"
Can I change my plan billing frequency?,general_question,false,,,,v3 balance3,"[""standard""]"
mujhe aapke yaha bulk discount chahiye 200 users ke liye,sales,false,,,,v3 bulk hinglish3,"[""hinglish""]"
Can I schedule posts?,general_question,false,,,,general info question,"[""standard""]"
Dashboard 500 error de raha hai.,technical_support,false,,,,hinglish technical support,"[""hinglish""]"
Do I need a human or can you answer this?,general_question,false,,,,bulk addition 2,"[""confusion_pair""]"
I do not want to cancel. I just want to understand my bill.,pricing,false,,,,v3 bulk negation,"[""negation""]"
Can I integrate with Zapier?,general_question,false,,,,general info question,"[""standard""]"
Is there a tutorial for custom fields?,general_question,false,,,,v3 bulk gq,"[""standard""]"
Please connect me to a real person immediately.,human_request,true,,,,v3 balance,"[""standard""]"
Having issues with batch processing.,technical_support,false,,,,v3 bulk tech2,"[""standard"", ""technical""]"
Can you explain email notifications?,general_question,false,,,,bulk addition 4,"[""standard""]"
I need billing help and also want to change my plan.,pricing,false,,,,v3 bulk multi,"[""multi_intent""]"
My workflow automation stopped mid-execution.,technical_support,false,,,,technical issue,"[""standard"", ""technical""]"
Mene 2 bar pay kar diya. Ek refund karo.,refund,true,,,,bulk addition,"[""hinglish""]"
Can I build custom reports?,product_question,false,,,,product feature question,"[""standard""]"
Not looking for a refund. Just want to understand the charge.,pricing,false,,,,v3 negation,"[""negation""]"
Can I customize notification preferences?,general_question,false,,,,v3 bulk gq2,"[""standard""]"
the dashbord loadz forever,technical_support,false,,,,v4 noisy,"[""noisy""]"
u guys chargd my card rong amount,refund,true,,,,bulk addition 5,"[""noisy""]"
The batch processing feature seems to be broken.,technical_support,false,,,,v3 bulk tech2,"[""standard"", ""technical""]"
Can you explain the difference between plans?,general_question,false,,,,v3 info vs action,"[""standard""]"
How do I configure the notification center?,general_question,false,,,,v3 bulk gq3,"[""standard""]"
Do I get a discount for early payment?,pricing,false,,,,bulk addition,"[""standard""]"
This is a complete waste of money.,complaint,false,,,,general complaint,"[""standard"", ""complaint""]"
What is included in the base price?,pricing,false,,,,pricing question,"[""standard"", ""pricing""]"
Do you have a partner program?,general_question,false,,,,general info question,"[""standard""]"
Can I collaborate with external partners on your platform?,general_question,false,,,,v3 balance,"[""standard""]"
Account recovery needed and I want to talk to a manager,account_issue,true,,,,v3 multi-intent,"[""multi_intent""]"
Is phone support included?,pricing,false,,,,bulk addition 5,"[""standard""]"
How many users can I have on basic?,pricing,false,,,,bulk addition,"[""standard""]"
What is the cost of premium support?,pricing,false,,,,v3 bulk pricing,"[""standard"", ""pricing""]"
This platform is not ready for prime time.,complaint,false,,,,bulk addition,"[""standard""]"
What should I know about the notification center?,general_question,false,,,,v3 bulk gq3,"[""standard""]"
I don't want compensation. I just wanted to let you know.,complaint,false,,,,v3 esc hard neg,"[""hard_negative_escalation""]"
i cnt figur out this app at all,general_question,false,,,,v3 bulk noisy,"[""noisy""]"
Aapki company se umeed thi lekin nirash kiya.,complaint,false,,,,hinglish complaint,"[""hinglish""]"
Why?,general_question,false,,,,very short message,[]
You charged me after cancellation. Refund now.,refund,true,,,,refund demand,"[""escalation_positive"", ""refund""]"
Can you explain real-time sync?,general_question,false,,,,v3 bulk gq,"[""standard""]"
my pasword resets isnt workng,account_issue,false,,,,v3 noisy,"[""noisy""]"
Mujhe aapke yaha se plan lena hai but pehle demo chahiye.,sales,false,,,,v3 bulk multi3,"[""multi_intent"", ""hinglish""]"
I didn't ask for a call. I asked for an email.,general_question,false,,,,v4 negation,"[""negation""]"
Is the mobile app included in the base price?,pricing,false,,,,bulk addition 4,"[""standard""]"
How often do you release new features?,general_question,false,,,,v3 balance,"[""standard""]"
I need to speak to a person with real authority.,human_request,true,,,,bulk addition 2,"[""standard""]"
I get an error when using File upload.,technical_support,false,,,,bulk addition 4,"[""standard""]"
I'm entitled to a full refund under your policy.,refund,true,,,,refund demand,"[""escalation_positive"", ""refund""]"
how much for the premimum plan,pricing,false,,,,spelling/noisy text,"[""noisy""]"
I cannot stress enough how urgent this is.,technical_support,true,,,,v3 esc hard pos,"[""escalation_positive""]"
I was about to complain but actually I solved it.,complaint,false,,,,escalation hard negative,"[""hard_negative_escalation""]"
I need information about payment methods.,general_question,false,,,,v3 bulk gq3,"[""standard""]"
mujhe aapki service ka 1 mahine ka free trial chahiye,sales,false,,,,v3 bulk hinglish3,"[""hinglish""]"
What should I know about security options?,general_question,false,,,,v3 bulk gq3,"[""standard""]"
main aapka product 2 saal se use kar raha hu update nahi aaya,complaint,false,,,,,"[""hinglish""]"
aapke server down hain kya,technical_support,true,,,,,"[""hinglish""]"
bulk edit is malfunctioning.,technical_support,false,,,,v3 bulk tech2,"[""standard"", ""technical""]"
What is the purpose of auto-renewal?,general_question,false,,,,v3 bulk gq2,"[""standard""]"
I'm having trouble with Email delivery.,technical_support,false,,,,v3 bulk tech,"[""standard"", ""technical""]"
i cnt find the cancle buton anywer,sales,false,,,,bulk addition 2,"[""noisy""]"
Need technical help but also want to talk to sales.,technical_support,false,,,,bulk addition 2,"[""multi_intent""]"
What discounts are available for annual commitments?,pricing,false,,,,v3 confusion: pricing vs sales,"[""standard""]"
I found a security flaw in your authentication system.,technical_support,true,,,,v3 esc hard pos,"[""escalation_positive""]"
What kind of charts and graphs do you offer?,general_question,false,,,,v3 bulk confusion,"[""standard""]"
aapka product theek hai but support kharab hai,complaint,false,,,,,"[""hinglish""]"
I demand to know why this was not caught in your testing.,complaint,true,,,,v3 bulk esc+,"[""escalation_positive""]"
You billed me incorrectly for 3 months. Refund the difference.,refund,true,,,,v3 balance,"[""standard""]"
Is there a knowledge base feature?,product_question,false,,,,bulk addition,"[""standard""]"
Does it support multi-language content?,product_question,false,,,,product feature question,"[""standard""]"
Is your service good for small businesses?,general_question,false,,,,confusion pair example,"[""confusion_pair""]"
I would give zero stars if I could.,complaint,false,,,,bulk addition,"[""standard""]"
The recurring task automation stopped triggering.,technical_support,false,,,,v3 balance,"[""standard""]"
Auto-save kaam nahi kar raha. Data loss ho raha hai.,technical_support,true,,,,hinglish example,"[""hinglish""]"
How does file sharing work in your platform?,general_question,false,,,,v3 bulk gq,"[""standard""]"
Koi escalate mat karo. Simple sawaal hai.,general_question,false,,,,v3 negation hinglish,"[""negation"", ""hinglish""]"
the graph on my dashbord is not loadin,technical_support,false,,,,v3 bulk noisy,"[""noisy""]"
I am unable to use the tag system correctly.,technical_support,false,,,,v3 bulk tech3,"[""standard"", ""technical""]"
Sab sahi hai. Close karo ticket.,technical_support,false,,,,v3 bulk esc-,"[""hard_negative_escalation"", ""resolution_state"", ""hinglish""]"
my reportz r not comin out ryt,technical_support,false,,,,bulk addition 3,"[""noisy""]"
I don't want compensation. I want an explanation.,general_question,false,,,,v4 negation,"[""negation""]"
mujhe aapki service ka referral link chahiye,general_question,false,,,,v3 bulk hinglish,"[""hinglish""]"
Stop the automated messages. Give me a support agent.,human_request,true,,,,v3 balance,"[""standard""]"
What is the maximum file size for attachments in the premium tier?,product_question,false,,,,v3 confusion: product vs general,"[""standard""]"
Is there a customer satisfaction survey?,product_question,false,,,,bulk addition,"[""standard""]"
mera plan upgrade ka option kahan hai,sales,false,,,,,"[""hinglish""]"
Aapki website par error aa raha hai.,technical_support,false,,,,bulk addition 3,"[""hinglish""]"
Mujhe report schedule karni hai. Kaise kare?,product_question,false,,,,bulk addition 3,"[""hinglish""]"
Are there any setup costs?,pricing,false,,,,pricing question,"[""standard"", ""pricing""]"
What are the costs associated with onboarding assistance?,pricing,false,,,,v3 bulk pricing2,"[""standard"", ""pricing""]"
whts the point of ur support if they never help,complaint,false,,,,bulk addition 5,"[""noisy""]"
this is so anoying i want a refnd,refund,true,,,,spelling/noisy text,"[""noisy""]"
The mobile app keeps crashing on Android 14.,technical_support,false,,,,bulk addition,"[""standard""]"
Meri deadline aaj sham tak hai. Please koi senior ko batao.,technical_support,true,,,,v3 esc hard pos hinglish,"[""escalation_positive"", ""hinglish""]"
We are ready to sign. Send contract.,sales,false,,,,bulk addition 3,"[""standard""]"
Aapka mobile app Android pe kyun nahi chal raha?,technical_support,false,,,,hinglish example,"[""hinglish""]"
Cancel?,sales,false,,,,very short message,[]
aapka mobile app Android pe kyun nahi chal raha,technical_support,false,,,,,"[""hinglish""]"
file preview is causing errors in my workflow.,technical_support,false,,,,v3 bulk tech2,"[""standard"", ""technical""]"
My entire company's workflow is halted by this bug.,technical_support,true,,,,v3 bulk esc+,"[""escalation_positive""]"
Shameful that you charge for this broken software.,complaint,false,,,,bulk addition 2,"[""standard""]"
Too slow.,technical_support,false,,,,v4 short,"[""standard""]"
Delete all my data from your servers now.,general_question,true,,,,v3 info vs action,"[""standard""]"
How deep is the Salesforce integration?,product_question,false,,,,bulk addition,"[""standard""]"
Can I create custom user roles?,product_question,false,,,,bulk addition 2,"[""standard""]"
What's included in the $50 plan?,pricing,false,,,,pricing question,"[""standard"", ""pricing""]"
The mobile app freezes on the login screen.,technical_support,false,,,,technical issue,"[""standard"", ""technical""]"
The drag and drop editor is broken after the latest update.,technical_support,false,,,,v3 bulk tech,"[""standard"", ""technical""]"
I need someone to personally guarantee this will not happen again.,complaint,true,,,,v3 bulk esc+,"[""escalation_positive""]"
Meri email change ho gayi bina permission ke.,account_issue,false,,,,hinglish account issue,"[""hinglish""]"
Is there a widget for my website?,product_question,false,,,,bulk addition,"[""standard""]"
How long does it take to set up email notifications?,general_question,false,,,,v3 bulk gq,"[""standard""]"
Can I customize account recovery?,general_question,false,,,,v3 bulk gq2,"[""standard""]"
Is data backup included in the base price?,pricing,false,,,,v3 bulk pricing,"[""standard"", ""pricing""]"
The file preview feature seems to be broken.,technical_support,false,,,,v3 bulk tech2,"[""standard"", ""technical""]"
Can the template system be disabled?,general_question,false,,,,bulk addition 4,"[""standard""]"
Give me my money back immediately.,refund,true,,,,v3 info vs action,"[""standard""]"
Can I connect multiple mailboxes?,product_question,false,,,,bulk addition,"[""standard""]"
The quality of your product has degraded significantly.,complaint,false,,,,general complaint,"[""standard"", ""complaint""]"
Your platform failure has caused reputational damage to my company.,complaint,true,,,,v3 bulk esc+,"[""escalation_positive""]"
Plan limits increase karne hain.,sales,false,,,,hinglish sales,"[""hinglish""]"
Please set up a demo for the sales team.,sales,false,,,,purchase intent,"[""standard"", ""sales""]"
I am unable to use the alignment tool correctly.,technical_support,false,,,,v3 bulk tech3,"[""standard"", ""technical""]"
The login page is not loading properly.,technical_support,false,,,,v3 bulk tech,"[""standard"", ""technical""]"
Do I pay extra for white labeling?,pricing,false,,,,bulk addition 4,"[""standard""]"
Where can I find documentation about the calendar sync?,general_question,false,,,,v3 bulk gq,"[""standard""]"
Bot se baat karke thak gaya. Human do.,human_request,true,,,,hinglish example,"[""hinglish""]"
I want to return the product and get a full refund.,refund,true,,,,v3 balance,"[""standard""]"
Ek hafte se problem hai. Koi resolve kyu nahi kar raha?,complaint,true,,,,hinglish example,"[""hinglish""]"
aapne mujhe wrong features activate kiye hain,technical_support,false,,,,,"[""hinglish""]"
Does your premium plan have unlimited storage?,product_question,false,,,,v3 bulk confusion,"[""standard""]"
mujhe koi expert se baat karni hai,human_request,true,,,,,"[""hinglish""]"
u guyz charge too much,pricing,false,,,,v3 noisy,"[""noisy""]"
The backup system keeps failing.,technical_support,false,,,,v3 bulk tech,"[""standard"", ""technical""]"
Email templates are not rendering correctly in Outlook.,technical_support,false,,,,v3 balance,"[""standard""]"
Integration kaise karte hai Salesforce se?,product_question,false,,,,hinglish example,"[""hinglish""]"
My account is back to normal. Appreciate the help.,account_issue,false,,,,v3 resolution,"[""resolution_state""]"
Tell me about pricing for custom integrations.,pricing,false,,,,v3 bulk pricing2,"[""standard"", ""pricing""]"
How much for the enterprise add-on?,pricing,false,,,,bulk addition 4,"[""standard""]"
Your negligence caused a leak of my confidential information.,complaint,true,,,,v3 esc hard pos,"[""escalation_positive""]"
I am unable to serve my own customers because of your bug.,technical_support,true,,,,v3 bulk esc+3,"[""escalation_positive""]"
Please don't escalate. I made a mistake.,other,false,,,,bulk addition 5,"[""hard_negative_escalation""]"
The page is loading infinitely without any content.,technical_support,false,,,,technical issue,"[""standard"", ""technical""]"
i need help but ur chatbot is useless,human_request,true,,,,v3 bulk noisy,"[""noisy"", ""multi_intent""]"
i cnt chang my email adres helpp,account_issue,false,,,,bulk addition 3,"[""noisy""]"
Great service,other,false,,,,very short message,[]
How long does it take to set up the dashboard?,general_question,false,,,,bulk addition 4,"[""standard""]"
my team cant see the documents i upload,technical_support,false,,,,bulk addition 2,"[""noisy""]"
mujhe live chat support chahiye,general_question,false,,,,,"[""hinglish""]"
Give me a refund or I'll file a chargeback.,refund,true,,,,refund demand,"[""escalation_positive"", ""refund""]"
Can you guide me through privacy settings?,general_question,false,,,,v3 bulk gq3,"[""standard""]"
I'm getting a timeout error on every request.,technical_support,false,,,,technical issue,"[""standard"", ""technical""]"
Is there a tutorial for the user directory?,general_question,false,,,,v3 bulk gq,"[""standard""]"
mujhe aapki service ka test drive lena hai,sales,false,,,,,"[""hinglish""]"
My dashboard filters keep resetting after page refresh.,technical_support,false,,,,v3 balance,"[""standard""]"
wht is the process for cancelling my subscription,general_question,false,,,,v3 bulk noisy3,"[""noisy""]"
File sharing with external users is throwing an error.,technical_support,false,,,,v3 confusion: general vs tech,"[""standard""]"
This message is just a test. Ignore it.,other,false,,,,bulk addition 5,"[""standard""]"
Can I talk to the sales team about pricing?,sales,false,,,,confusion pair example,"[""confusion_pair""]"
Is there a way to data retention limits?,general_question,false,,,,v3 bulk gq2,"[""standard""]"
kya aapke paas koi referral program hai,general_question,false,,,,,"[""hinglish""]"
Demo chahiye sales team se. Schedule karo.,sales,false,,,,hinglish example,"[""hinglish""]"
Is there a way to keyboard shortcuts?,general_question,false,,,,v3 bulk gq2,"[""standard""]"
I have both a feature request and a bug to report.,technical_support,false,,,,v3 bulk multi,"[""multi_intent""]"
I want to upgrade my current plan to premium.,sales,false,,,,purchase intent,"[""standard"", ""sales""]"
How does billing alerts affect my account?,general_question,false,,,,v3 bulk gq2,"[""standard""]"
Can I customize data retention limits?,general_question,false,,,,v3 bulk gq2,"[""standard""]"
Don't give me a refund. I want the service to work.,technical_support,true,,,,v3 bulk negation,"[""negation""]"
aapki app ne mera data delete kar diya,technical_support,true,,,,v3 bulk hinglish,"[""hinglish""]"
Mera refund kab tak process hoga?,refund,false,,,,bulk addition,"[""hinglish""]"
My workflow automation keeps failing.,technical_support,false,,,,bulk addition 4,"[""standard""]"
Starter plan kitne ka hai?,pricing,false,,,,hinglish pricing,"[""hinglish""]"
I keep getting session timeouts every 5 minutes,technical_support,false,,,,v3 bulk confusion,"[""standard""]"
This issue is causing a security audit failure.,account_issue,true,,,,bulk addition 5,"[""escalation_positive""]"
the dasboard is showin rong data,technical_support,false,,,,spelling/noisy text,"[""noisy""]"
i accidently deletd my accunt,account_issue,true,,,,spelling/noisy text,"[""noisy""]"
I feel like I've been scammed by your company.,complaint,false,,,,general complaint,"[""standard"", ""complaint""]"
Where can I find documentation about multi-factor auth?,general_question,false,,,,v3 bulk gq,"[""standard""]"
Ye software Hindi mein available hai?,product_question,false,,,,hinglish example,"[""hinglish""]"
Mujhe weekly report chahiye. Kaise set kare?,product_question,false,,,,hinglish example,"[""hinglish""]"
Kaise purchase kare? Mujhe lena hai.,sales,false,,,,hinglish sales,"[""hinglish""]"
The backup system is not working.,technical_support,false,,,,v3 bulk tech,"[""standard"", ""technical""]"
Please send me the invoice for enterprise plan.,sales,false,,,,purchase intent,"[""standard"", ""sales""]"
how do i get a humen on the line plz,human_request,true,,,,bulk addition 2,"[""noisy""]"
Can you teach me to code?,other,false,,,,bulk addition 2,"[""standard""]"
Mujhe premium features chahiye. Upgrade karo.,sales,false,,,,bulk addition,"[""hinglish""]"
What is the purpose of dashboard widgets?,general_question,false,,,,v3 bulk gq2,"[""standard""]"
You charged me the wrong plan price.,pricing,true,,,,bulk addition 3,"[""standard""]"
kya main apna number change kar sakta hu account mein,account_issue,false,,,,,"[""hinglish""]"
mujhe aapki service ka live demo chahiye,sales,false,,,,v3 bulk hinglish,"[""hinglish""]"
What reporting options are available?,general_question,false,,,,general info question,"[""standard""]"
Time aur paisa dono waste ho rahe hain.,complaint,false,,,,hinglish complaint,"[""hinglish""]"
Billing help needed but I want a human not a bot.,pricing,true,,,,bulk addition,"[""multi_intent""]"
Can you help me reset my password and also tell me about plans,general_question,false,,,,v3 multi-intent,"[""multi_intent""]"
No need to transfer me. You answered my question perfectly.,general_question,false,,,,v3 bulk esc-,"[""hard_negative_escalation""]"
Is my data secure with you?,general_question,false,,,,general info question,"[""standard""]"
aapka refund process kaise kaam karta hai,refund,false,,,,,"[""hinglish""]"
Aapne mujhe block kyu kar diya? Unblock karo.,account_issue,true,,,,hinglish example,"[""hinglish""]"
I need a hotfix deployed to production right now.,technical_support,true,,,,v3 bulk esc+,"[""escalation_positive""]"
The calendar sync stopped working suddenly.,technical_support,false,,,,bulk addition 4,"[""standard""]"
Can you explain the mobile app?,general_question,false,,,,v3 bulk gq,"[""standard""]"
i m very upset with ur servise,complaint,false,,,,v3 noisy,"[""noisy""]"
CSV import fail ho raha hai row 50 par.,technical_support,false,,,,hinglish technical support,"[""hinglish""]"
I want to subscribe to the highest tier.,sales,false,,,,purchase intent,"[""standard"", ""sales""]"
Your lack of support is costing me money.,complaint,true,,,,escalation hard positive,"[""escalation_positive"", ""hard_positive""]"
What are the costs associated with custom integrations?,pricing,false,,,,v3 bulk pricing2,"[""standard"", ""pricing""]"
What's the pricing for premium support?,pricing,false,,,,bulk addition 4,"[""standard""]"
Your automated system is not understanding my issue. Human needed.,human_request,true,,,,bulk addition,"[""standard""]"
How do I set up user invitations?,general_question,false,,,,v3 bulk gq2,"[""standard""]"
Pachtawa hai ki aapka product lia.,complaint,false,,,,hinglish complaint,"[""hinglish""]"
What security certifications do you have?,general_question,false,,,,general info question,"[""standard""]"
Too slow,technical_support,false,,,,very short message,[]
Can you explain the API?,general_question,false,,,,bulk addition 4,"[""standard""]"
Do teen baar se same problem bata raha hu.,complaint,true,,,,escalation hard positive,"[""escalation_positive"", ""hard_positive""]"
i am not abel to acces my acc,account_issue,false,,,,spelling/noisy text,"[""noisy""]"
kya aapke yaha COD available hai,pricing,false,,,,,"[""hinglish""]"
mujhe aapke software ke saath Zapier integration chahiye,product_question,false,,,,v3 bulk hinglish,"[""hinglish""]"
No escalation warranted. Simple inquiry.,general_question,false,,,,v3 esc hard neg,"[""hard_negative_escalation""]"
Is there a time tracking module?,product_question,false,,,,v3 balance,"[""standard""]"
Hinglish: human do.,human_request,true,,,,v4 short,"[""hinglish""]"
meri report mein data missing hai,technical_support,false,,,,,"[""hinglish""]"
pls help my accnt has been suspndd unfairly,account_issue,true,,,,v3 bulk noisy3,"[""noisy""]"
Speak to human,human_request,true,,,,very short message,[]
aapki app mein kuch options disable hain enable karo,technical_support,false,,,,v4 hinglish,"[""hinglish""]"
Encountering problems with the folder structure.,technical_support,false,,,,v3 bulk tech3,"[""standard"", ""technical""]"
kya aapke paas app hai?,general_question,false,,,,hinglish general question,"[""hinglish""]"
How is the usage calculated?,pricing,false,,,,bulk addition,"[""standard""]"
can u explain the pricin i dnt get it,pricing,false,,,,bulk addition 5,"[""noisy""]"
Talk to a person please. Not a bot.,human_request,true,,,,confusion pair example,"[""confusion_pair""]"
I'm unable to change my account email address.,account_issue,false,,,,bulk addition,"[""standard""]"
This is a single point of failure for my entire operation.,technical_support,true,,,,v3 bulk esc+,"[""escalation_positive""]"
Can I customize auto-renewal?,general_question,false,,,,v3 bulk gq2,"[""standard""]"
i cnt figur out how to reset my pasword,account_issue,false,,,,bulk addition 2,"[""noisy""]"
maine aapko 4 din pehle email kiya tha reply kyun nahi aaya,complaint,true,,,,,"[""hinglish""]"
File upload nahi ho raha. Error aa raha hai.,technical_support,false,,,,hinglish technical support,"[""hinglish""]"
How long does it take to set up backup?,general_question,false,,,,bulk addition 4,"[""standard""]"
Can you help me with a technical issue and also explain pricing?,technical_support,false,,,,v3 bulk multi,"[""multi_intent""]"
Email delivery is not loading properly.,technical_support,false,,,,v3 bulk tech,"[""standard"", ""technical""]"
The report scheduling feature seems to be broken.,technical_support,false,,,,v3 bulk tech2,"[""standard"", ""technical""]"
ye software Hindi mein available hai?,general_question,false,,,,hinglish general question,"[""hinglish""]"
i paid for premum but dnt hav it,account_issue,true,,,,spelling/noisy text,"[""noisy""]"
mera account ka language change nahi ho raha,account_issue,false,,,,v3 bulk hinglish,"[""hinglish""]"
Process my refund request number RF-2024-001.,refund,true,,,,v3 balance,"[""standard""]"
The Email delivery feature is causing errors.,technical_support,false,,,,bulk addition 4,"[""standard""]"
Is there a tutorial for the mobile app?,general_question,false,,,,v3 bulk gq,"[""standard""]"
I'm about to lose a major client because of your downtime.,technical_support,true,,,,bulk addition 3,"[""escalation_positive""]"
My account details were changed by someone else. I need help.,account_issue,true,,,,v3 bulk esc+,"[""escalation_positive""]"
The login page is not working.,technical_support,false,,,,bulk addition 4,"[""standard""]"
What are the benefits of the reporting module?,general_question,false,,,,bulk addition 4,"[""standard""]"
Do you have a roadmap of upcoming features?,general_question,false,,,,v3 balance,"[""standard""]"
Do I need to configure custom fields manually?,general_question,false,,,,bulk addition 4,"[""standard""]"
aapne mujhe galat currency mein payment kiya,pricing,true,,,,v3 bulk hinglish3,"[""hinglish""]"
How do I export my data?,general_question,false,,,,v3 info vs action,"[""standard""]"
customer portal is causing errors in my workflow.,technical_support,false,,,,v3 bulk tech2,"[""standard"", ""technical""]"
aapke yaha koi referral bonus program hai,general_question,false,,,,v4 hinglish,"[""hinglish""]"
What is the purpose of profile visibility?,general_question,false,,,,v3 bulk gq2,"[""standard""]"
What is the purpose of import features?,general_question,false,,,,v3 bulk gq2,"[""standard""]"
Contact not required. Just giving feedback.,complaint,false,,,,escalation hard negative,"[""hard_negative_escalation""]"
mujhe bulk SMS feature hai kya,product_question,false,,,,,"[""hinglish""]"
Mujhe refund chahiye. Also what is the price of premium?,refund,true,,,,multi-intent example,"[""multi_intent""]"
I'm confused about my bill and angry about it.,pricing,false,,,,bulk addition,"[""confusion_pair""]"
Do I need to configure backup manually?,general_question,false,,,,bulk addition 4,"[""standard""]"
Can I change the language of the interface?,general_question,false,,,,bulk addition,"[""standard""]"
Where can I find documentation about team management?,general_question,false,,,,v3 bulk gq,"[""standard""]"
What is your cancellation policy?,general_question,false,,,,v3 bulk infoact,"[""standard""]"
What are the benefits of the template system?,general_question,false,,,,bulk addition 4,"[""standard""]"
Is there an API rate limit?,product_question,false,,,,product feature question,"[""standard""]"
The login page keeps failing.,technical_support,false,,,,bulk addition 4,"[""standard""]"
Mera plan upgrade nahi ho raha hai.,sales,false,,,,bulk addition 2,"[""hinglish""]"
I get an error when using The drag and drop editor.,technical_support,false,,,,bulk addition 4,"[""standard""]"
This is the second time this week the same error occurred.,technical_support,true,,,,v3 bulk esc+,"[""escalation_positive""]"
How long does it take to set up custom fields?,general_question,false,,,,v3 bulk gq,"[""standard""]"
Aapka product joke hai.,complaint,false,,,,hinglish complaint,"[""hinglish""]"
Tell me about pricing for user accounts.,pricing,false,,,,v3 bulk pricing2,"[""standard"", ""pricing""]"
Not complaining just observing.,complaint,false,,,,bulk addition 2,"[""hard_negative_escalation""]"
Can you explain custom fields?,general_question,false,,,,bulk addition 4,"[""standard""]"
The user interface is counterintuitive.,product_question,false,,,,bulk addition 3,"[""standard""]"
API empty response de raha hai.,technical_support,false,,,,hinglish technical support,"[""hinglish""]"
aapki app bahut slow hai improve karo,technical_support,false,,,,,"[""hinglish""]"
Permissions reset ho rahi hain automatically.,technical_support,false,,,,hinglish technical support,"[""hinglish""]"
The search bar is not loading properly.,technical_support,false,,,,v3 bulk tech,"[""standard"", ""technical""]"
i cnt remember my login id help,account_issue,false,,,,v3 bulk noisy3,"[""noisy""]"
No action required. Just giving a heads up.,complaint,false,,,,v3 esc hard neg,"[""hard_negative_escalation""]"
This is extremely frustrating.,complaint,false,,,,general complaint,"[""standard"", ""complaint""]"
the integratin with our CRM is brkn since last week,technical_support,false,,,,v3 bulk noisy,"[""noisy""]"
I want to buy the premium plan for my 10 person team.,sales,false,,,,bulk addition,"[""standard""]"
aapki team ka response time bahut slow hai,complaint,false,,,,,"[""hinglish""]"
plz help im lockt out of my accnt since 2 days,account_issue,true,,,,v3 bulk noisy,"[""noisy""]"
Can you explain the analytics dashboard?,general_question,false,,,,v3 bulk gq,"[""standard""]"
The backup process is failing every night.,technical_support,false,,,,technical issue,"[""standard"", ""technical""]"
Having issues with user import.,technical_support,false,,,,v3 bulk tech2,"[""standard"", ""technical""]"
Cancel my subscription and tell me about your other products,refund,false,,,,v3 multi-intent,"[""multi_intent""]"
can u help me with loggin in,account_issue,false,,,,spelling/noisy text,"[""noisy""]"
Can I customize profile visibility?,general_question,false,,,,v3 bulk gq2,"[""standard""]"
hw long does refnd take to process,refund,false,,,,v3 bulk noisy3,"[""noisy""]"
plz help me wit my login,account_issue,false,,,,spelling/noisy text,"[""noisy""]"
My refund request has been pending for a week.,refund,true,,,,refund demand,"[""escalation_positive"", ""refund""]"
Mujhe team plan ka invoice chahiye.,sales,false,,,,hinglish sales,"[""hinglish""]"
I get an error when using Email delivery.,technical_support,false,,,,v3 bulk tech,"[""standard"", ""technical""]"
I said don't escalate. Please listen.,general_question,false,,,,v4 negation,"[""negation""]"
Your service failure cost me a client. I need compensation.,refund,true,,,,v3 esc hard pos,"[""escalation_positive""]"
How does dashboard widgets affect my account?,general_question,false,,,,v3 bulk gq2,"[""standard""]"
What is the cost of API access for 100k calls?,pricing,false,,,,bulk addition 4,"[""standard""]"
Mujhe kisi senior se baat karni hai.,human_request,true,,,,hinglish human request,"[""hinglish"", ""escalation_positive"", ""human_request""]"
Can I set up auto replies for common questions?,product_question,false,,,,bulk addition,"[""standard""]"
kya main aapke platform par multiple accounts bana sakta hu,general_question,false,,,,,"[""hinglish""]"
This is a critical production outage.,technical_support,true,,,,bulk addition 3,"[""escalation_positive""]"
What are the costs associated with team collaboration?,pricing,false,,,,v3 bulk pricing2,"[""standard"", ""pricing""]"
aapka API documentation kahan milega,product_question,false,,,,v3 bulk hinglish,"[""hinglish""]"
aapke paas koi discount code hai kya,pricing,false,,,,,"[""hinglish""]"
kya aap India mein bhi service dete ho?,general_question,false,,,,hinglish general question,"[""hinglish""]"
Mera kaam ruka hua hai. Jaldi karo.,technical_support,true,,,,escalation hard positive,"[""escalation_positive"", ""hard_positive""]"
I'm extremely let down by your company.,complaint,false,,,,bulk addition 3,"[""standard""]"
Can I export my data?,general_question,false,,,,general info question,"[""standard""]"
the timeline view has a bug that needs fixing.,technical_support,false,,,,v3 bulk tech3,"[""standard"", ""technical""]"
How much for dedicated server?,pricing,false,,,,v3 bulk pricing,"[""standard"", ""pricing""]"
My manager is asking for an update. I have nothing to tell them.,complaint,true,,,,escalation hard positive,"[""escalation_positive"", ""hard_positive""]"
This is the last straw. I want a full refund and account deletion.,refund,true,,,,bulk addition 3,"[""escalation_positive""]"
Can you please connect me to a real support agent?,human_request,true,,,,v3 balance3,"[""standard""]"
What's the best way to get started?,general_question,false,,,,bulk addition,"[""standard""]"
mera account ka security upgrade karna hai,account_issue,false,,,,v4 hinglish,"[""hinglish""]"
What are the costs associated with API calls?,pricing,false,,,,v3 bulk pricing2,"[""standard"", ""pricing""]"
API access ka alag se paisa lagega?,pricing,false,,,,hinglish pricing,"[""hinglish""]"
mera account suspend kyu hua,account_issue,true,,,,,"[""hinglish""]"
I want my money back for the annual plan I just bought.,refund,true,,,,refund demand,"[""escalation_positive"", ""refund""]"
aapne mujhe galat plan charge kiya hai,pricing,true,,,,,"[""hinglish""]"
kya aapke yaha koi community forum hai,general_question,false,,,,,"[""hinglish""]"
Suno,other,false,,,,very short message,[]
file preview stopped responding.,technical_support,false,,,,v3 bulk tech2,"[""standard"", ""technical""]"
I've lost all trust in your company. Fix this now.,complaint,true,,,,escalation hard positive,"[""escalation_positive"", ""hard_positive""]"
aapka mobile app bahut heavy hai phone hang ho jata hai,technical_support,false,,,,,"[""hinglish""]"
i hav been wating for 2 weks,complaint,true,,,,spelling/noisy text,"[""noisy""]"
batch processing is malfunctioning.,technical_support,false,,,,v3 bulk tech2,"[""standard"", ""technical""]"
the folder structure is giving me trouble.,technical_support,false,,,,v3 bulk tech3,"[""standard"", ""technical""]"
The dashboard keeps showing a 500 error.,technical_support,false,,,,technical issue,"[""standard"", ""technical""]"
Images uploaded are showing as broken links.,technical_support,false,,,,technical issue,"[""standard"", ""technical""]"
I'm having trouble with The PDF export.,technical_support,false,,,,v3 bulk tech,"[""standard"", ""technical""]"
The CSV importer is not loading properly.,technical_support,false,,,,v3 bulk tech,"[""standard"", ""technical""]"
I want to upgrade but I'm frustrated with your support.,sales,false,,,,v3 bulk multi,"[""multi_intent""]"
kya isme bulk SMS hai,product_question,false,,,,,"[""hinglish""]"
Team plan lena hai. Discount batao.,sales,false,,,,bulk addition 2,"[""hinglish""]"
Can I customize dashboard widgets?,general_question,false,,,,v3 bulk gq2,"[""standard""]"
Does your platform support custom user roles and permissions?,product_question,false,,,,v3 confusion: product vs general,"[""standard""]"
my teammates cnt acess the folder i shared,technical_support,false,,,,v3 bulk noisy,"[""noisy""]"
the calendar view has a bug that needs fixing.,technical_support,false,,,,v3 bulk tech3,"[""standard"", ""technical""]"
aapka product use karke bahut time ho gaya lekin update nahi aaya,complaint,false,,,,,"[""hinglish""]"
y is ur servis so expensiv,pricing,false,,,,bulk addition 2,"[""noisy""]"
Can I use your API to build a custom integration?,product_question,false,,,,v3 balance,"[""standard""]"
I'm having trouble with The bulk editor.,technical_support,false,,,,v3 bulk tech,"[""standard"", ""technical""]"
mobile par bhi use kar sakte hain?,general_question,false,,,,hinglish general question,"[""hinglish""]"
No one from your team seems to care about quality.,complaint,false,,,,bulk addition,"[""standard""]"
Ye kya software hai?,general_question,false,,,,hinglish general question,"[""hinglish""]"
My executive team is asking questions I cannot answer.,technical_support,true,,,,v3 bulk esc+,"[""escalation_positive""]"
i m lockd out of my admn account,account_issue,true,,,,v4 noisy,"[""noisy""]"
I need technical help with integration and a price quote.,technical_support,false,,,,v3 bulk multi,"[""multi_intent""]"
"Your service is terrible, give me a refund.",refund,true,,,,confusion pair example,"[""confusion_pair""]"
u guys need to fix ur app its slow,technical_support,false,,,,v4 noisy,"[""noisy""]"
Mujhe premium plan lena hai.,sales,false,,,,hinglish sales,"[""hinglish""]"
No need to escalate. I was just asking for information.,general_question,false,,,,v3 bulk esc-,"[""hard_negative_escalation""]"
Process my refund or I will dispute with my bank.,refund,true,,,,bulk addition,"[""standard""]"
mujhe aapke software ke saath Shopify integration chahiye,product_question,false,,,,v3 bulk hinglish3,"[""hinglish""]"
My workflow automation is showing incorrect data.,technical_support,false,,,,bulk addition 4,"[""standard""]"
Koi real person se baat karwao.,human_request,true,,,,hinglish human request,"[""hinglish"", ""escalation_positive"", ""human_request""]"
the folder structure has a bug that needs fixing.,technical_support,false,,,,v3 bulk tech3,"[""standard"", ""technical""]"
Not interested in purchasing right now.,pricing,false,,,,v3 negation,"[""negation""]"
Not asking for a refund but your service is terrible,complaint,false,,,,v3 multi-intent,"[""multi_intent""]"
Is there a tutorial for the workflow builder?,general_question,false,,,,v3 bulk gq,"[""standard""]"
mujhe enterprise plan ka demo chahiye,sales,false,,,,,"[""hinglish""]"
mera invoice me galti hai correct karo,pricing,false,,,,,"[""hinglish""]"
I can't update my profile information.,account_issue,false,,,,account issue,"[""standard"", ""account""]"
ur bot is dumm giv me reel person,human_request,true,,,,bulk addition 3,"[""noisy""]"
I'm evaluating your tool against two others. Help me choose.,sales,false,,,,bulk addition,"[""standard""]"
i paid for premium but got nthng help,account_issue,true,,,,bulk addition 5,"[""noisy""]"
aapki app par file upload nahi ho raha error de raha hai,technical_support,false,,,,v3 bulk hinglish3,"[""hinglish""]"
How long does it take to set up the import tool?,general_question,false,,,,v3 bulk gq,"[""standard""]"
This issue has financial implications that need to be addressed.,complaint,true,,,,v3 bulk esc+,"[""escalation_positive""]"
Do you offer different pricing tiers for audit trail?,pricing,false,,,,v3 bulk pricing2,"[""standard"", ""pricing""]"
I want to talk to an account manager.,sales,false,,,,bulk addition 3,"[""standard""]"
The search is returning results from deleted items.,technical_support,false,,,,bulk addition,"[""standard""]"
Team member account access nahi kar pa raha.,account_issue,false,,,,hinglish account issue,"[""hinglish""]"
What is the purpose of export options?,general_question,false,,,,v3 bulk gq2,"[""standard""]"
aapki team ka response time bahut slow hai improve karo,complaint,false,,,,v3 bulk hinglish,"[""hinglish""]"
Does it support multiple currencies?,product_question,false,,,,product feature question,"[""standard""]"
My user account was deleted erroneously and I need it back.,account_issue,true,,,,v3 bulk esc+3,"[""escalation_positive""]"
Where can I find documentation about two-factor authentication?,general_question,false,,,,bulk addition 4,"[""standard""]"
auto-responder is malfunctioning.,technical_support,false,,,,v3 bulk tech2,"[""standard"", ""technical""]"
Thank you for your help.,other,false,,,,bulk addition,"[""standard""]"
Bulk upload feature processes only 10 records at a time.,technical_support,false,,,,technical issue,"[""standard"", ""technical""]"
I don't want my money back. I just want answers.,general_question,false,,,,v3 negation,"[""negation""]"
This needs immediate attention. I'm losing revenue.,technical_support,true,,,,bulk addition 2,"[""escalation_positive""]"
Backup fail ho raha hai har raat.,technical_support,false,,,,hinglish technical support,"[""hinglish""]"
i wnt to buy your product but need info first,product_question,false,,,,v3 bulk noisy3,"[""noisy""]"
What's the early termination fee?,pricing,false,,,,bulk addition 3,"[""standard""]"
Don't transfer me anywhere. Just answer the question.,general_question,false,,,,v3 bulk esc-,"[""hard_negative_escalation""]"
Can we set up a trial for the full enterprise suite?,sales,false,,,,bulk addition,"[""standard""]"
The issue is already fixed on my end. Thanks.,technical_support,false,,,,v3 esc hard neg,"[""hard_negative_escalation"", ""resolution_state""]"
My deadline was yesterday. I need compensation.,complaint,true,,,,escalation hard positive,"[""escalation_positive"", ""hard_positive""]"
y is the dashbord so confusin,complaint,false,,,,v4 noisy,"[""noisy""]"
pehle aapki app slow thi but ab theek hai,technical_support,false,,,,v4 hinglish,"[""hinglish"", ""resolution_state""]"
Can I set up SLA rules?,product_question,false,,,,bulk addition,"[""standard""]"
batch processing stopped responding.,technical_support,false,,,,v3 bulk tech2,"[""standard"", ""technical""]"
auto-responder stopped responding.,technical_support,false,,,,v3 bulk tech2,"[""standard"", ""technical""]"
How do I configure privacy settings?,general_question,false,,,,v3 bulk gq3,"[""standard""]"
I am furious! But I'll handle it myself.,complaint,false,,,,bulk addition 3,"[""hard_negative_escalation""]"
Can you write a poem?,other,false,,,,other / off-topic,"[""standard"", ""other""]"
I want to upgrade but I also have a billing question.,sales,false,,,,bulk addition,"[""multi_intent""]"
How do I enable two-factor authentication?,general_question,false,,,,v3 confusion: general vs tech,"[""standard""]"
Hacked!,account_issue,true,,,,very short message,[]
Does your platform support SSO?,product_question,false,,,,v3 balance,"[""standard""]"
mujhe bulk payment ka option chahiye,product_question,false,,,,v3 bulk hinglish,"[""hinglish""]"
Bahut frustrating hai.,complaint,false,,,,hinglish complaint,"[""hinglish""]"
u guyz r scammers giv my mony bak,refund,true,,,,bulk addition 3,"[""noisy""]"
aapke yaha custom domain kitne ka milta hai,pricing,false,,,,v3 bulk hinglish3,"[""hinglish""]"
I'm furious about my billing and I want a refund,refund,true,,,,v3 multi-intent,"[""multi_intent""]"
the dashbord is to complicatd,complaint,false,,,,spelling/noisy text,"[""noisy""]"
mujhe training chahiye product ki kya facility hai,product_question,false,,,,,"[""hinglish""]"
The real-time updates feature seems to be broken.,technical_support,false,,,,v3 bulk tech2,"[""standard"", ""technical""]"
aapki service ki quality pehle acchi thi ab nahi,complaint,false,,,,,"[""hinglish""]"
Product khareedna hai. Kya process hai?,sales,false,,,,hinglish sales,"[""hinglish""]"
The search bar is broken after the latest update.,technical_support,false,,,,bulk addition 4,"[""standard""]"
I'm having trouble with The chart generator.,technical_support,false,,,,v3 bulk tech,"[""standard"", ""technical""]"
Do I pay extra for SSO integration?,pricing,false,,,,v3 bulk pricing,"[""standard"", ""pricing""]"
Nice UI design!,other,false,,,,v3 balance,"[""standard""]"
the export btn is greyed out i cant click it,technical_support,false,,,,v3 bulk noisy,"[""noisy""]"
What are the benefits of file sharing?,general_question,false,,,,v3 bulk gq,"[""standard""]"
the sort option has a bug that needs fixing.,technical_support,false,,,,v3 bulk tech3,"[""standard"", ""technical""]"
Good morning,other,false,,,,other / off-topic,"[""standard"", ""other""]"
Do you have a loyalty program for long-term customers?,general_question,false,,,,v3 balance,"[""standard""]"
Can you explain the workflow builder?,general_question,false,,,,v3 bulk gq,"[""standard""]"
How do I generate an invoice?,general_question,false,,,,general info question,"[""standard""]"
aapke yaha bulk SMS kitne ka hai,pricing,false,,,,v3 bulk hinglish,"[""hinglish""]"
Kya aapke yaha funnel analytics available hai?,product_question,false,,,,hinglish product question,"[""hinglish""]"
the search funtion is usless,technical_support,false,,,,bulk addition 3,"[""noisy""]"
my account got haxed,account_issue,true,,,,v3 noisy,"[""noisy""]"
The refund appeared in my account. Thanks for processing.,refund,false,,,,v3 bulk resolution,"[""resolution_state""]"
Meri report generate nahi ho rahi. Error aa raha hai.,technical_support,false,,,,hinglish example,"[""hinglish""]"
Talk to someone about pricing versus talk to sales.,pricing,false,,,,bulk addition 3,"[""confusion_pair""]"
my notifikashuns r not comin thru,technical_support,false,,,,bulk addition,"[""noisy""]"
My problem was fixed. Close this request.,technical_support,false,,,,v3 esc hard neg,"[""hard_negative_escalation"", ""resolution_state""]"
The problem is no longer happening,technical_support,false,,,,v3 negation,"[""negation"", ""resolution_state""]"
How do I contact support urgently?,general_question,false,,,,bulk addition,"[""standard""]"
Do not escalate this ticket. It's a simple question.,general_question,false,,,,v3 negation,"[""negation""]"
kya main apna billing cycle change kar sakta hu,pricing,false,,,,,"[""hinglish""]"
u overcharged me for the last 3 months fix it,pricing,true,,,,v3 bulk noisy3,"[""noisy""]"
No I don't need a call. Email is sufficient.,general_question,false,,,,v3 negation,"[""negation""]"
Please escalate to a human representative.,human_request,true,,,,human request,"[""escalation_positive"", ""human_request""]"
How do I export user data?,general_question,false,,,,general info question,"[""standard""]"
mujhe aapki service recommend karni hai kisi ko kaise kare,general_question,false,,,,,"[""hinglish""]"
What is the cost of the mobile app?,pricing,false,,,,v3 bulk pricing,"[""standard"", ""pricing""]"
This has financial reporting implications for our quarter close.,technical_support,true,,,,v3 bulk esc+,"[""escalation_positive""]"
i m gettin erors in my report,technical_support,false,,,,v3 noisy,"[""noisy""]"
refnd my mony or i su,refund,true,,,,v3 noisy,"[""noisy""]"
We have budget approval. Let's move forward.,sales,false,,,,bulk addition,"[""standard""]"
The PDF export keeps failing.,technical_support,false,,,,v3 bulk tech,"[""standard"", ""technical""]"
The form submission is returning 403 errors.,technical_support,false,,,,bulk addition 2,"[""standard""]"
aapki service ki pricing bahut confusing hai,pricing,false,,,,v3 bulk hinglish,"[""hinglish""]"
I need a root cause analysis for this recurring outage.,technical_support,true,,,,v3 bulk esc+,"[""escalation_positive""]"
Can the dashboard be disabled?,general_question,false,,,,bulk addition 4,"[""standard""]"
Do I pay extra for API access for 100k calls?,pricing,false,,,,bulk addition 4,"[""standard""]"
Setup fee hai kya?,pricing,false,,,,hinglish pricing,"[""hinglish""]"
Do you have a dedicated IP option?,product_question,false,,,,bulk addition 3,"[""standard""]"
I need information about user management.,general_question,false,,,,v3 bulk gq3,"[""standard""]"
How does the calendar sync work in your platform?,general_question,false,,,,v3 bulk gq,"[""standard""]"
Do you have video tutorials?,general_question,false,,,,general info question,"[""standard""]"
mujhe aapke product ki latest pricing bhejo,pricing,false,,,,v4 hinglish,"[""hinglish""]"
Do I need to configure the reporting module manually?,general_question,false,,,,bulk addition 4,"[""standard""]"
Let me speak to someone who understands my problem.,human_request,true,,,,v3 balance,"[""standard""]"
data export kaise kare?,general_question,false,,,,hinglish general question,"[""hinglish""]"
What's the pricing for SSO integration?,pricing,false,,,,bulk addition 4,"[""standard""]"
Aapki vajah se mera client loss ho raha hai. Ab legal action lunga.,complaint,true,,,,v3 bulk esc+,"[""escalation_positive"", ""hinglish""]"
mujhe aapke software mein custom field add karne hain,product_question,false,,,,v3 bulk hinglish,"[""hinglish""]"
Forget I said anything about being upset. I'm fine now.,complaint,false,,,,v3 bulk esc-,"[""hard_negative_escalation"", ""resolution_state""]"
Your documentation is outdated and inaccurate.,complaint,false,,,,bulk addition,"[""standard""]"
How much for API access for 100k calls?,pricing,false,,,,bulk addition 4,"[""standard""]"
I insist on speaking to a human agent.,human_request,true,,,,human request,"[""escalation_positive"", ""human_request""]"
mujhe aapke yaha par dedicated server chahiye,sales,false,,,,v4 hinglish,"[""hinglish""]"
Mai theek hu. Koi action mat lo.,general_question,false,,,,v3 bulk esc-,"[""hard_negative_escalation"", ""hinglish""]"
Please escalate to your highest level of support. This is critical.,human_request,true,,,,v3 esc hard pos,"[""escalation_positive""]"
How is custom integrations priced?,pricing,false,,,,v3 bulk pricing2,"[""standard"", ""pricing""]"
Can you guide me through activity tracking?,general_question,false,,,,v3 bulk gq3,"[""standard""]"
Don't call me about this. Email response is fine.,general_question,false,,,,v3 esc hard neg,"[""hard_negative_escalation""]"
I need information about subscription management.,general_question,false,,,,v3 bulk gq3,"[""standard""]"
How do I configure subscription management?,general_question,false,,,,v3 bulk gq3,"[""standard""]"
my invoice is rong,pricing,false,,,,spelling/noisy text,"[""noisy""]"
Are you selling this or just providing information?,general_question,false,,,,bulk addition,"[""confusion_pair""]"
mera account mein kuch settings theek nahi hain,account_issue,false,,,,v3 bulk hinglish,"[""hinglish""]"
The PDF export is not loading properly.,technical_support,false,,,,v3 bulk tech,"[""standard"", ""technical""]"
Does the premium plan have everything the pro plan has?,product_question,false,,,,v4 confusion,"[""confusion_pair""]"
I have an account issue and it's making me very angry.,account_issue,false,,,,multi-intent example,"[""multi_intent""]"
Can I set up recurring reports?,general_question,false,,,,bulk addition,"[""standard""]"
aapki app ki quality improve karo warna switch kar dunga,complaint,true,,,,,"[""hinglish""]"
I get an error when using The API endpoint.,technical_support,false,,,,bulk addition 4,"[""standard""]"
aapne mera annual plan ka amount galat liya,pricing,true,,,,v3 bulk hinglish,"[""hinglish""]"
I'm having trouble with File upload.,technical_support,false,,,,v3 bulk tech,"[""standard"", ""technical""]"
The data table freezes when I scroll.,technical_support,false,,,,bulk addition 3,"[""standard""]"
Multiple users in my organization are affected by this bug.,technical_support,true,,,,v3 bulk esc+,"[""escalation_positive""]"
Mujhe call karo. Bot se baat nahi karni.,human_request,true,,,,hinglish human request,"[""hinglish"", ""escalation_positive"", ""human_request""]"
My sub-accounts are not visible after upgrade.,account_issue,false,,,,account issue,"[""standard"", ""account""]"
I was wrong. Your service is fine.,complaint,false,,,,bulk addition 5,"[""hard_negative_escalation""]"
Cannot resize columns in the data table.,technical_support,false,,,,bulk addition 3,"[""standard""]"
Can I speak to technical support about my account?,account_issue,false,,,,bulk addition,"[""confusion_pair""]"
The login page is broken after the latest update.,technical_support,false,,,,v3 bulk tech,"[""standard"", ""technical""]"
Do you charge per seat or flat rate?,pricing,false,,,,pricing question,"[""standard"", ""pricing""]"
I don't want to speak to a manager. You answered my question.,general_question,false,,,,v3 esc hard neg,"[""hard_negative_escalation""]"
ur premium plan is way overpriced,pricing,false,,,,bulk addition 5,"[""noisy""]"
10 aur seats add karni hain.,sales,false,,,,hinglish sales,"[""hinglish""]"
Pricing monthly hai ya yearly?,pricing,false,,,,hinglish pricing,"[""hinglish""]"
Do you charge for migrations?,pricing,false,,,,bulk addition 3,"[""standard""]"
ur support team is usless they never help,complaint,false,,,,bulk addition 2,"[""noisy""]"
I get an error when using The PDF export.,technical_support,false,,,,v3 bulk tech,"[""standard"", ""technical""]"
Enterprise features ka walkthrough chahiye.,sales,false,,,,hinglish sales,"[""hinglish""]"
I'm angry about my account issue but I don't need anyone to call me.,account_issue,false,,,,multi-intent example,"[""multi_intent""]"
Nobody needs to follow up. I'll manage.,general_question,false,,,,escalation hard negative,"[""hard_negative_escalation""]"
I need to buy but I'm locked out of my account.,sales,true,,,,bulk addition 3,"[""multi_intent""]"
Kya aap Hindi mein support dete ho?,general_question,false,,,,bulk addition,"[""hinglish""]"
the feature i need is not availabl,product_question,false,,,,v4 noisy,"[""noisy""]"
Har baar same problem. Koi fix nahi karta.,complaint,false,,,,hinglish complaint,"[""hinglish""]"
Where can I find documentation about the analytics dashboard?,general_question,false,,,,v3 bulk gq,"[""standard""]"
Your export function is completely unreliable,complaint,false,,,,v3 bulk confusion,"[""standard""]"
My business operations are halted because of you.,technical_support,true,,,,bulk addition 2,"[""escalation_positive""]"
I do not want this to be escalated to management.,general_question,false,,,,v3 bulk esc-,"[""hard_negative_escalation""]"
the export buttin does nothng,technical_support,false,,,,spelling/noisy text,"[""noisy""]"
Wow,other,false,,,,very short message,[]
aapne mujhe wrong currency mein bill kiya,pricing,true,,,,,"[""hinglish""]"
Does your software have a mobile SDK?,product_question,false,,,,product feature question,"[""standard""]"
What is the cost of SSO integration?,pricing,false,,,,v3 bulk pricing,"[""standard"", ""pricing""]"
Deadline miss ho jayegi. Please koi help karo.,technical_support,true,,,,escalation hard positive,"[""escalation_positive"", ""hard_positive""]"
What are the costs for API access?,pricing,false,,,,pricing question,"[""standard"", ""pricing""]"
Email delivery is showing incorrect data.,technical_support,false,,,,bulk addition 4,"[""standard""]"
Can I use the platform offline?,general_question,false,,,,bulk addition,"[""standard""]"
mera API integration kaam nahi kar raha help karo,technical_support,false,,,,v3 bulk hinglish3,"[""hinglish""]"
"Bas price batao, koi call mat karo",pricing,false,,,,,"[""hinglish"", ""hard_negative_escalation""]"
No escalation. Simple thing. Don't overcomplicate it.,general_question,false,,,,v3 bulk esc-3,"[""hard_negative_escalation""]"
What's the pricing for the mobile app?,pricing,false,,,,bulk addition 4,"[""standard""]"
mujhe aapki service ka refund chahiye,refund,true,,,,v4 hinglish,"[""hinglish""]"
this websit is so slo its anoyin,technical_support,false,,,,bulk addition,"[""noisy""]"
mera payment ka refund kab tak aayega,refund,true,,,,v4 hinglish,"[""hinglish""]"
mujhe senior se baat karni hai urgent,human_request,true,,,,,"[""hinglish""]"
My account is showing as inactive even though I'm paying.,account_issue,false,,,,account issue,"[""standard"", ""account""]"
Data export is not working.,technical_support,false,,,,bulk addition 4,"[""standard""]"
Is there a tutorial for role management?,general_question,false,,,,v3 bulk gq,"[""standard""]"
How do you handle data privacy?,general_question,false,,,,v3 balance,"[""standard""]"
Is there a tutorial for team management?,general_question,false,,,,v3 bulk gq,"[""standard""]"
How do I set up activity logs?,general_question,false,,,,v3 bulk gq2,"[""standard""]"
Switch me to the enterprise plan immediately.,sales,false,,,,v3 info vs action,"[""standard""]"
Can I export data in JSON format?,product_question,false,,,,v3 balance,"[""standard""]"
aapki app storage bahut le rahi hai phone mein,technical_support,false,,,,,"[""hinglish""]"
Not urgent. Just let me know when you have an answer.,general_question,false,,,,v3 esc hard neg,"[""hard_negative_escalation""]"
Please process my refund request.,refund,true,,,,refund demand,"[""escalation_positive"", ""refund""]"
What do I need to know about content scheduling?,general_question,false,,,,v3 bulk gq,"[""standard""]"
Your app keeps crashing and I want to speak to someone.,technical_support,true,,,,v3 bulk multi3,"[""multi_intent""]"
Can you help me fix The drag and drop editor?,technical_support,false,,,,v3 bulk tech,"[""standard"", ""technical""]"
my accnt details were changed without my knwledge,account_issue,true,,,,v3 bulk noisy3,"[""noisy""]"
What currency are prices in?,pricing,false,,,,pricing question,"[""standard"", ""pricing""]"
I'm not going to explain this to another bot. Human now.,human_request,true,,,,v3 balance,"[""standard""]"
I'm not asking for help. Just letting you know about a bug.,technical_support,false,,,,bulk addition,"[""hard_negative_escalation""]"
mujhe aapke yaha auto-generated invoice chahiye,general_question,false,,,,v3 bulk hinglish3,"[""hinglish""]"
i cnt chanj my plan on the websit,sales,false,,,,v3 bulk noisy,"[""noisy""]"
My business is suffering because of your incompetence.,complaint,true,,,,escalation hard positive,"[""escalation_positive"", ""hard_positive""]"
This is the worst customer experience I've had.,complaint,false,,,,general complaint,"[""standard"", ""complaint""]"
The CSV importer is broken after the latest update.,technical_support,false,,,,bulk addition 4,"[""standard""]"
Please do not contact me. I will reach out if needed.,general_question,false,,,,v3 bulk esc-3,"[""hard_negative_escalation""]"
the color picker has a bug that needs fixing.,technical_support,false,,,,v3 bulk tech3,"[""standard"", ""technical""]"
u guys chargrd me twise,refund,true,,,,spelling/noisy text,"[""noisy""]"
Are you a bot or a human?,other,false,,,,bulk addition 2,"[""confusion_pair""]"
This is a production down scenario. Page the on-call team.,technical_support,true,,,,v3 bulk esc+,"[""escalation_positive""]"
mera support ticket ka status kya hai,general_question,false,,,,v4 hinglish,"[""hinglish""]"
Does your platform support webhooks?,product_question,false,,,,bulk addition 2,"[""standard""]"
Mujhe apne account mein help chahiye. Price batao.,pricing,false,,,,confusion pair example,"[""confusion_pair""]"
Aapki app ki quality improve karo.,complaint,false,,,,bulk addition 3,"[""hinglish""]"
Can I integrate with Shopify?,product_question,false,,,,product feature question,"[""standard""]"
ur premium plan is way overpriced for what u offer,pricing,false,,,,v3 bulk noisy,"[""noisy""]"
Can I cancel anytime?,general_question,false,,,,general info question,"[""standard""]"
How long does it take to set up team management?,general_question,false,,,,v3 bulk gq,"[""standard""]"
How does auto-renewal affect my account?,general_question,false,,,,v3 bulk gq2,"[""standard""]"
Mujhe refund aur technical support dono chahiye.,refund,true,,,,bulk addition 2,"[""multi_intent""]"
You guys have gone downhill significantly.,complaint,false,,,,bulk addition 3,"[""standard""]"
Mujhe weekly backup chahiye. Possible hai?,product_question,false,,,,bulk addition 3,"[""hinglish""]"
What is the cost of white labeling?,pricing,false,,,,v3 bulk pricing,"[""standard"", ""pricing""]"
mujhe team ke saath workspace share karna hai,general_question,false,,,,v3 bulk hinglish,"[""hinglish""]"
How do I contact support?,general_question,false,,,,general info question,"[""standard""]"
pls refund my mony i need it urgent,refund,true,,,,v3 noisy,"[""noisy""]"
Namaste,other,false,,,,other / off-topic,"[""standard"", ""other""]"
How does performance monitoring work in your platform?,general_question,false,,,,v3 bulk gq,"[""standard""]"
I require written confirmation of the steps you will take.,complaint,true,,,,v3 bulk esc+,"[""escalation_positive""]"
What should I know about activity tracking?,general_question,false,,,,v3 bulk gq3,"[""standard""]"
aapki service band kar raha hu refund do warna legal action,refund,true,,,,,"[""hinglish""]"
Yeh mera business affect kar raha hai.,complaint,true,,,,escalation hard positive,"[""escalation_positive"", ""hard_positive""]"
kya aapke yaha setup fee hai,pricing,false,,,,,"[""hinglish""]"
What is the annual cost for 100 users?,pricing,false,,,,v3 bulk confusion,"[""standard""]"
Is it possible to visit your office?,general_question,false,,,,bulk addition 3,"[""standard""]"
How does real-time sync work in your platform?,general_question,false,,,,bulk addition 4,"[""standard""]"
custom reports bana sakte hain?,product_question,false,,,,hinglish product question,"[""hinglish""]"
What is the cost of custom reporting?,pricing,false,,,,bulk addition 4,"[""standard""]"
Can I self-host your software?,general_question,false,,,,general info question,"[""standard""]"
The knowledge base search feature seems to be broken.,technical_support,false,,,,v3 bulk tech2,"[""standard"", ""technical""]"
Mujhe refund chahiye aur human se baat karni hai.,refund,true,,,,bulk addition 3,"[""multi_intent""]"
What should I know about data sharing?,general_question,false,,,,v3 bulk gq3,"[""standard""]"
notification settings kahan hai?,general_question,false,,,,hinglish general question,"[""hinglish""]"
Your customer service is non-existent.,complaint,false,,,,bulk addition,"[""standard""]"
Bilkul bekar service.,complaint,false,,,,hinglish complaint,"[""hinglish""]"
The chart generator is not working.,technical_support,false,,,,v3 bulk tech,"[""standard"", ""technical""]"
I already spoke to someone. All good. Close the ticket.,general_question,false,,,,v3 esc hard neg,"[""hard_negative_escalation"", ""resolution_state""]"
Can I schedule backups automatically?,general_question,false,,,,bulk addition 2,"[""standard""]"
I know I mentioned refund but I don't want one. Just explaining my situation.,complaint,false,,,,v3 esc hard neg,"[""hard_negative_escalation"", ""negation""]"
mujhe aapke software ka trial extend karna hai,sales,false,,,,v3 bulk hinglish3,"[""hinglish""]"
Tell me about pricing for audit trail.,pricing,false,,,,v3 bulk pricing2,"[""standard"", ""pricing""]"
What are the costs associated with data migration?,pricing,false,,,,v3 bulk pricing2,"[""standard"", ""pricing""]"
API key suddenly stop ho gaya.,technical_support,false,,,,hinglish technical support,"[""hinglish""]"
aapke yaha kaunsa payment gateway use hota hai,general_question,false,,,,,"[""hinglish""]"
I've been transferred between three agents with no resolution.,complaint,true,,,,v3 esc hard pos,"[""escalation_positive""]"
Just testing your support system. No issue here.,other,false,,,,escalation hard negative,"[""hard_negative_escalation""]"
What is your data backup frequency?,general_question,false,,,,bulk addition,"[""standard""]"
the sidebar navigation has a bug that needs fixing.,technical_support,false,,,,v3 bulk tech3,"[""standard"", ""technical""]"
I need senior management to intervene in this matter.,human_request,true,,,,bulk addition,"[""escalation_positive""]"
What is the pricing for education?,pricing,false,,,,bulk addition,"[""standard""]"
This is the final warning before I take legal steps.,complaint,true,,,,bulk addition 5,"[""escalation_positive""]"
My data was exposed due to your security flaw.,account_issue,true,,,,bulk addition 3,"[""escalation_positive""]"
Is custom reporting included in the base price?,pricing,false,,,,v3 bulk pricing,"[""standard"", ""pricing""]"
The The notification system feature is causing errors.,technical_support,false,,,,bulk addition 4,"[""standard""]"
Do you offer a product tour?,product_question,false,,,,v3 balance,"[""standard""]"
Can backup be disabled?,general_question,false,,,,bulk addition 4,"[""standard""]"
mujhe aapke yaha dedicated account manager chahiye,sales,false,,,,v3 bulk hinglish3,"[""hinglish""]"
I'm documenting this entire conversation for my attorney.,complaint,true,,,,bulk addition 5,"[""escalation_positive""]"
the calender sync is not wrking,technical_support,false,,,,v4 noisy,"[""noisy""]"
No need to call. Just reply here when you can.,general_question,false,,,,v3 esc hard neg,"[""hard_negative_escalation""]"
Refund request.,refund,true,,,,v4 short,"[""standard""]"
Refund has been pending for 10 business days.,refund,true,,,,bulk addition 3,"[""standard""]"
need a human to call me urgent,human_request,true,,,,v4 noisy,"[""noisy""]"
The chart generator is not loading properly.,technical_support,false,,,,v3 bulk tech,"[""standard"", ""technical""]"
"Don't refund me, just explain the policy",general_question,false,,,,v3 negation,"[""negation""]"
aapne mera account suspend kar diya kyun,account_issue,true,,,,,"[""hinglish""]"
Do you charge for data storage separately?,pricing,false,,,,v3 balance,"[""standard""]"
Mujhe bulk SMS feature chahiye. Hai kya?,product_question,false,,,,hinglish example,"[""hinglish""]"
How do I connect my Slack workspace?,general_question,false,,,,bulk addition 5,"[""standard""]"
Shame on you for delivering such poor quality.,complaint,false,,,,general complaint,"[""standard"", ""complaint""]"
File upload limit is stuck at 0 bytes.,technical_support,false,,,,technical issue,"[""standard"", ""technical""]"
Iska use kya hai?,general_question,false,,,,hinglish general question,"[""hinglish""]"
I need a human to explain the features and pricing to me,sales,false,,,,v3 multi-intent,"[""multi_intent""]"
kya premium plan mein API access milta hai?,product_question,false,,,,hinglish product question,"[""hinglish""]"
mera account ka 2FA setup nahi ho raha,account_issue,false,,,,v3 bulk hinglish,"[""hinglish""]"
How do I set up email forwarding?,general_question,false,,,,general info question,"[""standard""]"
Can I import my data from another tool?,general_question,false,,,,bulk addition,"[""standard""]"
i paid but not gettin acsess,account_issue,true,,,,v3 noisy,"[""noisy""]"
What kind of products do you offer?,general_question,false,,,,v3 confusion: product vs general,"[""standard""]"
Is there a tutorial for audit logging?,general_question,false,,,,v3 bulk gq,"[""standard""]"
Thanks for checking in but I resolved it myself.,technical_support,false,,,,v3 bulk esc-,"[""hard_negative_escalation"", ""resolution_state""]"
What is your uptime guarantee?,general_question,false,,,,general info question,"[""standard""]"
I need an engineer to look at this immediately.,technical_support,true,,,,v3 bulk esc+,"[""escalation_positive""]"
Please set up 100 users on the annual enterprise plan,sales,false,,,,v3 bulk confusion,"[""standard""]"
kya aapke yaha student discount milta hai,pricing,false,,,,,"[""hinglish""]"
i hat u guys ur service is the worst evr,complaint,false,,,,bulk addition 2,"[""noisy""]"
How does the workflow builder work in your platform?,general_question,false,,,,v3 bulk gq,"[""standard""]"
Don't call me. I'm just browsing your pricing.,pricing,false,,,,escalation hard negative,"[""hard_negative_escalation""]"
aapki app ka customer support number do,general_question,false,,,,v3 bulk hinglish,"[""hinglish""]"
Do not escalate. This is not a support issue. Just feedback.,complaint,false,,,,v3 bulk esc-3,"[""hard_negative_escalation""]"
Don't worry about this. I'll handle it.,general_question,false,,,,v3 negation,"[""negation""]"
i am not able to acces my acc,account_issue,false,,,,v3 noisy,"[""noisy""]"
Kya mai WhatsApp se bhi support le sakta hu?,general_question,false,,,,hinglish example,"[""hinglish""]"
the search bar is not showin results,technical_support,false,,,,v4 noisy,"[""noisy""]"
What integrations do you support?,general_question,false,,,,general info question,"[""standard""]"
How does backup work in your platform?,general_question,false,,,,v3 bulk gq,"[""standard""]"
Is extra storage included in the base price?,pricing,false,,,,bulk addition 4,"[""standard""]"
Is the template system available in all plans?,general_question,false,,,,bulk addition 4,"[""standard""]"
Complaint about pricing and request for refund.,refund,true,,,,v3 bulk multi,"[""multi_intent""]"
What do I need to know about multi-factor auth?,general_question,false,,,,v3 bulk gq,"[""standard""]"
Stop ignoring my requests. Human now.,human_request,true,,,,bulk addition 3,"[""standard""]"
The dashboard is showing data from another user's account,technical_support,true,,,,v3 confusion: account vs tech,"[""standard""]"
There is a data discrepancy that could affect our audit.,technical_support,true,,,,v3 esc hard pos,"[""escalation_positive""]"
Does your tool offer predictive analytics?,product_question,false,,,,product feature question,"[""standard""]"
Is there a cancellation fee?,pricing,false,,,,pricing question,"[""standard"", ""pricing""]"
I need top priority handling for this security issue.,account_issue,true,,,,bulk addition 2,"[""escalation_positive""]"
Much appreciated!,other,false,,,,bulk addition,"[""standard""]"
ur team is useless never reply,complaint,true,,,,v4 noisy,"[""noisy""]"
How is team collaboration priced?,pricing,false,,,,v3 bulk pricing2,"[""standard"", ""pricing""]"
Mai purchase karna chahta hu.,sales,false,,,,hinglish sales,"[""hinglish""]"
aapki app ka dark mode kab aayega,product_question,false,,,,v3 bulk hinglish,"[""hinglish""]"
Need a quote for 200 users annual.,sales,false,,,,bulk addition 3,"[""standard""]"
aapke integration se hame bahut help mili,other,false,,,,v3 bulk hinglish,"[""hinglish""]"
maine galati se account delete kar diya recover karo,account_issue,true,,,,,"[""hinglish""]"
I need an exception to your standard procedure for this case.,human_request,true,,,,v3 bulk esc+,"[""escalation_positive""]"
Earlier I was frustrated but everything works now. No action needed.,complaint,false,,,,v3 esc hard neg,"[""hard_negative_escalation"", ""resolution_state""]"
aapne mujhe wrong invoice bheja hai dobara bhejo,pricing,false,,,,v3 bulk hinglish3,"[""hinglish""]"
What is the cost per additional user?,pricing,false,,,,pricing question,"[""standard"", ""pricing""]"
What are your business hours?,general_question,false,,,,general info question,"[""standard""]"
Is there a way to notification preferences?,general_question,false,,,,v3 bulk gq2,"[""standard""]"
The backup system is not loading properly.,technical_support,false,,,,v3 bulk tech,"[""standard"", ""technical""]"
How does content scheduling work in your platform?,general_question,false,,,,v3 bulk gq,"[""standard""]"
Mujhe annual plan ka quote bhejo.,sales,false,,,,bulk addition,"[""hinglish""]"
I appreciate your quick response!,other,false,,,,bulk addition 5,"[""standard""]"
Don't worry about this. I'll figure it out myself.,general_question,false,,,,v3 bulk esc-,"[""hard_negative_escalation""]"
aapki app mein koi bug hai fix karo jaldi,technical_support,false,,,,v4 hinglish,"[""hinglish""]"
How does your product compare to competitors?,product_question,false,,,,confusion pair example,"[""confusion_pair""]"
aapki app ka performance bahut slow hai,technical_support,false,,,,v4 hinglish,"[""hinglish""]"
I said I wanted a refund earlier but I've changed my mind. Don't process it.,refund,false,,,,v3 esc hard neg,"[""hard_negative_escalation""]"
Mai regular customer hu. Mujhe priority support do.,sales,false,,,,hinglish example,"[""hinglish""]"
Please expedite my account setup.,sales,false,,,,bulk addition,"[""standard""]"
password kaise reset kare?,general_question,false,,,,general info question,"[""standard""]"
No need for a callback. I'm satisfied with the answer.,general_question,false,,,,v3 bulk esc-,"[""hard_negative_escalation""]"
The CSV importer keeps failing.,technical_support,false,,,,v3 bulk tech,"[""standard"", ""technical""]"
aapki app mein bahut bugs hain fix karo,complaint,false,,,,v3 bulk hinglish,"[""hinglish""]"
aapka software kaise use kare koi tutorial hai,general_question,false,,,,v4 hinglish,"[""hinglish""]"
What is the purpose of account recovery?,general_question,false,,,,v3 bulk gq2,"[""standard""]"
mujhe product demo chahiye,sales,false,,,,,"[""hinglish""]"
Locked out,account_issue,true,,,,very short message,[]
The bulk editor is not working.,technical_support,false,,,,v3 bulk tech,"[""standard"", ""technical""]"
How do I configure the contact directory?,general_question,false,,,,v3 bulk gq3,"[""standard""]"
What are the benefits of the dashboard?,general_question,false,,,,v3 bulk gq,"[""standard""]"
Mai competitor se switch karna chahta hu.,sales,false,,,,hinglish sales,"[""hinglish""]"
"I don't need a human, just tell me how to fix this",technical_support,false,,,,v3 negation,"[""negation""]"
Kya koi setup cost hai?,pricing,false,,,,hinglish pricing,"[""hinglish""]"
The workaround you suggested does not work for my use case.,technical_support,true,,,,v3 bulk esc+,"[""escalation_positive""]"
I'm stuck on the verification step for days.,account_issue,false,,,,account issue,"[""standard"", ""account""]"
The mobile app is showing incorrect data.,technical_support,false,,,,bulk addition 4,"[""standard""]"
i want 2 canc3l my plan,sales,false,,,,v3 noisy,"[""noisy""]"
Is end-to-end encryption available in the basic plan?,product_question,false,,,,v3 confusion: product vs general,"[""standard""]"
"I would like to take a moment to express my deep disappointment with the level of service I have received over the past few weeks. I signed up for your enterprise plan which cost me a significant amount of money and I expected a certain level of quality and reliability. Unfortunately, what I got was frequent downtimes, slow loading speeds, and when I reached out to support, I received generic copy-paste responses that didn't address my specific concerns. I have spoken to three different agents and each one gave me a different answer. This is not what I signed up for and I am considering moving my entire business to a competitor if this is not resolved immediately. I expect a senior manager to contact me within 24 hours.",complaint,true,,,,long message,"[""long""]"
the installer is failng every time i try,technical_support,false,,,,v3 bulk noisy3,"[""noisy""]"
Can you fix the mobile app? It closes immediately on launch,technical_support,false,,,,v3 confusion: tech vs complaint,"[""standard""]"
How do I invite team members?,general_question,false,,,,general info question,"[""standard""]"
How does role management work in your platform?,general_question,false,,,,v3 bulk gq,"[""standard""]"
I don't want a refund anymore. Cancel my request.,refund,false,,,,v3 multi-intent,"[""multi_intent"", ""negation""]"
i wnt a humen to hlp me with my accnt,human_request,true,,,,v3 bulk noisy,"[""noisy""]"
I'm having trouble with Data export.,technical_support,false,,,,bulk addition 4,"[""standard""]"
the butns on the dashboard r not clicable,technical_support,false,,,,v3 bulk noisy,"[""noisy""]"
Your support is consistently slow and unhelpful.,complaint,false,,,,bulk addition,"[""standard""]"
What are the benefits of the analytics dashboard?,general_question,false,,,,v3 bulk gq,"[""standard""]"
You lost a customer today.,complaint,false,,,,general complaint,"[""standard"", ""complaint""]"
The PDF export is broken after the latest update.,technical_support,false,,,,v3 bulk tech,"[""standard"", ""technical""]"
Can you help me fix The backup system?,technical_support,false,,,,v3 bulk tech,"[""standard"", ""technical""]"
Extra storage ka kya charge hai?,pricing,false,,,,hinglish pricing,"[""hinglish""]"
The drag and drop editor is showing incorrect data.,technical_support,false,,,,v3 bulk tech,"[""standard"", ""technical""]"
Refund!,refund,true,,,,very short message,[]
hw do i get a refund for the last month,refund,false,,,,v3 bulk noisy3,"[""noisy""]"
This is both a refund request and a complaint about service.,refund,true,,,,bulk addition 3,"[""confusion_pair""]"
mera payment method add nahi ho raha,account_issue,false,,,,,"[""hinglish""]"
I need information about team collaboration.,general_question,false,,,,v3 bulk gq3,"[""standard""]"
the timeline view is giving me trouble.,technical_support,false,,,,v3 bulk tech3,"[""standard"", ""technical""]"
I don't need help anymore. Figured it out.,technical_support,false,,,,v3 negation,"[""negation"", ""resolution_state""]"
Account security question not working.,account_issue,false,,,,account issue,"[""standard"", ""account""]"
plz hlp my accnt is locked,account_issue,true,,,,v3 noisy,"[""noisy""]"
Please don't call me for feedback or anything else.,general_question,false,,,,v3 negation,"[""negation""]"
You owe me $299. Refund it now.,refund,true,,,,bulk addition 2,"[""standard""]"
the calendar view is giving me trouble.,technical_support,false,,,,v3 bulk tech3,"[""standard"", ""technical""]"
ur app keeps crshing i m frustratd,complaint,true,,,,v4 noisy,"[""noisy""]"
mujhe product ke baare mein jaankari chahiye,general_question,false,,,,,"[""hinglish""]"
How old are you?,other,false,,,,other / off-topic,"[""standard"", ""other""]"
mujhe bulk email feature chahiye kya aapke paas hai,product_question,false,,,,,"[""hinglish""]"
The mobile app stopped working suddenly.,technical_support,false,,,,bulk addition 4,"[""standard""]"
Two-factor authentication code delivery is delayed.,technical_support,false,,,,technical issue,"[""standard"", ""technical""]"
I need information about security options.,general_question,false,,,,v3 bulk gq3,"[""standard""]"
Can I integrate with Jira?,product_question,false,,,,bulk addition,"[""standard""]"
What do I need to know about the reporting module?,general_question,false,,,,v3 bulk gq,"[""standard""]"
i forgat my pasword and the reset link is not wrking,account_issue,false,,,,v3 bulk noisy,"[""noisy""]"
I get an error when using The mobile app.,technical_support,false,,,,bulk addition 4,"[""standard""]"
Is SSO integration included in the base price?,pricing,false,,,,bulk addition 4,"[""standard""]"
i m havin truble with 2FA setup,technical_support,false,,,,v3 bulk noisy,"[""noisy""]"
pls help me my billing is rong,pricing,false,,,,v3 bulk noisy,"[""noisy""]"
Can you help me fix The PDF export?,technical_support,false,,,,v3 bulk tech,"[""standard"", ""technical""]"
Your automated replies are not solving my specific situation.,technical_support,true,,,,v3 bulk esc+,"[""escalation_positive""]"
Forget about it. I handled it differently.,general_question,false,,,,v3 esc hard neg,"[""hard_negative_escalation""]"
ur websit is not loadin on my fone,technical_support,false,,,,bulk addition 2,"[""noisy""]"
Is there a limit on API calls?,general_question,false,,,,general info question,"[""standard""]"
Kya aapke plans mein GST included hai?,pricing,false,,,,hinglish example,"[""hinglish""]"
The calendar sync is not working.,technical_support,false,,,,bulk addition 4,"[""standard""]"
My account was hacked. Someone changed my password.,account_issue,false,,,,account issue,"[""standard"", ""account""]"
i m gettin eror code 500,technical_support,false,,,,spelling/noisy text,"[""noisy""]"
Mera poora kaam ruka hai. Yeh urgent hai. Koi action lo.,technical_support,true,,,,v3 bulk esc+,"[""escalation_positive"", ""hinglish""]"
mujhe koi SMS notification nahi aa raha,technical_support,false,,,,,"[""hinglish""]"
File upload is broken after the latest update.,technical_support,false,,,,bulk addition 4,"[""standard""]"
Is pricing per month or per year?,pricing,false,,,,pricing question,"[""standard"", ""pricing""]"
The sort functionality feature seems to be broken.,technical_support,false,,,,v3 bulk tech2,"[""standard"", ""technical""]"
My account is acting weird and I'm thinking of canceling.,account_issue,false,,,,v3 bulk multi,"[""multi_intent""]"
What do I need to know about custom fields?,general_question,false,,,,bulk addition 4,"[""standard""]"
Do I need to configure the import tool manually?,general_question,false,,,,bulk addition 4,"[""standard""]"
aapne mujhe galat plan recommend kiya tha,complaint,false,,,,v3 bulk hinglish3,"[""hinglish""]"
aapki team ka behavior bahut professional hai,other,false,,,,v4 hinglish,"[""hinglish""]"
File upload is showing incorrect data.,technical_support,false,,,,v3 bulk tech,"[""standard"", ""technical""]"
aapne mujhe refund ka confirmation nahi bheja,refund,false,,,,,"[""hinglish""]"
This is the most frustrating experience.,complaint,false,,,,bulk addition 3,"[""standard""]"
Tell me about pricing for data storage.,pricing,false,,,,v3 bulk pricing2,"[""standard"", ""pricing""]"
I need help with my bill and I'm upset.,pricing,false,,,,bulk addition 2,"[""confusion_pair""]"
Can you recommend a good movie?,other,false,,,,other / off-topic,"[""standard"", ""other""]"
I have a deadline in 2 hours and I can't access my files.,technical_support,true,,,,v3 esc hard pos,"[""escalation_positive""]"
Mera kaam ruka hua hai. Please jaldi help karo.,technical_support,true,,,,hinglish example,"[""hinglish""]"
Can you help me fix The calendar sync?,technical_support,false,,,,v3 bulk tech,"[""standard"", ""technical""]"
the sort option is giving me trouble.,technical_support,false,,,,v3 bulk tech3,"[""standard"", ""technical""]"
Is this a sales inquiry or just product info?,general_question,false,,,,bulk addition,"[""confusion_pair""]"
Auto-save feature kaam nahi kar raha.,technical_support,false,,,,hinglish technical support,"[""hinglish""]"
Can I control who sees what in my account?,general_question,false,,,,v3 confusion: product vs general,"[""standard""]"
Your service is bad but please don't contact me about it.,complaint,false,,,,escalation hard negative,"[""hard_negative_escalation""]"
I'd like to get started with the enterprise plan,sales,false,,,,v3 confusion: pricing vs sales,"[""standard""]"
Push notifications are delayed by 30 minutes.,technical_support,false,,,,bulk addition 3,"[""standard""]"
The The template preview feature is causing errors.,technical_support,false,,,,bulk addition 4,"[""standard""]"
I want to upgrade but I'm also locked out of my account.,sales,true,,,,v3 bulk multi3,"[""multi_intent""]"
I am unable to use the grid view correctly.,technical_support,false,,,,v3 bulk tech3,"[""standard"", ""technical""]"
I was going to complain but now I just want my money back,refund,true,,,,v3 multi-intent,"[""multi_intent""]"
Account verification failed multiple times.,account_issue,false,,,,account issue,"[""standard"", ""account""]"
Not a request for help. Just giving feedback.,complaint,false,,,,v4 esc-,"[""hard_negative_escalation""]"
Turns out I was wrong. Your platform works perfectly.,technical_support,false,,,,v3 bulk esc-,"[""hard_negative_escalation"", ""resolution_state""]"
hw do i get in tuch with sals,sales,false,,,,v3 noisy,"[""noisy""]"
how do i get in touch with sals,sales,false,,,,spelling/noisy text,"[""noisy""]"
my invoice is rong pls fix,pricing,false,,,,v3 bulk noisy,"[""noisy""]"
Can the reporting module be disabled?,general_question,false,,,,bulk addition 4,"[""standard""]"
how 2 add mor storag to my plan,pricing,false,,,,bulk addition 2,"[""noisy""]"
Where can I find documentation about content scheduling?,general_question,false,,,,v3 bulk gq,"[""standard""]"
mujhe aapke yaha payroll integration chahiye,product_question,false,,,,,"[""hinglish""]"
Explain the steps to reset my password.,general_question,false,,,,v3 bulk infoact,"[""standard""]"
Can someone explain why I was charged?,pricing,false,,,,bulk addition,"[""confusion_pair""]"
Refund request for the annual subscription I just paid.,refund,true,,,,bulk addition,"[""standard""]"
Can I call someone directly?,human_request,true,,,,human request,"[""escalation_positive"", ""human_request""]"
I need both account recovery and a human on the line.,account_issue,true,,,,bulk addition 2,"[""multi_intent""]"
Images aren't rendering properly in reports.,technical_support,false,,,,technical issue,"[""standard"", ""technical""]"
How is API calls priced?,pricing,false,,,,v3 bulk pricing2,"[""standard"", ""pricing""]"
This is extremely disappointing for a paid service.,complaint,false,,,,bulk addition,"[""standard""]"
Is there a status page for outages?,general_question,false,,,,general info question,"[""standard""]"
how 2 get a refnd i need it urgent,refund,true,,,,bulk addition 5,"[""noisy""]"
ur app is too complic8ed simplify it,complaint,false,,,,v3 bulk noisy,"[""noisy""]"
What do I need to know about role management?,general_question,false,,,,bulk addition 4,"[""standard""]"
hw do i connect ur app to my email,general_question,false,,,,v3 bulk noisy3,"[""noisy""]"
What is the timeline for refund processing?,refund,false,,,,v3 balance,"[""standard""]"
What is the cost per user for the enterprise tier?,pricing,false,,,,v3 balance,"[""standard""]"
Pricing to theek hai but product features ke baare mein batao,product_question,false,,,,v3 multi-intent hinglish,"[""multi_intent"", ""hinglish""]"
How long does it take to set up user permissions?,general_question,false,,,,bulk addition 4,"[""standard""]"
I was charged for a plan I never signed up for. Refund now.,refund,true,,,,v3 balance,"[""standard""]"
File upload is not working.,technical_support,false,,,,v3 bulk tech,"[""standard"", ""technical""]"
aapne mujhe overcharge kiya hai check karo,pricing,true,,,,,"[""hinglish""]"
i want my mony back its been 10 dys,refund,true,,,,v3 bulk noisy,"[""noisy""]"
How does the auto-renewal work?,general_question,false,,,,v3 info vs action,"[""standard""]"
Login failed.,account_issue,false,,,,v4 short,"[""standard""]"
kya aapke yaha volume discount available hai 50 users ke liye,sales,false,,,,,"[""hinglish""]"
How do I set up account recovery?,general_question,false,,,,v3 bulk gq2,"[""standard""]"
Need human urgently.,human_request,true,,,,v4 short,"[""standard""]"
I want to commit to an annual plan. Process my payment.,sales,false,,,,v3 confusion: pricing vs sales,"[""standard""]"
the search is not workin at all fix it,technical_support,false,,,,bulk addition 5,"[""noisy""]"
I'm leaving your platform and I want everyone to know why.,complaint,false,,,,bulk addition 2,"[""multi_intent""]"
Koi zaroorat nahi hai escalate karne ki. Simple baat hai.,general_question,false,,,,v3 bulk esc-,"[""hard_negative_escalation"", ""hinglish""]"
I was angry about the billing issue but it's sorted now. No need to escalate.,complaint,false,,,,v3 esc hard neg,"[""hard_negative_escalation""]"
Graphs dashboard mein kharaab ho gaye hain.,technical_support,false,,,,hinglish technical support,"[""hinglish""]"
I'm not paying for a service I can't use. Refund now.,refund,true,,,,bulk addition,"[""standard""]"
LinkedIn login integration broke my account.,account_issue,false,,,,account issue,"[""standard"", ""account""]"
I want to buy but first I need my account unlocked.,sales,true,,,,v3 bulk multi,"[""multi_intent""]"
Is there a grace period for late payments?,general_question,false,,,,general info question,"[""standard""]"
Tell me about pricing for training sessions.,pricing,false,,,,v3 bulk pricing2,"[""standard"", ""pricing""]"
What should I know about usage reports?,general_question,false,,,,v3 bulk gq3,"[""standard""]"
aapki app kyu crash ho rahi hai har baar,technical_support,false,,,,,"[""hinglish""]"
I can't remove my old payment method.,account_issue,false,,,,bulk addition 3,"[""standard""]"
Is there a tutorial for email notifications?,general_question,false,,,,v3 bulk gq,"[""standard""]"
You charged me after I cancelled. Give me my money back.,refund,true,,,,bulk addition,"[""standard""]"
I need 25 licenses for my department.,sales,false,,,,bulk addition,"[""standard""]"
aapka software mere system pe nahi chal raha,technical_support,false,,,,,"[""hinglish""]"
Your app is completely unusable after the update,complaint,false,,,,v4 confusion,"[""confusion_pair""]"
Maine khud fix kar liya. Koi call mat karo.,technical_support,false,,,,v3 esc hard neg hinglish,"[""hard_negative_escalation"", ""hinglish""]"
I get that you want to help but do not escalate this.,general_question,false,,,,v3 bulk esc-,"[""hard_negative_escalation""]"
Having issues with sort functionality.,technical_support,false,,,,v3 bulk tech2,"[""standard"", ""technical""]"
"Just saying hi, love your work!",other,false,,,,v3 balance3,"[""standard""]"
The bug I reported last week has been fixed. Thanks.,technical_support,false,,,,v3 resolution,"[""resolution_state""]"
I am fine. No follow up needed. Thanks.,general_question,false,,,,v3 bulk esc-3,"[""hard_negative_escalation""]"
Can I set up drip campaigns?,product_question,false,,,,product feature question,"[""standard""]"
Do you support SAML/SSO?,general_question,false,,,,general info question,"[""standard""]"
Connect me to your support team now.,human_request,true,,,,v3 info vs action,"[""standard""]"
Good,other,false,,,,very short message,[]
Does the basic plan include analytics?,product_question,false,,,,product feature question,"[""standard""]"
How does profile visibility affect my account?,general_question,false,,,,v3 bulk gq2,"[""standard""]"
My workflow automation is broken after the latest update.,technical_support,false,,,,v3 bulk tech,"[""standard"", ""technical""]"
how do i delet my acount,general_question,false,,,,spelling/noisy text,"[""noisy""]"
Can you help me fix The CSV importer?,technical_support,false,,,,v3 bulk tech,"[""standard"", ""technical""]"
Do you offer different pricing tiers for compliance features?,pricing,false,,,,v3 bulk pricing2,"[""standard"", ""pricing""]"
Aapne mujhe overcharge kiya hai. Check karo.,pricing,true,,,,hinglish example,"[""hinglish""]"
mujhe aapke software ke latest update chahiye,general_question,false,,,,v3 bulk hinglish,"[""hinglish""]"
kya aap custom integration support karte ho,product_question,false,,,,,"[""hinglish""]"
Good job on the recent update.,other,false,,,,v3 balance,"[""standard""]"
i fogot my passwrd,account_issue,false,,,,spelling/noisy text,"[""noisy""]"
The missing data was restored. Thank you!,technical_support,false,,,,v3 resolution,"[""resolution_state""]"
I am considering legal recourse if this is not fixed now.,complaint,true,,,,v3 bulk esc+3,"[""escalation_positive""]"
How much is the premium support add-on?,pricing,false,,,,bulk addition,"[""standard""]"
Mujhe refund chahiye aur account bhi fix karo.,refund,true,,,,multi-intent example,"[""multi_intent""]"
Do unused credits roll over?,pricing,false,,,,pricing question,"[""standard"", ""pricing""]"
I want to speak to billing about my refund.,refund,true,,,,bulk addition,"[""standard""]"
I cancelled within the trial period. Where is my refund?,refund,true,,,,refund demand,"[""escalation_positive"", ""refund""]"
I'm extremely dissatisfied with your platform's reliability.,complaint,false,,,,v3 balance3,"[""standard""]"
Aapka service bahut bekar hai.,complaint,false,,,,hinglish complaint,"[""hinglish""]"
Maine apni problem khud solve kar li. Koi action na lo.,technical_support,false,,,,v3 bulk esc-3,"[""hard_negative_escalation"", ""resolution_state"", ""hinglish""]"
I am unable to use the calendar view correctly.,technical_support,false,,,,v3 bulk tech3,"[""standard"", ""technical""]"
What is the cost for dedicated support?,pricing,false,,,,bulk addition 2,"[""standard""]"
ur chargin me rong amount since 3 months,pricing,true,,,,v4 noisy,"[""noisy""]"
ur platform is so confusin i dnt get it,general_question,false,,,,v3 bulk noisy3,"[""noisy""]"
Mujhe koi call kare. Urgent hai.,human_request,true,,,,hinglish example,"[""hinglish""]"
Can real-time sync be disabled?,general_question,false,,,,bulk addition 4,"[""standard""]"
the font selector has a bug that needs fixing.,technical_support,false,,,,v3 bulk tech3,"[""standard"", ""technical""]"
I'm switching from a competitor. Help me set up my account.,sales,false,,,,v3 confusion: pricing vs sales,"[""standard""]"
What security measures do you have?,general_question,false,,,,v3 confusion: product vs general,"[""standard""]"
Can I customize search filters?,general_question,false,,,,v3 bulk gq2,"[""standard""]"
how do u guyz charge for premium,pricing,false,,,,spelling/noisy text,"[""noisy""]"
I want a refund and I also want to cancel my subscription.,refund,true,,,,v3 bulk multi,"[""multi_intent""]"
Is there a tutorial for the template system?,general_question,false,,,,v3 bulk gq,"[""standard""]"
My team needs 50 seats. Any discount?,pricing,false,,,,pricing question,"[""standard"", ""pricing""]"
Charts galat data dikha rahe hain.,technical_support,false,,,,hinglish technical support,"[""hinglish""]"
Kya aapke yaha COD available hai?,pricing,false,,,,hinglish example,"[""hinglish""]"
Can I get a breakdown of all the costs involved?,pricing,false,,,,v3 confusion: pricing vs sales,"[""standard""]"
Application bahut RAM consume kar rahi hai.,technical_support,false,,,,hinglish technical support,"[""hinglish""]"
Can I customize activity logs?,general_question,false,,,,v3 bulk gq2,"[""standard""]"
What is the cost of extra storage?,pricing,false,,,,bulk addition 4,"[""standard""]"
How do I download my invoice?,general_question,false,,,,bulk addition,"[""standard""]"
SSO login wrong account pe redirect kar raha hai.,account_issue,false,,,,hinglish account issue,"[""hinglish""]"
"No escalation necessary, I just had a quick question.",general_question,false,,,,v3 bulk esc-,"[""hard_negative_escalation""]"
I am NOT requesting escalation. Just feedback.,complaint,false,,,,v3 negation,"[""negation""]"
What are my options for premium support?,general_question,false,,,,v3 bulk infoact,"[""standard""]"
What do I need to know about user permissions?,general_question,false,,,,v3 bulk gq,"[""standard""]"
You guys rock!,other,false,,,,bulk addition 3,"[""standard""]"
There is a critical bug in the payment module that needs fixing,technical_support,true,,,,v3 confusion: tech vs complaint,"[""standard""]"
What's the weather today?,other,false,,,,other / off-topic,"[""standard"", ""other""]"
my sso is brokn,technical_support,false,,,,spelling/noisy text,"[""noisy""]"
i wnt my mony bak,refund,true,,,,v3 noisy,"[""noisy""]"
What is the purpose of notification preferences?,general_question,false,,,,v3 bulk gq2,"[""standard""]"
i wnt a humn not a bot plzzz,human_request,true,,,,v3 noisy,"[""noisy""]"
Your chatbot is useless but I don't want to escalate.,complaint,false,,,,multi-intent example,"[""multi_intent""]"
I solved the problem using your documentation. Great docs!,technical_support,false,,,,v3 bulk esc-3,"[""hard_negative_escalation"", ""resolution_state""]"
This experience has been nothing short of horrible.,complaint,false,,,,general complaint,"[""standard"", ""complaint""]"
the template editor has a bug that needs fixing.,technical_support,false,,,,v3 bulk tech3,"[""standard"", ""technical""]"
Do you support custom email templates?,general_question,false,,,,general info question,"[""standard""]"
Zero stars. Would not recommend to anyone.,complaint,false,,,,general complaint,"[""standard"", ""complaint""]"
What authentication methods do you support?,general_question,false,,,,v3 bulk confusion,"[""standard""]"
"I don't need a human, just tell me how to fix this error",technical_support,false,,,,v3 multi-intent,"[""multi_intent""]"
Mujhe 2 saal ka contract chahiye.,sales,false,,,,bulk addition 3,"[""hinglish""]"
Please let me speak to someone who handles complex issues.,human_request,true,,,,v3 balance,"[""standard""]"
Mera account delete karo. Data export bhi karo.,general_question,false,,,,hinglish example,"[""hinglish""]"
Maine aapka product use karna shuru kiya 3 hafte pehle. Bahut sare features hain jo mujhe pasand aaye lekin kuch cheezein theek nahi hain. Pehli baat to ye ki setup process bahut complicated hai. Mujhe khud hi figure out karna pada ki kaise kaam karta hai. Aapke paas koi beginner guide nahi hai. Doosri baat ye ki customer support ka response time bahut slow hai. Maine 3 din pehle email kiya tha but aaj tak koi reply nahi aaya. Teesri baat ye ki mobile app bahut baar crash hoti hai. Overall I think the product has potential but it needs improvement in these areas.,complaint,false,,,,long message,"[""long""]"
Is custom fields available in all plans?,general_question,false,,,,bulk addition 4,"[""standard""]"
Mera trial khatam hone wala hai. Kya karna hoga?,general_question,false,,,,hinglish example,"[""hinglish""]"
I have identified a critical flaw in your payment processing.,technical_support,true,,,,v3 bulk esc+,"[""escalation_positive""]"
can u help i m locked out of my acount,account_issue,true,,,,bulk addition 2,"[""noisy""]"
I'm both angry and want to buy your product.,sales,false,,,,bulk addition 2,"[""confusion_pair""]"
I had an issue but it's resolved now. Thanks.,technical_support,false,,,,v3 esc hard neg,"[""hard_negative_escalation"", ""resolution_state""]"
What should I know about the contact directory?,general_question,false,,,,v3 bulk gq3,"[""standard""]"
Can you explain the calendar sync?,general_question,false,,,,v3 bulk gq,"[""standard""]"
Kisi aur ka data dikh raha hai mere account mein.,account_issue,false,,,,hinglish account issue,"[""hinglish""]"
my accnt was suspended for no reeson pls help,account_issue,true,,,,v3 bulk noisy,"[""noisy""]"
Can I use your service for personal projects?,general_question,false,,,,v3 balance,"[""standard""]"
I want to speak to someone about a refund.,refund,true,,,,bulk addition 3,"[""standard""]"
Team plan ke liye order karna hai.,sales,false,,,,hinglish sales,"[""hinglish""]"
aapki app ko Hindi language support do,product_question,false,,,,v3 bulk hinglish,"[""hinglish""]"
I want to buy but first help me understand the pricing.,pricing,false,,,,multi-intent example,"[""multi_intent""]"
Is there a sandbox environment?,product_question,false,,,,product feature question,"[""standard""]"
Payment failed but I have SMS saying money debited.,technical_support,true,,,,hinglish example,"[""hinglish""]"
Mujhe aapki service ke baare mein jaankari chahiye,general_question,false,,,,hinglish general question,"[""hinglish""]"
i want my subscripion canclled,sales,false,,,,spelling/noisy text,"[""noisy""]"
I've lost count of how many times I've reported this.,complaint,true,,,,bulk addition,"[""escalation_positive""]"
Custom requirements ke liye sales se baat karni hai.,sales,false,,,,hinglish sales,"[""hinglish""]"
I'm simultaneously interested and frustrated.,sales,false,,,,bulk addition 5,"[""confusion_pair""]"
mujhe aapke yaha par existing customer discount chahiye,sales,false,,,,v3 bulk hinglish,"[""hinglish""]"
I get an error when using The login page.,technical_support,false,,,,v3 bulk tech,"[""standard"", ""technical""]"
This is a critical system that needs immediate restoration.,technical_support,true,,,,v4 esc+,"[""escalation_positive""]"
How do I set permissions for each team member?,general_question,false,,,,v3 balance,"[""standard""]"
I can fix this myself. Just confirm the steps.,technical_support,false,,,,escalation hard negative,"[""hard_negative_escalation""]"
Password reset sends to an old email I can't access.,account_issue,false,,,,bulk addition,"[""standard""]"
Do I need to download anything?,general_question,false,,,,general info question,"[""standard""]"
the alignment tool has a bug that needs fixing.,technical_support,false,,,,v3 bulk tech3,"[""standard"", ""technical""]"
Is there a way to accessibility options?,general_question,false,,,,v3 bulk gq2,"[""standard""]"
Kya mai apna plan downgrade kar sakta hu?,pricing,false,,,,hinglish example,"[""hinglish""]"
My secondary email is not receiving verification code.,account_issue,false,,,,v3 balance,"[""standard""]"
Technical support needed but I want a human on the line,technical_support,true,,,,v3 multi-intent,"[""multi_intent""]"
I'm having trouble with My workflow automation.,technical_support,false,,,,bulk addition 4,"[""standard""]"
I will not rest until this is resolved. Escalate to highest level.,complaint,true,,,,bulk addition 3,"[""escalation_positive""]"
This is a general inquiry about your service quality.,general_question,false,,,,bulk addition 2,"[""confusion_pair""]"
I want to talk to a person who handles billing issues.,pricing,false,,,,bulk addition 5,"[""confusion_pair""]"
Can I connect my CRM directly?,product_question,false,,,,product feature question,"[""standard""]"
I am disabled and I need extra help with your platform.,general_question,true,,,,bulk addition 2,"[""escalation_positive""]"
Is there a way to search filters?,general_question,false,,,,v3 bulk gq2,"[""standard""]"
I need written confirmation of the resolution timeline.,complaint,true,,,,v4 esc+,"[""escalation_positive""]"
Do you have a public API?,general_question,false,,,,general info question,"[""standard""]"
Refund my annual payment or I'll contact my lawyer.,refund,true,,,,bulk addition 2,"[""standard""]"
How long does it take to set up the reporting module?,general_question,false,,,,bulk addition 4,"[""standard""]"
Mujhe nahi samajh aata aapka pricing structure.,pricing,false,,,,bulk addition 2,"[""hinglish""]"
Please activate my account for enterprise trial.,sales,false,,,,bulk addition 2,"[""standard""]"
mera team member account add nahi ho raha,account_issue,false,,,,v3 bulk hinglish,"[""hinglish""]"
Can you explain content scheduling?,general_question,false,,,,v3 bulk gq,"[""standard""]"
Enable two-factor authentication on my account now.,account_issue,false,,,,v3 info vs action,"[""standard""]"
Is the integration wizard available in all plans?,general_question,false,,,,bulk addition 4,"[""standard""]"
The bulk editor is not loading properly.,technical_support,false,,,,v3 bulk tech,"[""standard"", ""technical""]"
Is there a tutorial for the integration wizard?,general_question,false,,,,bulk addition 4,"[""standard""]"
u guys charged me for a plan i dint sign up for,pricing,true,,,,v3 bulk noisy,"[""noisy""]"
Please do not call me. Email the details instead.,general_question,false,,,,escalation hard negative,"[""hard_negative_escalation""]"
How does accessibility options affect my account?,general_question,false,,,,v3 bulk gq2,"[""standard""]"
Having issues with knowledge base search.,technical_support,false,,,,v3 bulk tech2,"[""standard"", ""technical""]"
All good on my end now. No further action necessary.,technical_support,false,,,,v3 bulk esc-3,"[""hard_negative_escalation"", ""resolution_state""]"
We chose your platform. Let's proceed.,sales,false,,,,purchase intent,"[""standard"", ""sales""]"
The login page stopped working suddenly.,technical_support,false,,,,bulk addition 4,"[""standard""]"
Do I pay extra for the mobile app?,pricing,false,,,,bulk addition 4,"[""standard""]"
mera account ka storage full ho gaya hai upgrade karo,sales,false,,,,v3 bulk hinglish3,"[""hinglish""]"
Maine jo problem batayi thi wo fix ho gayi. Thanks!,technical_support,false,,,,v3 resolution hinglish,"[""resolution_state"", ""hinglish""]"
Mera issue solve ho gaya. Ticket close karo.,technical_support,false,,,,v3 resolution hinglish,"[""resolution_state"", ""hinglish""]"
plese refund my muney,refund,true,,,,v3 noisy,"[""noisy""]"
Don't bother your support team. I solved it.,technical_support,false,,,,v3 negation,"[""negation"", ""resolution_state""]"
my reportz r not generatin plz fix,technical_support,false,,,,bulk addition,"[""noisy""]"
I'm impressed with the onboarding flow.,other,false,,,,v3 balance,"[""standard""]"
can smeone help me plzzz,general_question,false,,,,spelling/noisy text,"[""noisy""]"
how 2 upgrate to premum,sales,false,,,,bulk addition 3,"[""noisy""]"
I want to be very clear. I am NOT requesting a refund. I understand your refund policy and I respect it. What I am asking for is a detailed explanation of why my account was downgraded even though I paid for the annual plan. I have the transaction receipt and everything. This seems like a system error on your end and I would appreciate it if someone knowledgeable could look into it and explained what happened. Please do not call me as I am busy during work hours. An email explanation would be perfectly fine.,account_issue,false,,,,long message,"[""long""]"
Mera account login nahi ho raha hai. Help karo.,account_issue,false,,,,hinglish example,"[""hinglish""]"
Can you fix my account? Also how much for premium?,account_issue,false,,,,v3 multi-intent,"[""multi_intent""]"
How much for priority support?,pricing,false,,,,v3 bulk pricing,"[""standard"", ""pricing""]"
I'm calling about an account issue and I want a refund.,refund,true,,,,bulk addition 3,"[""confusion_pair""]"
Fix now,technical_support,true,,,,very short message,[]
I cannot access critical files for a presentation in 1 hour.,technical_support,true,,,,v3 bulk esc+3,"[""escalation_positive""]"
Can you negotiate pricing?,pricing,false,,,,pricing question,"[""standard"", ""pricing""]"
File upload keeps failing.,technical_support,false,,,,bulk addition 4,"[""standard""]"
Aapka product theek hai but support kharab hai.,complaint,false,,,,hinglish example,"[""hinglish""]"
Maine 3 baar form bhara but submit nahi hua.,technical_support,false,,,,bulk addition 2,"[""hinglish""]"
Does your software support Kanban boards?,product_question,false,,,,v3 balance,"[""standard""]"
kya main apna workspace delete kar sakta hu,general_question,false,,,,,"[""hinglish""]"
It's not that serious. Just answer when you get a chance.,general_question,false,,,,v3 bulk esc-,"[""hard_negative_escalation""]"
Do you have a referral program?,general_question,false,,,,general info question,"[""standard""]"
I'm angry about the price increase and I want options.,pricing,false,,,,v3 bulk multi,"[""multi_intent""]"
I want to talk to a customer service representative.,human_request,true,,,,human request,"[""escalation_positive"", ""human_request""]"
My workflow is broken and I'm losing business because of it.,technical_support,true,,,,v3 bulk multi,"[""multi_intent""]"
I will report this to the data protection authority.,complaint,true,,,,v3 esc hard pos,"[""escalation_positive""]"
mujhe aapke yaha job chahiye,other,false,,,,,"[""hinglish""]"
What's your favorite color?,other,false,,,,other / off-topic,"[""standard"", ""other""]"
Mujhe lagta hai aap log seriously nahi le rahe.,complaint,true,,,,escalation hard positive,"[""escalation_positive"", ""hard_positive""]"
The The drag and drop editor feature is causing errors.,technical_support,false,,,,bulk addition 4,"[""standard""]"
How long does it take to set up the user directory?,general_question,false,,,,v3 bulk gq,"[""standard""]"
I need to purchase additional seats for my team.,sales,false,,,,v3 balance,"[""standard""]"
Having issues with data filtering.,technical_support,false,,,,v3 bulk tech2,"[""standard"", ""technical""]"
Apna plan upgrade karna hai premium mein.,sales,false,,,,hinglish sales,"[""hinglish""]"
How much does it cost to upgrade?,pricing,false,,,,pricing question,"[""standard"", ""pricing""]"
aapki app baar baar crash ho rahi hai Android pe,technical_support,false,,,,v3 bulk hinglish,"[""hinglish""]"
Can I speak to technical support about a billing issue,technical_support,false,,,,v3 multi-intent,"[""multi_intent""]"
I am unable to use the sort option correctly.,technical_support,false,,,,v3 bulk tech3,"[""standard"", ""technical""]"
Kya aap mujhe call back kar sakte ho?,human_request,true,,,,bulk addition,"[""hinglish""]"
Does your platform include A/B testing?,product_question,false,,,,product feature question,"[""standard""]"
i m very angy abt the service,complaint,false,,,,v4 noisy,"[""noisy""]"
Can you explain the dashboard?,general_question,false,,,,bulk addition 4,"[""standard""]"
What is the enterprise minimum commitment?,pricing,false,,,,bulk addition,"[""standard""]"
How to export?,general_question,false,,,,bulk addition 5,"[""standard""]"
My payment went through but I don't see the premium features unlocked.,technical_support,true,,,,cross 2000,"[""standard""]"
hw do i use the template builder,product_question,false,,,,v4 noisy,"[""noisy""]"
Is there an API available for developers?,general_question,false,,,,general info question,"[""standard""]"
I'm not interested in talking to anyone. Just send me the info.,general_question,false,,,,escalation hard negative,"[""hard_negative_escalation""]"
mujhe aapke yaha se monthly invoice chahiye,pricing,false,,,,v4 hinglish,"[""hinglish""]"
I have escalated this internally. Your team needs to respond.,complaint,true,,,,escalation hard positive,"[""escalation_positive"", ""hard_positive""]"
my workflo is not runing,technical_support,false,,,,v3 noisy,"[""noisy""]"
I need someone to help me buy the right plan,sales,false,,,,v4 confusion,"[""confusion_pair""]"
My refund was processed. Thank you for your help.,refund,false,,,,v3 resolution,"[""resolution_state""]"
Does your dashboard support real-time data visualization?,product_question,false,,,,v3 bulk confusion,"[""standard""]"
I demand a full refund including the service charges.,refund,true,,,,bulk addition 2,"[""standard""]"
Yeah okay,other,false,,,,other / off-topic,"[""standard"", ""other""]"
plese fix my paymnt issue,pricing,false,,,,v3 noisy,"[""noisy""]"
Mujhe refund chahiye aur technical support bhi.,refund,true,,,,v3 bulk multi3,"[""multi_intent"", ""hinglish""]"
Encountering problems with the template editor.,technical_support,false,,,,v3 bulk tech3,"[""standard"", ""technical""]"
Mera data export kar do. Mai switch kar raha hu.,general_question,false,,,,bulk addition 3,"[""hinglish""]"
Aapki pricing transparent nahi hai.,pricing,false,,,,bulk addition 5,"[""hinglish""]"
meri auto-renewal band karo,sales,false,,,,,"[""hinglish""]"
Please connect me to your solutions team.,sales,false,,,,bulk addition 5,"[""standard""]"
What is the purpose of billing alerts?,general_question,false,,,,v3 bulk gq2,"[""standard""]"
I want to discuss purchasing options with a real person,sales,false,,,,v3 confusion: human vs sales,"[""standard""]"
aapne mujhe refund ka confirmation bheja tha but aaya nahi,refund,true,,,,v3 bulk hinglish,"[""hinglish""]"
How do I configure the account setup?,general_question,false,,,,v3 bulk gq3,"[""standard""]"
No follow up required. I was just giving a heads up.,general_question,false,,,,v3 bulk esc-,"[""hard_negative_escalation""]"
Encountering problems with the alignment tool.,technical_support,false,,,,v3 bulk tech3,"[""standard"", ""technical""]"
Can the API be disabled?,general_question,false,,,,bulk addition 4,"[""standard""]"
I'm having trouble with The notification system.,technical_support,false,,,,v3 bulk tech,"[""standard"", ""technical""]"
How much for additional team members?,pricing,false,,,,bulk addition,"[""standard""]"
your service is terribl,complaint,false,,,,spelling/noisy text,"[""noisy""]"
My account shows as inactive even though I paid,account_issue,true,,,,v3 confusion: account vs tech,"[""standard""]"
What are the benefits of backup?,general_question,false,,,,v3 bulk gq,"[""standard""]"
"Resolved. Thanks, close this out.",technical_support,false,,,,v3 bulk esc-,"[""hard_negative_escalation"", ""resolution_state""]"
Koi insaan se baat karao.,human_request,true,,,,hinglish human request,"[""hinglish"", ""escalation_positive"", ""human_request""]"
The graphs in the dashboard are broken.,technical_support,false,,,,technical issue,"[""standard"", ""technical""]"
Is there a tutorial for multi-factor auth?,general_question,false,,,,v3 bulk gq,"[""standard""]"
aapki team ne mera issue resolve kiya thanks,technical_support,false,,,,,"[""hinglish"", ""resolution_state""]"
Your updates keep breaking existing features.,complaint,false,,,,bulk addition,"[""standard""]"
Can you tell me the price of enterprise?,pricing,false,,,,v3 confusion: pricing vs sales,"[""standard""]"
Do I need to configure real-time sync manually?,general_question,false,,,,bulk addition 4,"[""standard""]"
Does the platform support recurring tasks?,product_question,false,,,,v3 balance,"[""standard""]"
Is user permissions available in all plans?,general_question,false,,,,bulk addition 4,"[""standard""]"
Get me a human on the line. I need to buy something.,sales,false,,,,confusion pair example,"[""confusion_pair""]"
The The API endpoint feature is causing errors.,technical_support,false,,,,bulk addition 4,"[""standard""]"
i cant log in to my accunt,account_issue,false,,,,spelling/noisy text,"[""noisy""]"
You double charged me. Give one payment back.,refund,true,,,,refund demand,"[""escalation_positive"", ""refund""]"
What are the benefits of performance monitoring?,general_question,false,,,,v3 bulk gq,"[""standard""]"
Can I customize email digests?,general_question,false,,,,v3 bulk gq2,"[""standard""]"
Price mein support included hai?,pricing,false,,,,hinglish pricing,"[""hinglish""]"
meri report generate nahi ho rahi error aa raha hai,technical_support,false,,,,,"[""hinglish""]"
mera data export karo,general_question,false,,,,,"[""hinglish""]"
The reporting dashboard keeps failing.,technical_support,false,,,,bulk addition 4,"[""standard""]"
Please start my subscription today.,sales,false,,,,purchase intent,"[""standard"", ""sales""]"
i cnt figur out hw to use ur platform,general_question,false,,,,v3 bulk noisy,"[""noisy""]"
What is the monthly subscription fee?,pricing,false,,,,v3 confusion: pricing vs sales,"[""standard""]"
email parser is malfunctioning.,technical_support,false,,,,v3 bulk tech2,"[""standard"", ""technical""]"
I am unable to use the font selector correctly.,technical_support,false,,,,v3 bulk tech3,"[""standard"", ""technical""]"
This is both a complaint and a question about pricing,pricing,false,,,,v3 multi-intent,"[""multi_intent""]"
i want 2 talk 2 a human now stop the bot,human_request,true,,,,v3 bulk noisy3,"[""noisy""]"
Aapke software mein Hindi font support hai?,product_question,false,,,,hinglish example,"[""hinglish""]"
I want to switch from a competitor to your service.,sales,false,,,,purchase intent,"[""standard"", ""sales""]"
My export keeps failing with an unknown error.,technical_support,false,,,,technical issue,"[""standard"", ""technical""]"
Your platform is full of bugs and glitches.,complaint,false,,,,general complaint,"[""standard"", ""complaint""]"
Is there a way to dashboard widgets?,general_question,false,,,,v3 bulk gq2,"[""standard""]"
The patch you sent fixed the issue. Thank you!,technical_support,false,,,,v3 bulk resolution,"[""resolution_state""]"
Ignore my previous messages. All good now.,other,false,,,,bulk addition,"[""hard_negative_escalation""]"
Pricing to theek hai but product features ke baare mein batao.,product_question,false,,,,multi-intent example,"[""multi_intent""]"
What analytics metrics do you track?,product_question,false,,,,product feature question,"[""standard""]"
What's the pricing for the enterprise add-on?,pricing,false,,,,bulk addition 4,"[""standard""]"
Aapke yaha kaam karte hai koi Indian?,other,false,,,,hinglish example,"[""hinglish""]"
Accha,other,false,,,,other / off-topic,"[""standard"", ""other""]"
my acount was suspndd,account_issue,true,,,,v3 noisy,"[""noisy""]"
i need 2 spek to the billing dept urgently,human_request,true,,,,v3 bulk noisy3,"[""noisy""]"
Account verification fail ho raha hai.,account_issue,false,,,,hinglish account issue,"[""hinglish""]"
mujhe aapke yaha bulk data import karna hai,general_question,false,,,,v3 bulk hinglish,"[""hinglish""]"
This is a complaint about my account but also a refund request.,refund,true,,,,bulk addition 2,"[""multi_intent""]"
Can I get a refund and also report a security issue?,refund,true,,,,v3 bulk multi3,"[""multi_intent""]"
aapki app ka backup feature kaise kaam karta hai,product_question,false,,,,v3 bulk hinglish3,"[""hinglish""]"
Can I create custom email templates?,product_question,false,,,,v3 balance3,"[""standard""]"
Maine 5 baar complaint kiya hai but koi sun nahi raha,complaint,true,,,,,"[""hinglish""]"
I don't want a refund. I want the service to work.,technical_support,true,,,,v3 negation,"[""negation""]"
What is the cost of the enterprise add-on?,pricing,false,,,,bulk addition 4,"[""standard""]"
Excellent,other,false,,,,very short message,[]
aapki app bahut storage le rahi hai phone ki,technical_support,false,,,,v3 bulk hinglish3,"[""hinglish""]"
Where can I find documentation about the integration wizard?,general_question,false,,,,bulk addition 4,"[""standard""]"
mera plan upgrade ka payment fail ho raha hai,sales,true,,,,v3 bulk hinglish,"[""hinglish""]"
Your error has cost me real money. I expect compensation.,refund,true,,,,v3 bulk esc+3,"[""escalation_positive""]"
Hello ji,other,false,,,,very short message,[]
I want to return your product and complain.,refund,true,,,,bulk addition 2,"[""confusion_pair""]"
Can you explain data export?,general_question,false,,,,bulk addition 4,"[""standard""]"
I expect a call from your VP of Customer Experience.,human_request,true,,,,v4 esc+,"[""escalation_positive""]"
"Can you help me with pricing? Also, I can't log in.",pricing,false,,,,multi-intent example,"[""multi_intent""]"
I solved it myself. Thanks anyway.,technical_support,false,,,,bulk addition 2,"[""hard_negative_escalation""]"
The drag and drop editor stopped working suddenly.,technical_support,false,,,,bulk addition 4,"[""standard""]"
The CSV importer stopped working suddenly.,technical_support,false,,,,bulk addition 4,"[""standard""]"
Does the mobile app support push notifications?,product_question,false,,,,bulk addition,"[""standard""]"
No need for human. Your docs helped.,general_question,false,,,,bulk addition 2,"[""hard_negative_escalation""]"
My login says invalid credentials all of a sudden.,account_issue,false,,,,bulk addition,"[""standard""]"
Cancel now.,sales,false,,,,v4 short,"[""standard""]"
I appreciate your support team's effort.,other,false,,,,v3 balance,"[""standard""]"
refnd my payment or i will su u,refund,true,,,,v3 noisy,"[""noisy""]"
I am documenting every interaction for potential legal action.,complaint,true,,,,v3 bulk esc+,"[""escalation_positive""]"
What are the costs associated with dedicated support?,pricing,false,,,,v3 bulk pricing2,"[""standard"", ""pricing""]"
Can you help me fix The reporting dashboard?,technical_support,false,,,,v3 bulk tech,"[""standard"", ""technical""]"
Search function kuch nahi dikha raha.,technical_support,false,,,,hinglish technical support,"[""hinglish""]"
What is the monthly charge?,pricing,false,,,,pricing question,"[""standard"", ""pricing""]"
The error I reported is gone after the patch. Thanks!,technical_support,false,,,,v3 resolution,"[""resolution_state""]"
I've lost confidence in your platform after this incident.,complaint,true,,,,v3 esc hard pos,"[""escalation_positive""]"
What should I know about privacy settings?,general_question,false,,,,v3 bulk gq3,"[""standard""]"
I want to buy but first help me understand the pricing,pricing,false,,,,v3 multi-intent,"[""multi_intent""]"
Do you support two-factor authentication?,product_question,false,,,,product feature question,"[""standard""]"
ur websit is nt loadin at all,technical_support,false,,,,v4 noisy,"[""noisy""]"
What are the benefits of the workflow builder?,general_question,false,,,,v3 bulk gq,"[""standard""]"
Can you connect me to a senior representative?,human_request,true,,,,human request,"[""escalation_positive"", ""human_request""]"
Is there a tutorial for user permissions?,general_question,false,,,,bulk addition 4,"[""standard""]"
I do not want to speak to anyone. Just answer here.,general_question,false,,,,v3 negation,"[""negation""]"
Your incompetence is costing my business real money.,complaint,true,,,,v4 esc+,"[""escalation_positive""]"
I feel like a beta tester for a product I paid for.,complaint,false,,,,bulk addition,"[""standard""]"
Not urgent. Please don't escalate this.,general_question,false,,,,v3 bulk negation,"[""negation""]"
Our company has selected your platform for rollout.,sales,false,,,,bulk addition,"[""standard""]"
Mera account issue hai aur main bahut frustrated hu.,account_issue,true,,,,v3 bulk multi hinglish,"[""multi_intent"", ""hinglish""]"
The webhook integration is showing incorrect data.,technical_support,false,,,,bulk addition 4,"[""standard""]"
The mobile app keeps failing.,technical_support,false,,,,bulk addition 4,"[""standard""]"
The bug that crashed my reports is fixed. Thanks team.,technical_support,false,,,,v3 resolution,"[""resolution_state""]"
I have a question about features and a problem with login.,account_issue,false,,,,v3 bulk multi3,"[""multi_intent""]"
"Nice, thanks!",other,false,,,,v3 balance3,"[""standard""]"
Where can I find documentation about audit logging?,general_question,false,,,,v3 bulk gq,"[""standard""]"
The bulk edit feature seems to be broken.,technical_support,false,,,,v3 bulk tech2,"[""standard"", ""technical""]"
I have an account issue and it's making me very angry,account_issue,false,,,,v3 multi-intent,"[""multi_intent""]"
Need help resetting my password and checking my plan.,account_issue,false,,,,v3 bulk multi,"[""multi_intent""]"
aapne mera account ka plan downgrade kyun kiya,account_issue,true,,,,v3 bulk hinglish,"[""hinglish""]"
Do I pay extra for migration?,pricing,false,,,,v3 bulk pricing,"[""standard"", ""pricing""]"
Hinglish: help karo.,general_question,false,,,,v4 short,"[""hinglish""]"
kya aap credit card ke alawa bhi payment accept karte ho,pricing,false,,,,,"[""hinglish""]"
I have been unable to work for 3 days because of this issue.,technical_support,true,,,,v3 bulk esc+,"[""escalation_positive""]"
Please don't escalate. I just wanted to share my experience.,complaint,false,,,,v3 esc hard neg,"[""hard_negative_escalation""]"
mera account mein profile update nahi ho raha,account_issue,false,,,,v3 bulk hinglish3,"[""hinglish""]"
The PDF export is not working.,technical_support,false,,,,v3 bulk tech,"[""standard"", ""technical""]"
I don't need anyone to contact me. Period.,general_question,false,,,,v4 esc-,"[""hard_negative_escalation""]"
hw to updgrade my acccount,sales,false,,,,v3 noisy,"[""noisy""]"
Aapne mera account suspend kyun kiya?,account_issue,true,,,,bulk addition 3,"[""hinglish""]"
Is there a minimum monthly spend?,pricing,false,,,,pricing question,"[""standard"", ""pricing""]"
i wana buy ur premium plan but the cart is broken,sales,true,,,,v3 bulk noisy,"[""noisy""]"
Stop the automated messages. I want to talk to a human.,human_request,true,,,,v3 balance3,"[""standard""]"
Thanks for resolving my issue quickly.,other,false,,,,v3 balance,"[""standard""]"
ur chargin me evry mnth without my concent,pricing,true,,,,v3 bulk noisy,"[""noisy""]"
I resolved it using the help article. No human needed.,technical_support,false,,,,v3 esc hard neg,"[""hard_negative_escalation""]"
No need to involve management. Simple issue.,general_question,false,,,,bulk addition 5,"[""hard_negative_escalation""]"
What is the purpose of activity logs?,general_question,false,,,,v3 bulk gq2,"[""standard""]"
Mera account lock ho gaya hai.,account_issue,false,,,,hinglish account issue,"[""hinglish""]"
aapki website down hai kya,technical_support,true,,,,,"[""hinglish""]"
my acount got hakd help me plz,account_issue,true,,,,bulk addition,"[""noisy""]"
aapka dashboard mere browser mein sahi load nahi ho raha,technical_support,false,,,,v3 bulk hinglish,"[""hinglish""]"
What are the benefits of the integration wizard?,general_question,false,,,,v3 bulk gq,"[""standard""]"
this is the 5th tim i am reportin the same bug,technical_support,true,,,,bulk addition 2,"[""noisy""]"
Our procurement team needs a formal quote.,sales,false,,,,bulk addition 2,"[""standard""]"
mera payment successful dikha raha hai but credits nahi aaye,technical_support,true,,,,,"[""hinglish""]"
Koi mujhe call karke follow up mat karo. Sab theek hai.,general_question,false,,,,v3 esc hard neg hinglish,"[""hard_negative_escalation"", ""resolution_state"", ""hinglish""]"
Account settings keep reverting to default.,account_issue,false,,,,account issue,"[""standard"", ""account""]"
The timezone setting keeps resetting to UTC.,technical_support,false,,,,bulk addition,"[""standard""]"
I want to talk to someone about a custom enterprise deal.,sales,false,,,,v3 balance,"[""standard""]"
Aapki service India mein available hai?,general_question,false,,,,bulk addition,"[""hinglish""]"
Is there a tutorial for the API?,general_question,false,,,,bulk addition 4,"[""standard""]"
the dashboard is showin error 500,technical_support,false,,,,spelling/noisy text,"[""noisy""]"
Can I connect my domain?,general_question,false,,,,general info question,"[""standard""]"
Currency kya hai pricing ki?,pricing,false,,,,hinglish pricing,"[""hinglish""]"
"I want to cancel my subscription, but first explain the refund policy.",refund,false,,,,multi-intent example,"[""multi_intent""]"
The price of the enterprise plan is too high,pricing,false,,,,v3 bulk confusion,"[""standard""]"
What do I need to know about team management?,general_question,false,,,,v3 bulk gq,"[""standard""]"
How do I set up import features?,general_question,false,,,,v3 bulk gq2,"[""standard""]"
I don't need a human. Just answer my question.,general_question,false,,,,escalation hard negative,"[""hard_negative_escalation""]"
I have sales inquiry but also a technical problem.,sales,false,,,,multi-intent example,"[""multi_intent""]"
I don't want a call back. Just confirm via email.,general_question,false,,,,v3 bulk esc-3,"[""hard_negative_escalation""]"
I'm having trouble with The calendar sync.,technical_support,false,,,,bulk addition 4,"[""standard""]"
account activate karne mein kitna time lagta hai?,general_question,false,,,,hinglish general question,"[""hinglish""]"
aapne mujhe refund ka promise kiya tha but nahi diya,refund,true,,,,v3 bulk hinglish,"[""hinglish""]"
Nice,other,false,,,,other / off-topic,"[""standard"", ""other""]"
Can you explain the reporting module?,general_question,false,,,,v3 bulk gq,"[""standard""]"
My data export keeps failing with no error message,technical_support,false,,,,v3 bulk confusion,"[""standard""]"
No help needed. I was just exploring the interface.,other,false,,,,v3 bulk esc-3,"[""hard_negative_escalation""]"
How is premium features priced?,pricing,false,,,,v3 bulk pricing2,"[""standard"", ""pricing""]"
I need to talk to a person about my account security.,human_request,true,,,,v3 balance,"[""standard""]"
Can you guide me through the notification center?,general_question,false,,,,v3 bulk gq3,"[""standard""]"
I'm both requesting a refund and reporting a bug.,refund,true,,,,bulk addition 3,"[""multi_intent""]"
Upgrade my plan right now.,sales,false,,,,v3 info vs action,"[""standard""]"
The bulk edit feature is not applying changes to all selected items.,technical_support,false,,,,v3 balance,"[""standard""]"
I'm happy with product but angry at support.,complaint,false,,,,bulk addition 3,"[""multi_intent""]"
i m getin eror 500 on evry pag,technical_support,false,,,,bulk addition 3,"[""noisy""]"
How is training sessions priced?,pricing,false,,,,v3 bulk pricing2,"[""standard"", ""pricing""]"
The forgot password flow fails at the last step,technical_support,false,,,,v3 confusion: account vs tech,"[""standard""]"
user import is causing errors in my workflow.,technical_support,false,,,,v3 bulk tech2,"[""standard"", ""technical""]"
the buton is not wrking,technical_support,false,,,,v3 noisy,"[""noisy""]"
Please ignore. I solved it with the help article.,technical_support,false,,,,v3 bulk esc-,"[""hard_negative_escalation"", ""resolution_state""]"
How do I configure billing history?,general_question,false,,,,v3 bulk gq3,"[""standard""]"
What's the pricing for custom reporting?,pricing,false,,,,bulk addition 4,"[""standard""]"
Transfer me to a human being right this instant.,human_request,true,,,,bulk addition 2,"[""standard""]"
my profil pictur is not updating,account_issue,false,,,,v3 bulk noisy3,"[""noisy""]"
I'm ready to buy. Process my payment.,sales,false,,,,purchase intent,"[""standard"", ""sales""]"
Your product pricing is too high and your support is slow.,pricing,false,,,,v3 bulk multi,"[""multi_intent""]"
I'm losing revenue every minute this is down.,technical_support,true,,,,v4 esc+,"[""escalation_positive""]"
Complaint about your service and I want to speak to a manager.,human_request,true,,,,v3 bulk multi,"[""multi_intent""]"
I get an error when using The search bar.,technical_support,false,,,,bulk addition 4,"[""standard""]"
How much per user annually?,pricing,false,,,,v3 confusion: pricing vs sales,"[""standard""]"
hw do i add team membrs to my workspace,general_question,false,,,,v3 bulk noisy,"[""noisy""]"
What is the cost of migration?,pricing,false,,,,v3 bulk pricing,"[""standard"", ""pricing""]"
The The calendar sync feature is causing errors.,technical_support,false,,,,bulk addition 4,"[""standard""]"
Refund my money or I will share my experience on social media.,refund,true,,,,v3 balance,"[""standard""]"
I demand compensation for the poor service.,refund,true,,,,refund demand,"[""escalation_positive"", ""refund""]"
Where can I find documentation about the import tool?,general_question,false,,,,bulk addition 4,"[""standard""]"
I have proof of your false claims. Legal action pending.,complaint,true,,,,bulk addition 5,"[""escalation_positive""]"
I accidentally deleted my workspace.,account_issue,true,,,,bulk addition 3,"[""standard""]"
ur support team never replys on time,complaint,false,,,,v3 bulk noisy,"[""noisy""]"
I want a full refund because your service never worked.,refund,true,,,,v3 balance3,"[""standard""]"
I need someone with authority to override this restriction.,human_request,true,,,,v3 esc hard pos,"[""escalation_positive""]"
Can I customize session timeouts?,general_question,false,,,,v3 bulk gq2,"[""standard""]"
i dont lik this servis,complaint,false,,,,spelling/noisy text,"[""noisy""]"
aapki service band kaise kare,general_question,false,,,,,"[""hinglish""]"
hw many users can i ad,product_question,false,,,,v3 noisy,"[""noisy""]"
Is there a role-based access control?,product_question,false,,,,product feature question,"[""standard""]"
This is false advertising. I want my money back.,refund,true,,,,bulk addition,"[""confusion_pair""]"
Bots are not helping. Real person please.,human_request,true,,,,bulk addition 3,"[""standard""]"
mujhe aapke yaha multiple workspaces chahiye,product_question,false,,,,v3 bulk hinglish,"[""hinglish""]"
Aapki website down hai kya?,general_question,false,,,,general info question,"[""standard""]"
Aapne jo promise kiya wo deliver nahi kiya.,complaint,false,,,,hinglish complaint,"[""hinglish""]"
the export buttn does nthng,technical_support,false,,,,v3 noisy,"[""noisy""]"
My account is compromised and I need immediate help.,account_issue,true,,,,v3 bulk multi3,"[""multi_intent""]"
Tell me about pricing for data migration.,pricing,false,,,,v3 bulk pricing2,"[""standard"", ""pricing""]"
Payment failed but paisa kat gaya. Double problem.,technical_support,true,,,,hinglish example,"[""hinglish""]"
Bug,technical_support,false,,,,very short message,[]
Mujhe technical support chahiye aur refund bhi.,refund,true,,,,v3 bulk multi hinglish,"[""multi_intent"", ""hinglish""]"
Mera account issue hai aur main bahut pareshan hu.,account_issue,true,,,,v3 bulk multi3,"[""multi_intent"", ""hinglish""]"
Mera account kaise reactivate kare?,account_issue,false,,,,bulk addition 5,"[""hinglish""]"
I will not accept a call. Text only.,general_question,false,,,,v3 negation,"[""negation""]"
My client is waiting for me to deliver a report using your tool.,technical_support,true,,,,v3 esc hard pos,"[""escalation_positive""]"
ur app keeps crashin evrytime i opn it,technical_support,false,,,,v3 bulk noisy,"[""noisy""]"
kya main apna username change kar sakta hu,general_question,false,,,,,"[""hinglish""]"
Mai upgrade karna chahta hu enterprise plan mein.,sales,false,,,,hinglish sales,"[""hinglish""]"
Reset my password right now I'm locked out.,account_issue,true,,,,v3 bulk infoact,"[""standard""]"
I'm going to dispute this with my bank.,technical_support,true,,,,escalation hard positive,"[""escalation_positive"", ""hard_positive""]"
Cancel my subscription and give me a full refund.,refund,true,,,,refund demand,"[""escalation_positive"", ""refund""]"
Payment failed and customer support nahi mil raha. Help.,technical_support,true,,,,multi-intent example,"[""multi_intent""]"
The login page keeps refreshing and never loads,technical_support,false,,,,v3 confusion: account vs tech,"[""standard""]"
Kya mein apna username change kar sakta hu?,general_question,false,,,,hinglish example,"[""hinglish""]"
Mujhe lagta hai ki aapne mujhe dhoka diya.,complaint,false,,,,hinglish complaint,"[""hinglish""]"
What is your data retention policy?,general_question,false,,,,v3 info vs action,"[""standard""]"
My reports are generating errors every time I export,technical_support,false,,,,v3 confusion: tech vs complaint,"[""standard""]"
The CSV generator produces garbled characters.,technical_support,false,,,,technical issue,"[""standard"", ""technical""]"
Error 403.,technical_support,false,,,,v4 short,"[""standard""]"
the website is not loadng,technical_support,false,,,,spelling/noisy text,"[""noisy""]"
mera account ka billing history kaise dekhe,pricing,false,,,,v3 bulk hinglish,"[""hinglish""]"
I am very unhappy with the recent changes.,complaint,false,,,,bulk addition 5,"[""standard""]"
The The webhook integration feature is causing errors.,technical_support,false,,,,bulk addition 4,"[""standard""]"
Do I pay extra for advanced analytics?,pricing,false,,,,v3 bulk pricing,"[""standard"", ""pricing""]"
What are the benefits of custom fields?,general_question,false,,,,bulk addition 4,"[""standard""]"
the api integratin is brokn,technical_support,false,,,,spelling/noisy text,"[""noisy""]"
I need information about usage reports.,general_question,false,,,,v3 bulk gq3,"[""standard""]"
Team member add karne ka option kahan hai?,product_question,false,,,,hinglish example,"[""hinglish""]"
kya basic plan mein analytics hai?,product_question,false,,,,hinglish product question,"[""hinglish""]"
data filtering is malfunctioning.,technical_support,false,,,,v3 bulk tech2,"[""standard"", ""technical""]"
I need both technical support and a refund,refund,true,,,,v3 multi-intent,"[""multi_intent""]"
Thanks,other,false,,,,very short message,[]
aapka software Mac par chalega?,general_question,false,,,,hinglish general question,"[""hinglish""]"
mujhe custom report banana hai kaise kare,product_question,false,,,,,"[""hinglish""]"
I'd rather speak to someone on the phone.,human_request,true,,,,human request,"[""escalation_positive"", ""human_request""]"
mujhe weekly report chahiye kaise set kare,product_question,false,,,,,"[""hinglish""]"
How does email digests affect my account?,general_question,false,,,,v3 bulk gq2,"[""standard""]"
"After the update, everything started working fine.",technical_support,false,,,,v3 resolution,"[""resolution_state""]"
