text,intent,escalation_required,language_style,difficulty,scenario_type,notes,tags
The mobile app keeps failing.,technical_support,false,,,,bulk addition 4,"[""standard""]"
Help!,general_question,true,,,,very short message,[]
How do I get a refund?,refund,true,,,,refund demand,"[""escalation_positive"", ""refund""]"
What's the best way to get started?,general_question,false,,,,bulk addition,"[""standard""]"
I'm both requesting a refund and reporting a bug.,refund,true,,,,bulk addition 3,"[""multi_intent""]"
i cnt acess my acount fr 3 days,account_issue,true,,,,spelling/noisy text,"[""noisy""]"
Payment failed and customer support nahi mil raha. Help.,technical_support,true,,,,multi-intent example,"[""multi_intent""]"
How do I change my notification preferences?,general_question,false,,,,bulk addition,"[""standard""]"
Can I self-host your software?,general_question,false,,,,general info question,"[""standard""]"
Where can I find documentation about backup?,general_question,false,,,,bulk addition 4,"[""standard""]"
The template preview stopped working suddenly.,technical_support,false,,,,bulk addition 4,"[""standard""]"
i payd for premimum but got basic features,account_issue,true,,,,bulk addition 2,"[""noisy""]"
Great service,other,false,,,,very short message,[]
Mujhe custom domain chahiye. Kaise set kare?,product_question,false,,,,hinglish example,"[""hinglish""]"
Your product is great but the pricing is confusing. Can you explain?,pricing,false,,,,multi-intent example,"[""multi_intent""]"
What is the cost of extra storage?,pricing,false,,,,bulk addition 4,"[""standard""]"
The webhook integration stopped working suddenly.,technical_support,false,,,,bulk addition 4,"[""standard""]"
How much for premium support?,pricing,false,,,,bulk addition 4,"[""standard""]"
Is there a customer satisfaction survey?,product_question,false,,,,bulk addition,"[""standard""]"
Is there a file size limit?,product_question,false,,,,bulk addition 3,"[""standard""]"
You charged me after I cancelled. Give me my money back.,refund,true,,,,bulk addition,"[""standard""]"
i m lockd out of my acunt HELPP,account_issue,true,,,,spelling/noisy text,"[""noisy""]"
Can someone please call me regarding my account?,human_request,true,,,,bulk addition,"[""standard""]"
Do I need to configure the dashboard manually?,general_question,false,,,,bulk addition 4,"[""standard""]"
My workflow automation stopped mid-execution.,technical_support,false,,,,technical issue,"[""standard"", ""technical""]"
Mujhe enterprise plan ka quote chahiye,pricing,false,,,,hinglish pricing,"[""hinglish""]"
What is your policy on data retention?,general_question,false,,,,bulk addition 3,"[""standard""]"
kya mere data safe hai?,general_question,false,,,,general info question,"[""standard""]"
Refund my payment immediately or I'll take legal action.,refund,true,,,,bulk addition,"[""standard""]"
aapka customer support number kya hai?,general_question,false,,,,hinglish general question,"[""hinglish""]"
How much?,pricing,false,,,,very short message,[]
Mujhe refund aur technical support dono chahiye.,refund,true,,,,bulk addition 2,"[""multi_intent""]"
I need both account recovery and a human on the line.,account_issue,true,,,,bulk addition 2,"[""multi_intent""]"
im havin truble wit the softwar,technical_support,false,,,,spelling/noisy text,"[""noisy""]"
the app is crashin on my iphone,technical_support,false,,,,bulk addition 5,"[""noisy""]"
How does the integration wizard work in your platform?,general_question,false,,,,bulk addition 4,"[""standard""]"
your support is helplss,complaint,false,,,,spelling/noisy text,"[""noisy""]"
Do I pay extra for the enterprise add-on?,pricing,false,,,,bulk addition 4,"[""standard""]"
I need to talk to an actual human being.,human_request,true,,,,human request,"[""escalation_positive"", ""human_request""]"
The search function returns no results for existing data.,technical_support,false,,,,technical issue,"[""standard"", ""technical""]"
Can the integration wizard be disabled?,general_question,false,,,,bulk addition 4,"[""standard""]"
I was frustrated earlier but it's working.,technical_support,false,,,,bulk addition 3,"[""hard_negative_escalation""]"
refnd my paymant r i will su u,refund,true,,,,spelling/noisy text,"[""noisy""]"
I need this resolved before my meeting in 2 hours.,technical_support,true,,,,escalation hard positive,"[""escalation_positive"", ""hard_positive""]"
I'm deeply unsatisfied with the product quality.,complaint,false,,,,bulk addition 2,"[""standard""]"
Let me talk to a manager. This is the third time I'm calling.,human_request,true,,,,multi-intent example,"[""multi_intent""]"
Where can I find documentation about email notifications?,general_question,false,,,,bulk addition 4,"[""standard""]"
Mera refund kab tak process hoga?,refund,false,,,,bulk addition,"[""hinglish""]"
Don't need a human. Just wanted to leave a note.,other,false,,,,bulk addition 2,"[""hard_negative_escalation""]"
whr can i find the pricin page,pricing,false,,,,spelling/noisy text,"[""noisy""]"
Is there a chatbot included?,product_question,false,,,,product feature question,"[""standard""]"
What's the overage charge?,pricing,false,,,,pricing question,"[""standard"", ""pricing""]"
I require human assistance for this urgent matter.,human_request,true,,,,bulk addition,"[""standard""]"
What integrations do you support?,general_question,false,,,,general info question,"[""standard""]"
We're ready to move forward with your solution.,sales,false,,,,purchase intent,"[""standard"", ""sales""]"
Is there a tutorial for role management?,general_question,false,,,,bulk addition 4,"[""standard""]"
Mujhe refund chahiye aur human se baat karni hai.,refund,true,,,,bulk addition 3,"[""multi_intent""]"
Can you help me fix The webhook integration?,technical_support,false,,,,bulk addition 4,"[""standard""]"
my notifcations r broken fix plz,technical_support,false,,,,bulk addition 3,"[""noisy""]"
I am completely dissatisfied with this service.,complaint,false,,,,general complaint,"[""standard"", ""complaint""]"
Annual payment pe kitna discount?,pricing,false,,,,hinglish pricing,"[""hinglish""]"
kya custom domains use kar sakte hain?,product_question,false,,,,hinglish product question,"[""hinglish""]"
Mai purchase karna chahta hu.,sales,false,,,,hinglish sales,"[""hinglish""]"
I appreciate the help but I'm good now.,other,false,,,,bulk addition 3,"[""hard_negative_escalation""]"
Price list bhej do?,pricing,false,,,,hinglish pricing,"[""hinglish""]"
Refund pls,refund,true,,,,very short message,[]
Permissions reset ho rahi hain automatically.,technical_support,false,,,,hinglish technical support,"[""hinglish""]"
I'm having trouble with The API endpoint.,technical_support,false,,,,bulk addition 4,"[""standard""]"
Just a quick question. No follow up needed.,general_question,false,,,,bulk addition,"[""hard_negative_escalation""]"
Training price mein include hai?,pricing,false,,,,hinglish pricing,"[""hinglish""]"
Getting error code 500 whenever I hit save.,technical_support,false,,,,technical issue,"[""standard"", ""technical""]"
My workflow automation is not working.,technical_support,false,,,,bulk addition 4,"[""standard""]"
Maine galati se delete kar diya account. Help.,account_issue,true,,,,hinglish example,"[""hinglish""]"
The login page is not working.,technical_support,false,,,,bulk addition 4,"[""standard""]"
I'm tired of your broken promises.,complaint,false,,,,bulk addition,"[""standard""]"
Mujhe aapke product mein kuch features add karne hain. Kya aap custom development support karte ho?,product_question,false,,,,cross 2000,"[""hinglish""]"
You lost my trust. I'm leaving bad reviews everywhere.,complaint,true,,,,bulk addition 2,"[""standard""]"
This is both a feature request and a complaint.,complaint,false,,,,bulk addition,"[""confusion_pair""]"
Is there any way to speak to a real support agent?,human_request,true,,,,human request,"[""escalation_positive"", ""human_request""]"
The login page is showing incorrect data.,technical_support,false,,,,bulk addition 4,"[""standard""]"
Your automated system is not understanding my issue. Human needed.,human_request,true,,,,bulk addition,"[""standard""]"
Kya mein Salesforce se connect kar sakta hu?,product_question,false,,,,hinglish product question,"[""hinglish""]"
Can I access my data offline?,general_question,false,,,,general info question,"[""standard""]"
What's the pricing for the enterprise add-on?,pricing,false,,,,bulk addition 4,"[""standard""]"
Is there a grace period for late payments?,general_question,false,,,,general info question,"[""standard""]"
How do I set up email forwarding?,general_question,false,,,,general info question,"[""standard""]"
i fogot my passwrd,account_issue,false,,,,spelling/noisy text,"[""noisy""]"
Not working,technical_support,false,,,,very short message,[]
I have sales inquiry but also a technical problem.,sales,false,,,,multi-intent example,"[""multi_intent""]"
What's the pricing for API access for 100k calls?,pricing,false,,,,bulk addition 4,"[""standard""]"
Mujhe ek insaan se baat karni hai. Bot se nahi.,human_request,true,,,,human request,"[""escalation_positive"", ""human_request""]"
I want to upgrade but the payment page is broken.,sales,true,,,,bulk addition 2,"[""multi_intent""]"
Please connect me to your solutions team.,sales,false,,,,bulk addition 5,"[""standard""]"
What analytics metrics do you track?,product_question,false,,,,product feature question,"[""standard""]"
What is the max number of integrations?,product_question,false,,,,bulk addition 3,"[""standard""]"
The webhook integration keeps failing.,technical_support,false,,,,bulk addition 4,"[""standard""]"
Mera invoice galat hai. Correct karo.,pricing,false,,,,hinglish example,"[""hinglish""]"
I expect a call back within the next hour. This is unacceptable.,human_request,true,,,,escalation hard positive,"[""escalation_positive"", ""hard_positive""]"
Is there a tutorial for user permissions?,general_question,false,,,,bulk addition 4,"[""standard""]"
Can I use custom domains with your service?,product_question,false,,,,product feature question,"[""standard""]"
I want to talk to your solutions architect.,sales,false,,,,bulk addition 2,"[""standard""]"
I can't access the admin panel anymore.,account_issue,false,,,,account issue,"[""standard"", ""account""]"
Can I restrict access by IP address?,general_question,false,,,,bulk addition,"[""standard""]"
I'm documenting this entire conversation for my attorney.,complaint,true,,,,bulk addition 5,"[""escalation_positive""]"
the app is not openin on my fone help,technical_support,false,,,,bulk addition 3,"[""noisy""]"
What's included in the $50 plan?,pricing,false,,,,pricing question,"[""standard"", ""pricing""]"
i paid for premium but got nthng help,account_issue,true,,,,bulk addition 5,"[""noisy""]"
I am very unhappy with the recent changes.,complaint,false,,,,bulk addition 5,"[""standard""]"
why is this app so slo,technical_support,false,,,,spelling/noisy text,"[""noisy""]"
Mujhe lagta hai ki aapne mujhe dhoka diya.,complaint,false,,,,hinglish complaint,"[""hinglish""]"
ur chargin me rong ammount,pricing,true,,,,spelling/noisy text,"[""noisy""]"
Page load nahi ho raha. Infinite loading.,technical_support,false,,,,hinglish technical support,"[""hinglish""]"
File upload is not loading properly.,technical_support,false,,,,bulk addition 4,"[""standard""]"
Can I connect my domain?,general_question,false,,,,general info question,"[""standard""]"
I want to buy but your price is too high and I'm upset.,pricing,false,,,,bulk addition 3,"[""confusion_pair""]"
Email delivery is delayed by hours.,technical_support,false,,,,technical issue,"[""standard"", ""technical""]"
Kya aap Hindi mein support dete ho?,general_question,false,,,,bulk addition,"[""hinglish""]"
Is live chat available?,general_question,false,,,,general info question,"[""standard""]"
My account was merged with someone else's data.,account_issue,true,,,,bulk addition,"[""standard""]"
Kya aapke yaha COD available hai?,pricing,false,,,,hinglish example,"[""hinglish""]"
I've lost count of how many times I've reported this.,complaint,true,,,,bulk addition,"[""escalation_positive""]"
my data is not syncing propely,technical_support,false,,,,spelling/noisy text,"[""noisy""]"
This platform is getting worse with every update.,complaint,false,,,,bulk addition 5,"[""standard""]"
can sum1 help me with my oder,general_question,false,,,,spelling/noisy text,"[""noisy""]"
Your promises were misleading. I feel cheated.,complaint,false,,,,general complaint,"[""standard"", ""complaint""]"
The drag and drop editor keeps failing.,technical_support,false,,,,bulk addition 4,"[""standard""]"
how much dose the pro plan cost?,pricing,false,,,,spelling/noisy text,"[""noisy""]"
I'm going to dispute this with my bank.,technical_support,true,,,,escalation hard positive,"[""escalation_positive"", ""hard_positive""]"
Mera kaam ruka hua hai. Jaldi karo.,technical_support,true,,,,escalation hard positive,"[""escalation_positive"", ""hard_positive""]"
Angry about billing but love the product.,pricing,false,,,,bulk addition 2,"[""multi_intent""]"
Kya isme A/B testing ka feature hai?,product_question,false,,,,hinglish product question,"[""hinglish""]"
The CSV importer is not loading properly.,technical_support,false,,,,bulk addition 4,"[""standard""]"
The reporting dashboard is showing incorrect data.,technical_support,false,,,,bulk addition 4,"[""standard""]"
You owe me $299. Refund it now.,refund,true,,,,bulk addition 2,"[""standard""]"
i forgat my pasword,account_issue,false,,,,spelling/noisy text,"[""noisy""]"
Do I need to configure email notifications manually?,general_question,false,,,,bulk addition 4,"[""standard""]"
Mera kaam ruka hua hai. Please jaldi help karo.,technical_support,true,,,,hinglish example,"[""hinglish""]"
This has been ignored for too long. Escalate now.,complaint,true,,,,bulk addition 2,"[""escalation_positive""]"
The search bar stopped working suddenly.,technical_support,false,,,,bulk addition 4,"[""standard""]"
Mujhe senior se baat karni hai. Bot nahi.,human_request,true,,,,bulk addition 5,"[""hinglish""]"
I'm unable to change my account email address.,account_issue,false,,,,bulk addition,"[""standard""]"
What are the system requirements?,general_question,false,,,,general info question,"[""standard""]"
I've been paying for 6 months and it's been nothing but trouble.,complaint,false,,,,bulk addition,"[""standard""]"
Data export stopped working suddenly.,technical_support,false,,,,bulk addition 4,"[""standard""]"
How much for additional team members?,pricing,false,,,,bulk addition,"[""standard""]"
Please connect me to your sales department.,sales,false,,,,purchase intent,"[""standard"", ""sales""]"
How long does it take to set up audit logging?,general_question,false,,,,bulk addition 4,"[""standard""]"
The data table freezes when I scroll.,technical_support,false,,,,bulk addition 3,"[""standard""]"
The The template preview feature is causing errors.,technical_support,false,,,,bulk addition 4,"[""standard""]"
I want to increase my plan limits.,sales,false,,,,purchase intent,"[""standard"", ""sales""]"
i hat u guys ur service is the worst evr,complaint,false,,,,bulk addition 2,"[""noisy""]"
Can the template system be disabled?,general_question,false,,,,bulk addition 4,"[""standard""]"
I don't want anyone to reach out. Just process my request.,general_question,false,,,,escalation hard negative,"[""hard_negative_escalation""]"
I've reported the same issue 5 times. Nothing changes.,complaint,true,,,,bulk addition,"[""standard""]"
Mujhe manager se baat karni hai.,human_request,true,,,,hinglish human request,"[""hinglish"", ""escalation_positive"", ""human_request""]"
Account security question not working.,account_issue,false,,,,account issue,"[""standard"", ""account""]"
Can you explain user permissions?,general_question,false,,,,bulk addition 4,"[""standard""]"
I am furious! But I'll handle it myself.,complaint,false,,,,bulk addition 3,"[""hard_negative_escalation""]"
I'm both interested in buying and angry about my current plan.,sales,false,,,,bulk addition,"[""multi_intent""]"
this servic is a scam,complaint,true,,,,spelling/noisy text,"[""noisy""]"
Hi I am writing because I have a very urgent issue. I am about to give a demo to a potential client in 2 hours and your platform just went down. I cannot access any of my data and I have no idea what to show the client. This is extremely embarrassing for me and potentially a lost business opportunity. I need this fixed immediately. My entire presentation depends on your platform working. Please please help me as soon as possible. This is time critical.,technical_support,true,,,,long message,"[""long""]"
How often do you update the software?,general_question,false,,,,general info question,"[""standard""]"
Much appreciated!,other,false,,,,bulk addition,"[""standard""]"
Complaint about my account and I want to cancel.,account_issue,false,,,,bulk addition 3,"[""multi_intent""]"
I was about to get angry but then it fixed.,technical_support,false,,,,bulk addition 3,"[""hard_negative_escalation""]"
File upload is broken after the latest update.,technical_support,false,,,,bulk addition 4,"[""standard""]"
What's the pricing for white labeling?,pricing,false,,,,bulk addition 4,"[""standard""]"
Need human,human_request,true,,,,bulk addition 5,"[""standard""]"
Error,technical_support,false,,,,very short message,[]
this iz not wot i paid 4,complaint,false,,,,spelling/noisy text,"[""noisy""]"
I'm happy with product but angry at support.,complaint,false,,,,bulk addition 3,"[""multi_intent""]"
How long does it take to set up custom fields?,general_question,false,,,,bulk addition 4,"[""standard""]"
This issue has been open for 3 weeks. Escalate now.,complaint,true,,,,bulk addition 3,"[""escalation_positive""]"
Can two-factor authentication be disabled?,general_question,false,,,,bulk addition 4,"[""standard""]"
Complaint here,complaint,false,,,,very short message,[]
Can I set up drip campaigns?,product_question,false,,,,product feature question,"[""standard""]"
I'm not paying for a service I can't use. Refund now.,refund,true,,,,bulk addition,"[""standard""]"
What do I need to know about the template system?,general_question,false,,,,bulk addition 4,"[""standard""]"
GST included hai price mein?,pricing,false,,,,hinglish pricing,"[""hinglish""]"
I can't attach files larger than 1MB even though my limit is 10MB.,technical_support,false,,,,bulk addition,"[""standard""]"
Account issue and refund request both.,refund,true,,,,bulk addition 5,"[""multi_intent""]"
Is there a tutorial for custom fields?,general_question,false,,,,bulk addition 4,"[""standard""]"
cnt login to my acc,account_issue,false,,,,spelling/noisy text,"[""noisy""]"
The notification system is not working.,technical_support,false,,,,bulk addition 4,"[""standard""]"
I need a custom enterprise agreement.,sales,false,,,,bulk addition 5,"[""standard""]"
I want to talk to sales about custom requirements.,sales,false,,,,purchase intent,"[""standard"", ""sales""]"
Isme lead scoring automatic hai?,product_question,false,,,,hinglish product question,"[""hinglish""]"
Put me on the annual billing cycle.,sales,false,,,,purchase intent,"[""standard"", ""sales""]"
Bulk upload feature processes only 10 records at a time.,technical_support,false,,,,technical issue,"[""standard"", ""technical""]"
How much for API access add-on?,pricing,false,,,,pricing question,"[""standard"", ""pricing""]"
Itne paise mein aur aaisa experience.,complaint,false,,,,hinglish complaint,"[""hinglish""]"
What's the price per additional seat?,pricing,false,,,,bulk addition 3,"[""standard""]"
I get an error when using The search bar.,technical_support,false,,,,bulk addition 4,"[""standard""]"
Does the basic plan include analytics?,product_question,false,,,,product feature question,"[""standard""]"
Can you recommend a good movie?,other,false,,,,other / off-topic,"[""standard"", ""other""]"
Is this a product question or just general info?,general_question,false,,,,confusion pair example,"[""confusion_pair""]"
Mai 2 saal se customer hu. Aisa treatment nahi deserve karta.,complaint,true,,,,bulk addition,"[""hinglish""]"
How do I contact support urgently?,general_question,false,,,,bulk addition,"[""standard""]"
i cant find the settngs buton,technical_support,false,,,,spelling/noisy text,"[""noisy""]"
Where is my refund? It's been 15 business days!,refund,true,,,,bulk addition 2,"[""escalation_positive""]"
My export keeps failing with an unknown error.,technical_support,false,,,,technical issue,"[""standard"", ""technical""]"
Is this a sales inquiry or just product info?,general_question,false,,,,bulk addition,"[""confusion_pair""]"
Keep up the good work.,other,false,,,,bulk addition,"[""standard""]"
Kya mai apna plan downgrade kar sakta hu?,pricing,false,,,,hinglish example,"[""hinglish""]"
Bilkul bekar service.,complaint,false,,,,hinglish complaint,"[""hinglish""]"
kya free trial ke liye credit card chahiye?,general_question,false,,,,hinglish general question,"[""hinglish""]"
Email delivery is showing incorrect data.,technical_support,false,,,,bulk addition 4,"[""standard""]"
the dasboard is showin rong data,technical_support,false,,,,spelling/noisy text,"[""noisy""]"
I've sent five emails and nobody has replied.,complaint,true,,,,escalation hard positive,"[""escalation_positive"", ""hard_positive""]"
Account inactive dikha raha hai despite payment.,account_issue,false,,,,hinglish account issue,"[""hinglish""]"
Can you help me fix The drag and drop editor?,technical_support,false,,,,bulk addition 4,"[""standard""]"
Where can I find documentation about user permissions?,general_question,false,,,,bulk addition 4,"[""standard""]"
What's the pricing for the mobile app?,pricing,false,,,,bulk addition 4,"[""standard""]"
The integration with Slack disconnected again.,technical_support,false,,,,technical issue,"[""standard"", ""technical""]"
Aapne mujhe wrong plan charge kar diya.,pricing,true,,,,bulk addition 2,"[""hinglish""]"
I'm not going to stop until this is fixed properly.,complaint,true,,,,bulk addition 2,"[""escalation_positive""]"
I don't need a call. Really. Just a simple reply.,general_question,false,,,,bulk addition 5,"[""hard_negative_escalation""]"
Can I customize the color scheme?,product_question,false,,,,bulk addition 3,"[""standard""]"
Please do not call me. Email the details instead.,general_question,false,,,,escalation hard negative,"[""hard_negative_escalation""]"
The mobile app freezes on the login screen.,technical_support,false,,,,technical issue,"[""standard"", ""technical""]"
Can I export my data?,general_question,false,,,,general info question,"[""standard""]"
No call back required. Email is fine.,general_question,false,,,,bulk addition,"[""hard_negative_escalation""]"
I'm going to complain to the regulator if not fixed.,complaint,true,,,,bulk addition 2,"[""escalation_positive""]"
Mujhe lagta hai aap log seriously nahi le rahe.,complaint,true,,,,escalation hard positive,"[""escalation_positive"", ""hard_positive""]"
Just saying thank you.,other,false,,,,bulk addition,"[""standard""]"
Aapne mujhe block kyu kar diya? Unblock karo.,account_issue,true,,,,hinglish example,"[""hinglish""]"
how can i upgrade my plan,sales,false,,,,spelling/noisy text,"[""noisy""]"
Issue resolved itself. Close my support ticket.,technical_support,false,,,,bulk addition 3,"[""hard_negative_escalation""]"
What does your company do exactly?,general_question,false,,,,confusion pair example,"[""confusion_pair""]"
Can I speak with someone about purchasing?,sales,false,,,,purchase intent,"[""standard"", ""sales""]"
Mujhe annual plan lena hai. Discount do.,sales,false,,,,hinglish example,"[""hinglish""]"
What browsers do you support?,general_question,false,,,,general info question,"[""standard""]"
Speak to human,human_request,true,,,,very short message,[]
I want to cancel and get my money back right now.,refund,true,,,,refund demand,"[""escalation_positive"", ""refund""]"
Aapka mobile app Android pe kyun nahi chal raha?,technical_support,false,,,,hinglish example,"[""hinglish""]"
Kya volume discount available hai?,pricing,false,,,,hinglish pricing,"[""hinglish""]"
Is the import tool available in all plans?,general_question,false,,,,bulk addition 4,"[""standard""]"
I'm this close to reporting you to the better business bureau.,complaint,true,,,,escalation hard positive,"[""escalation_positive"", ""hard_positive""]"
Images uploaded are showing as broken links.,technical_support,false,,,,technical issue,"[""standard"", ""technical""]"
My account was flagged for suspicious activity.,account_issue,true,,,,bulk addition 2,"[""standard""]"
Is there a tutorial for audit logging?,general_question,false,,,,bulk addition 4,"[""standard""]"
My business operations are halted because of you.,technical_support,true,,,,bulk addition 2,"[""escalation_positive""]"
Do you offer usage-based pricing?,pricing,false,,,,pricing question,"[""standard"", ""pricing""]"
Need a quote for 200 users annual.,sales,false,,,,bulk addition 3,"[""standard""]"
I'm having trouble with The CSV importer.,technical_support,false,,,,bulk addition 4,"[""standard""]"
Hi,other,false,,,,very short message,[]
Can you help me migrate from my current provider?,sales,false,,,,purchase intent,"[""standard"", ""sales""]"
How much for the enterprise add-on?,pricing,false,,,,bulk addition 4,"[""standard""]"
Do you like pizza?,other,false,,,,other / off-topic,"[""standard"", ""other""]"
I'm writing to formally request a full refund for my annual subscription. I signed up for the enterprise plan on January 15th based on the sales team's promises about features that were supposedly available. After three months of usage I have discovered that at least 5 major features that were promised are either not implemented or work very differently than described. I have raised multiple support tickets about this but have been told that these features are on the roadmap. That is not acceptable when I paid for features that were supposed to exist now. I expect my full payment of $2999 to be refunded within 14 business days as per your own policy. If I do not receive confirmation by next week I will initiate a chargeback through my bank.,refund,true,,,,long message,"[""long""]"
Is there a tutorial for the import tool?,general_question,false,,,,bulk addition 4,"[""standard""]"
The user interface is counterintuitive.,product_question,false,,,,bulk addition 3,"[""standard""]"
Can I use your platform for free forever?,general_question,false,,,,bulk addition,"[""standard""]"
Can I see a detailed pricing breakdown?,pricing,false,,,,pricing question,"[""standard"", ""pricing""]"
Can you help me fix The search bar?,technical_support,false,,,,bulk addition 4,"[""standard""]"
Payment failed but paisa kat gaya. Double problem.,technical_support,true,,,,hinglish example,"[""hinglish""]"
How much for custom reporting?,pricing,false,,,,bulk addition 4,"[""standard""]"
Send me pricing and also tell me about features.,pricing,false,,,,bulk addition,"[""multi_intent""]"
u guys chargd my card rong amount,refund,true,,,,bulk addition 5,"[""noisy""]"
I want to talk to a customer service representative.,human_request,true,,,,human request,"[""escalation_positive"", ""human_request""]"
Can I create custom user roles?,product_question,false,,,,bulk addition 2,"[""standard""]"
Is there a mobile app for tablets?,general_question,false,,,,general info question,"[""standard""]"
This is the most frustrating experience.,complaint,false,,,,bulk addition 3,"[""standard""]"
i want 2 spek to a manager,human_request,true,,,,spelling/noisy text,"[""noisy""]"
The API endpoint is broken after the latest update.,technical_support,false,,,,bulk addition 4,"[""standard""]"
refund my mony or i su,refund,true,,,,spelling/noisy text,"[""noisy""]"
Password reset link kaam nahi kar raha.,account_issue,false,,,,hinglish account issue,"[""hinglish""]"
Bot useless hai. Insaan do.,human_request,true,,,,hinglish human request,"[""hinglish"", ""escalation_positive"", ""human_request""]"
Can I set up SLA rules?,product_question,false,,,,bulk addition,"[""standard""]"
I get an error when using My workflow automation.,technical_support,false,,,,bulk addition 4,"[""standard""]"
I want to speak to a manager about your terrible service.,human_request,true,,,,confusion pair example,"[""confusion_pair""]"
Auto-save kaam nahi kar raha. Data loss ho raha hai.,technical_support,true,,,,hinglish example,"[""hinglish""]"
What security certifications do you have?,general_question,false,,,,general info question,"[""standard""]"
I have been a loyal customer for 2 years and this is how you treat me?,complaint,true,,,,escalation hard positive,"[""escalation_positive"", ""hard_positive""]"
aap kya karte ho exactly?,general_question,false,,,,hinglish general question,"[""hinglish""]"
This is not worth the money I paid.,complaint,false,,,,general complaint,"[""standard"", ""complaint""]"
Auto-save feature kaam nahi kar raha.,technical_support,false,,,,hinglish technical support,"[""hinglish""]"
Charts galat data dikha rahe hain.,technical_support,false,,,,hinglish technical support,"[""hinglish""]"
My payment failed yesterday but it's working now.,technical_support,false,,,,multi-intent example,"[""multi_intent""]"
Is the enterprise add-on included in the base price?,pricing,false,,,,bulk addition 4,"[""standard""]"
I cannot delete a ticket that was created by mistake.,technical_support,false,,,,bulk addition,"[""standard""]"
You guys don't care about your customers at all.,complaint,false,,,,general complaint,"[""standard"", ""complaint""]"
Please ignore my previous message. Resolved.,other,false,,,,bulk addition 2,"[""hard_negative_escalation""]"
I want to talk to a person who handles billing issues.,pricing,false,,,,bulk addition 5,"[""confusion_pair""]"
I have a sales inquiry but I'm also frustrated.,sales,false,,,,bulk addition 3,"[""confusion_pair""]"
team members kaise invite kare?,general_question,false,,,,general info question,"[""standard""]"
I need 25 licenses for my department.,sales,false,,,,bulk addition,"[""standard""]"
Mai aapka product 2 saal se use kar raha hu.,general_question,false,,,,bulk addition 2,"[""hinglish""]"
Do you support SAML/SSO?,general_question,false,,,,general info question,"[""standard""]"
Can you explain email notifications?,general_question,false,,,,bulk addition 4,"[""standard""]"
How do I reset my password?,general_question,false,,,,general info question,"[""standard""]"
I wanted to report a bug but also ask about something else. The bug is that when I try to export my report as PDF the formatting is completely messed up. Tables are overlapping and the fonts are all wrong. This used to work fine a few weeks ago. Also I was wondering if you have plans to add more chart types in the future? A radar chart would be really useful for my team. But the main thing is the PDF export bug which is affecting my weekly reporting.,technical_support,false,,,,long message,"[""long""]"
You overpromise and underdeliver constantly.,complaint,false,,,,general complaint,"[""standard"", ""complaint""]"
I'm not sure if I need support or I should just cancel.,general_question,false,,,,bulk addition 5,"[""confusion_pair""]"
How much for add-on features?,pricing,false,,,,pricing question,"[""standard"", ""pricing""]"
What's the cheapest option?,pricing,false,,,,pricing question,"[""standard"", ""pricing""]"
Kisi ko call mat karo. Bas price bata do.,pricing,false,,,,escalation hard negative,"[""hard_negative_escalation""]"
Email spam folder mein ja rahi hai.,technical_support,false,,,,hinglish technical support,"[""hinglish""]"
Can I share dashboards with clients?,general_question,false,,,,bulk addition 2,"[""standard""]"
Do I need to configure audit logging manually?,general_question,false,,,,bulk addition 4,"[""standard""]"
Mene 2 bar pay kar diya. Ek refund karo.,refund,true,,,,bulk addition,"[""hinglish""]"
Please do not call me. Just fix the issue silently.,technical_support,false,,,,bulk addition,"[""hard_negative_escalation""]"
What is 2+2?,other,false,,,,confusion pair example,"[""confusion_pair""]"
Can role management be disabled?,general_question,false,,,,bulk addition 4,"[""standard""]"
Can I pay quarterly instead of monthly?,pricing,false,,,,bulk addition,"[""standard""]"
The CSV importer keeps failing.,technical_support,false,,,,bulk addition 4,"[""standard""]"
My manager is asking for an update. I have nothing to tell them.,complaint,true,,,,escalation hard positive,"[""escalation_positive"", ""hard_positive""]"
Is SSO integration included in the base price?,pricing,false,,,,bulk addition 4,"[""standard""]"
Where can I find documentation about role management?,general_question,false,,,,bulk addition 4,"[""standard""]"
Do accounts merge karne hain.,account_issue,false,,,,hinglish account issue,"[""hinglish""]"
I demand to talk to a senior support member.,human_request,true,,,,bulk addition 3,"[""standard""]"
I demand to speak with a customer service representative immediately.,human_request,true,,,,bulk addition,"[""standard""]"
Email delivery is delayed by 6 hours.,technical_support,false,,,,bulk addition 3,"[""standard""]"
Zero stars. Would not recommend to anyone.,complaint,false,,,,general complaint,"[""standard"", ""complaint""]"
Can I transfer my account to someone else?,general_question,false,,,,general info question,"[""standard""]"
Login button is not working properly.,technical_support,false,,,,technical issue,"[""standard"", ""technical""]"
Two saal ka plan kitna hai?,pricing,false,,,,hinglish pricing,"[""hinglish""]"
i was chargd aftr i canclld refund,refund,true,,,,bulk addition 3,"[""noisy""]"
Your service is amazing but expensive. Any discounts?,pricing,false,,,,bulk addition,"[""multi_intent""]"
What do I need to know about real-time sync?,general_question,false,,,,bulk addition 4,"[""standard""]"
SSO login wrong account pe redirect kar raha hai.,account_issue,false,,,,hinglish account issue,"[""hinglish""]"
Real person connect karo please.,human_request,true,,,,human request,"[""escalation_positive"", ""human_request""]"
Can you explain the reporting module?,general_question,false,,,,bulk addition 4,"[""standard""]"
I get an error when using The login page.,technical_support,false,,,,bulk addition 4,"[""standard""]"
Do I pay extra for additional users?,pricing,false,,,,bulk addition 4,"[""standard""]"
This is a critical production outage.,technical_support,true,,,,bulk addition 3,"[""escalation_positive""]"
CSV import fail ho raha hai row 50 par.,technical_support,false,,,,hinglish technical support,"[""hinglish""]"
Is it possible to visit your office?,general_question,false,,,,bulk addition 3,"[""standard""]"
Data export is broken after the latest update.,technical_support,false,,,,bulk addition 4,"[""standard""]"
"Namaste. Mai aapka product use kar raha hu pichle 3 mahine se. Initially sab theek tha but ab bahut problems aa rahe hain. Kabhi kabhi app hang ho jata hai, kabhi data sync nahi hota. Maine support team ko 4 baar email kiya but unka koi proper response nahi aaya. Ek baar to unhone bola ki sab theek hai but actual mein theek nahi hai. Mai bahut frustrated hu. Mujhe lagta hai ki aap log Indian customers ko priority nahi dete. I request you to please look into this matter seriously. Mera business is dependent on your platform and these issues are causing me real problems. Please someone senior contact me directly.",technical_support,true,,,,long message,"[""long""]"
Aapki vajah se mera client loss ho raha hai.,complaint,true,,,,escalation hard positive,"[""escalation_positive"", ""hard_positive""]"
The drag and drop editor is broken after the latest update.,technical_support,false,,,,bulk addition 4,"[""standard""]"
My entire department is unable to work because of your bug.,technical_support,true,,,,bulk addition 5,"[""escalation_positive""]"
Can I get a demo before purchasing?,sales,false,,,,purchase intent,"[""standard"", ""sales""]"
Not complaining just observing.,complaint,false,,,,bulk addition 2,"[""hard_negative_escalation""]"
Thank you but I no longer need assistance.,other,false,,,,bulk addition 3,"[""hard_negative_escalation""]"
Not happy,complaint,false,,,,very short message,[]
No escalation. Just asking a question.,general_question,false,,,,bulk addition 5,"[""hard_negative_escalation""]"
What is the cost of additional users?,pricing,false,,,,bulk addition 4,"[""standard""]"
kya webhook integration hai?,product_question,false,,,,hinglish product question,"[""hinglish""]"
I'm tired of chatting with bots. Real person needed.,human_request,true,,,,human request,"[""escalation_positive"", ""human_request""]"
The progress bar is stuck at 99%.,technical_support,false,,,,bulk addition 5,"[""standard""]"
How long does it take to set up the reporting module?,general_question,false,,,,bulk addition 4,"[""standard""]"
I don't need a human. Just answer my question.,general_question,false,,,,escalation hard negative,"[""hard_negative_escalation""]"
My profile picture won't update.,account_issue,false,,,,account issue,"[""standard"", ""account""]"
The File upload feature is causing errors.,technical_support,false,,,,bulk addition 4,"[""standard""]"
I figured it out on my own.,technical_support,false,,,,bulk addition 3,"[""hard_negative_escalation""]"
I'm just here for the comments.,other,false,,,,bulk addition 2,"[""standard""]"
Aapka dashboard error de raha hai. 500 aa raha hai.,technical_support,false,,,,hinglish example,"[""hinglish""]"
Are you selling this or just providing information?,general_question,false,,,,bulk addition,"[""confusion_pair""]"
can smeone help me plzzz,general_question,false,,,,spelling/noisy text,"[""noisy""]"
Graphs dashboard mein kharaab ho gaye hain.,technical_support,false,,,,hinglish technical support,"[""hinglish""]"
Can I set up auto replies for common questions?,product_question,false,,,,bulk addition,"[""standard""]"
Senior se baat karni hai urgently.,human_request,true,,,,hinglish human request,"[""hinglish"", ""escalation_positive"", ""human_request""]"
Accha,other,false,,,,other / off-topic,"[""standard"", ""other""]"
I was angry earlier but the issue has been resolved.,complaint,false,,,,multi-intent example,"[""multi_intent""]"
Where can I find documentation about real-time sync?,general_question,false,,,,bulk addition 4,"[""standard""]"
Mujhe aapke product ki training chahiye.,product_question,false,,,,bulk addition 5,"[""hinglish""]"
I want to speak to someone about purchasing.,sales,false,,,,confusion pair example,"[""confusion_pair""]"
I'm simultaneously interested and frustrated.,sales,false,,,,bulk addition 5,"[""confusion_pair""]"
What kind of support is included?,general_question,false,,,,bulk addition,"[""standard""]"
I'd like to talk to the sales team.,sales,false,,,,purchase intent,"[""standard"", ""sales""]"
I have nothing to ask. Just saying hi.,other,false,,,,other / off-topic,"[""standard"", ""other""]"
I thought I needed help but I don't. Thanks anyway.,other,false,,,,escalation hard negative,"[""hard_negative_escalation""]"
My CEO is asking about this. I need answers now.,technical_support,true,,,,bulk addition 3,"[""escalation_positive""]"
Billing help needed but I want a human not a bot.,pricing,true,,,,bulk addition,"[""multi_intent""]"
I'm having trouble with My workflow automation.,technical_support,false,,,,bulk addition 4,"[""standard""]"
Is there a limit on the number of projects?,general_question,false,,,,bulk addition 2,"[""standard""]"
Can I switch plans mid-cycle?,pricing,false,,,,pricing question,"[""standard"", ""pricing""]"
Billing address change karna hai par option nahi mil raha.,account_issue,false,,,,hinglish example,"[""hinglish""]"
Can I talk to the sales team about pricing?,sales,false,,,,confusion pair example,"[""confusion_pair""]"
Can't change my account email address.,account_issue,false,,,,account issue,"[""standard"", ""account""]"
Please process my refund request.,refund,true,,,,refund demand,"[""escalation_positive"", ""refund""]"
You are violating the SLA agreement.,technical_support,true,,,,bulk addition 3,"[""escalation_positive""]"
This message is just a test. Ignore it.,other,false,,,,bulk addition 5,"[""standard""]"
How do analytics work?,general_question,false,,,,general info question,"[""standard""]"
I would give zero stars if I could.,complaint,false,,,,bulk addition,"[""standard""]"
Can I transfer my subscription to someone else?,general_question,false,,,,bulk addition,"[""standard""]"
API empty response de raha hai.,technical_support,false,,,,hinglish technical support,"[""hinglish""]"
my notifcations arnt workin,technical_support,false,,,,spelling/noisy text,"[""noisy""]"
Your updates keep breaking existing features.,complaint,false,,,,bulk addition,"[""standard""]"
Where can I find documentation about the dashboard?,general_question,false,,,,bulk addition 4,"[""standard""]"
Can I use my own domain with your service?,product_question,false,,,,bulk addition 3,"[""standard""]"
Refund request: double charge on my last payment.,refund,true,,,,bulk addition 2,"[""standard""]"
wht is ur phne numbr i need to cal,human_request,true,,,,bulk addition,"[""noisy""]"
Baar baar bot se baat kar ke thak gaya hu. Human karo.,human_request,true,,,,hinglish human request,"[""hinglish"", ""escalation_positive"", ""human_request""]"
Do I need a human or can you answer this?,general_question,false,,,,bulk addition 2,"[""confusion_pair""]"
this sftware is usless,complaint,false,,,,spelling/noisy text,"[""noisy""]"
Do you have a mobile app?,general_question,false,,,,bulk addition,"[""standard""]"
You made my day!,other,false,,,,bulk addition,"[""standard""]"
How does the auto-responder work?,product_question,false,,,,product feature question,"[""standard""]"
Best service ever!,other,false,,,,bulk addition,"[""standard""]"
Quality has gone downhill since I started.,complaint,false,,,,general complaint,"[""standard"", ""complaint""]"
This is a sales inquiry but I'm not happy about it.,sales,false,,,,bulk addition 5,"[""confusion_pair""]"
No need to involve management. Simple issue.,general_question,false,,,,bulk addition 5,"[""hard_negative_escalation""]"
I get an error when using The reporting dashboard.,technical_support,false,,,,bulk addition 4,"[""standard""]"
Locked out,account_issue,true,,,,very short message,[]
Images aren't rendering properly in reports.,technical_support,false,,,,technical issue,"[""standard"", ""technical""]"
Can you help me fix The API endpoint?,technical_support,false,,,,bulk addition 4,"[""standard""]"
the chat bot is not helpfl,complaint,false,,,,spelling/noisy text,"[""noisy""]"
Meri report generate nahi ho rahi. Error aa raha hai.,technical_support,false,,,,hinglish example,"[""hinglish""]"
What's the pricing for dedicated server?,pricing,false,,,,bulk addition 4,"[""standard""]"
Your mobile app is draining my battery.,technical_support,false,,,,bulk addition 3,"[""standard""]"
Ye kya software hai?,general_question,false,,,,hinglish general question,"[""hinglish""]"
The mobile app is showing incorrect data.,technical_support,false,,,,bulk addition 4,"[""standard""]"
I'll be in touch.,other,false,,,,bulk addition 3,"[""standard""]"
The webhook integration is broken after the latest update.,technical_support,false,,,,bulk addition 4,"[""standard""]"
How does user permissions work in your platform?,general_question,false,,,,bulk addition 4,"[""standard""]"
How much does the pro plan cost?,pricing,false,,,,pricing question,"[""standard"", ""pricing""]"
Is there GDPR compliance features?,product_question,false,,,,bulk addition 2,"[""standard""]"
My entire team is blocked. We need immediate assistance.,technical_support,true,,,,escalation hard positive,"[""escalation_positive"", ""hard_positive""]"
Aapne mujhe galat plan charge kiya hai.,pricing,true,,,,hinglish example,"[""hinglish""]"
The template preview is not loading properly.,technical_support,false,,,,bulk addition 4,"[""standard""]"
I was angry earlier but the issue has been resolved.,complaint,false,,,,escalation hard negative,"[""hard_negative_escalation""]"
Can I integrate with Jira?,product_question,false,,,,bulk addition,"[""standard""]"
the updat brok evrythin im angy,technical_support,true,,,,bulk addition 3,"[""noisy""]"
kya hum multiple workspaces bana sakte hain?,general_question,false,,,,hinglish general question,"[""hinglish""]"
Do you offer payment plan options?,pricing,false,,,,bulk addition,"[""standard""]"
This is both a refund request and a complaint about service.,refund,true,,,,bulk addition 3,"[""confusion_pair""]"
Login nahi ho raha hai mere account mein.,account_issue,false,,,,hinglish account issue,"[""hinglish""]"
ye tool bulk operations handle kar sakta hai?,product_question,false,,,,hinglish product question,"[""hinglish""]"
Can I automate lead scoring?,product_question,false,,,,product feature question,"[""standard""]"
Please activate my premium features. I just paid.,sales,false,,,,purchase intent,"[""standard"", ""sales""]"
Is there a widget for my website?,product_question,false,,,,bulk addition,"[""standard""]"
Do I pay extra for SSO integration?,pricing,false,,,,bulk addition 4,"[""standard""]"
Is there a trial for the enterprise plan?,general_question,false,,,,bulk addition,"[""standard""]"
What do I need to know about data export?,general_question,false,,,,bulk addition 4,"[""standard""]"
Slack integration disconnect ho gaya.,technical_support,false,,,,hinglish technical support,"[""hinglish""]"
I hate your pricing but I need your product.,pricing,false,,,,bulk addition 3,"[""multi_intent""]"
kya audit logging available hai?,product_question,false,,,,hinglish product question,"[""hinglish""]"
plese refnd my muney,refund,true,,,,spelling/noisy text,"[""noisy""]"
The search bar is broken after the latest update.,technical_support,false,,,,bulk addition 4,"[""standard""]"
Refund request for the premium plan upgrade.,refund,true,,,,bulk addition 5,"[""standard""]"
i cant log in to my accunt,account_issue,false,,,,spelling/noisy text,"[""noisy""]"
The calendar sync stopped working suddenly.,technical_support,false,,,,bulk addition 4,"[""standard""]"
How long does it take to set up the import tool?,general_question,false,,,,bulk addition 4,"[""standard""]"
I have escalated this internally. Your team needs to respond.,complaint,true,,,,escalation hard positive,"[""escalation_positive"", ""hard_positive""]"
How long does it take to set up two-factor authentication?,general_question,false,,,,bulk addition 4,"[""standard""]"
Meri email notification nahi aa rahi.,technical_support,false,,,,hinglish example,"[""hinglish""]"
How are refunds processed?,general_question,false,,,,bulk addition,"[""standard""]"
I regret signing up for this service.,complaint,false,,,,general complaint,"[""standard"", ""complaint""]"
This is extremely disappointing for a paid service.,complaint,false,,,,bulk addition,"[""standard""]"
The API returns empty responses for valid queries.,technical_support,false,,,,technical issue,"[""standard"", ""technical""]"
App crash ho raha hai file upload karte waqt.,technical_support,false,,,,hinglish technical support,"[""hinglish""]"
setup karne mein kitna time lagta hai?,general_question,false,,,,general info question,"[""standard""]"
The PDF generator omits certain sections.,technical_support,false,,,,bulk addition 3,"[""standard""]"
Maine 10 baar call kiya koi nahi utha raha.,human_request,true,,,,escalation hard positive,"[""escalation_positive"", ""hard_positive""]"
What is the cost of API access for 100k calls?,pricing,false,,,,bulk addition 4,"[""standard""]"
How does the reporting module work in your platform?,general_question,false,,,,bulk addition 4,"[""standard""]"
whts the point of ur support if they never help,complaint,false,,,,bulk addition 5,"[""noisy""]"
This is a terrible product. Absolutely useless.,complaint,false,,,,confusion pair example,"[""confusion_pair""]"
I'm not asking for help. Just letting you know about a bug.,technical_support,false,,,,bulk addition,"[""hard_negative_escalation""]"
The graphs in the dashboard are broken.,technical_support,false,,,,technical issue,"[""standard"", ""technical""]"
Refund has been pending for 10 business days.,refund,true,,,,bulk addition 3,"[""standard""]"
Aapki website bahut slow hai. Improve karo.,technical_support,false,,,,bulk addition 2,"[""hinglish""]"
Can you help me fix The CSV importer?,technical_support,false,,,,bulk addition 4,"[""standard""]"
Is custom reporting included in the base price?,pricing,false,,,,bulk addition 4,"[""standard""]"
LinkedIn login integration broke my account.,account_issue,false,,,,account issue,"[""standard"", ""account""]"
The The calendar sync feature is causing errors.,technical_support,false,,,,bulk addition 4,"[""standard""]"
Does it support multi-language content?,product_question,false,,,,product feature question,"[""standard""]"
i cnt chang my email adres helpp,account_issue,false,,,,bulk addition 3,"[""noisy""]"
"Can I speak to sales? Actually, just tell me the price.",pricing,false,,,,multi-intent example,"[""multi_intent""]"
I love this platform!,other,false,,,,bulk addition,"[""standard""]"
How does two-factor authentication work in your platform?,general_question,false,,,,bulk addition 4,"[""standard""]"
What is the cost of premium support?,pricing,false,,,,bulk addition 4,"[""standard""]"
The audit log stopped recording events.,technical_support,false,,,,bulk addition 2,"[""standard""]"
Mujhe aapke product features nahi dikh rahe.,product_question,false,,,,bulk addition 2,"[""hinglish""]"
Pricing for a startup vs enterprise?,pricing,false,,,,pricing question,"[""standard"", ""pricing""]"
Do I pay extra for extra storage?,pricing,false,,,,bulk addition 4,"[""standard""]"
I get an error when using Email delivery.,technical_support,false,,,,bulk addition 4,"[""standard""]"
The CSV importer is not working.,technical_support,false,,,,bulk addition 4,"[""standard""]"
Refund my duplicate payment.,refund,true,,,,refund demand,"[""escalation_positive"", ""refund""]"
Can I upgrade mid-cycle?,pricing,false,,,,bulk addition,"[""standard""]"
Can we set up a trial for the full enterprise suite?,sales,false,,,,bulk addition,"[""standard""]"
The backup process is failing every night.,technical_support,false,,,,technical issue,"[""standard"", ""technical""]"
I'm going to file a complaint with the BBB.,complaint,true,,,,bulk addition 3,"[""escalation_positive""]"
Aapke integration kaise kaam karta hai?,product_question,false,,,,bulk addition 5,"[""hinglish""]"
Help me,general_question,false,,,,very short message,[]
The The drag and drop editor feature is causing errors.,technical_support,false,,,,bulk addition 4,"[""standard""]"
Is there a tutorial for the dashboard?,general_question,false,,,,bulk addition 4,"[""standard""]"
New team members can't see the shared workspace.,account_issue,false,,,,bulk addition,"[""standard""]"
You billed me for the wrong plan. Refund the difference.,refund,true,,,,bulk addition,"[""standard""]"
I can't connect to the API endpoint.,technical_support,false,,,,technical issue,"[""standard"", ""technical""]"
What is the capital of France?,other,false,,,,other / off-topic,"[""standard"", ""other""]"
No escalation required. Simple question.,general_question,false,,,,bulk addition 2,"[""hard_negative_escalation""]"
Are there any setup costs?,pricing,false,,,,pricing question,"[""standard"", ""pricing""]"
I want to talk about a partnership.,sales,false,,,,bulk addition 3,"[""standard""]"
My account shows I'm logged in but nothing loads.,account_issue,false,,,,bulk addition 2,"[""standard""]"
I'm stuck and can't proceed until you fix this.,technical_support,true,,,,escalation hard positive,"[""escalation_positive"", ""hard_positive""]"
This is the last straw. I want a full refund and account deletion.,refund,true,,,,bulk addition 3,"[""escalation_positive""]"
My account was accessed from an unknown device.,account_issue,true,,,,bulk addition 3,"[""standard""]"
can u call me pls,human_request,true,,,,spelling/noisy text,"[""noisy""]"
Does the API support GraphQL?,product_question,false,,,,bulk addition,"[""standard""]"
The API endpoint keeps failing.,technical_support,false,,,,bulk addition 4,"[""standard""]"
Talk to human about technical support for billing issue.,technical_support,true,,,,bulk addition,"[""multi_intent""]"
We'd like to become a customer.,sales,false,,,,purchase intent,"[""standard"", ""sales""]"
I'm evaluating vendors and you're my top choice.,sales,false,,,,purchase intent,"[""standard"", ""sales""]"
hlo i need ur help,general_question,false,,,,spelling/noisy text,"[""noisy""]"
Mai competitor se switch karna chahta hu.,sales,false,,,,hinglish sales,"[""hinglish""]"
Technical support needed but I want a human on the line.,technical_support,true,,,,multi-intent example,"[""multi_intent""]"
I want to buy the premium plan for my 10 person team.,sales,false,,,,bulk addition,"[""standard""]"
Your chatbot is not helping. Transfer to a person.,human_request,true,,,,human request,"[""escalation_positive"", ""human_request""]"
Bot is useless,complaint,false,,,,very short message,[]
This is a general inquiry about your service quality.,general_question,false,,,,bulk addition 2,"[""confusion_pair""]"
Can I use keyboard shortcuts?,product_question,false,,,,bulk addition 5,"[""standard""]"
Price?,pricing,false,,,,very short message,[]
Mujhe koi senior support agent se baat karni hai.,human_request,true,,,,bulk addition 2,"[""hinglish""]"
the export buttin does nothng,technical_support,false,,,,spelling/noisy text,"[""noisy""]"
How does the pricing work for startups?,pricing,false,,,,pricing question,"[""standard"", ""pricing""]"
my acount was suspended for no reeson,account_issue,true,,,,spelling/noisy text,"[""noisy""]"
The real-time sync is lagging by 5 minutes.,technical_support,false,,,,technical issue,"[""standard"", ""technical""]"
LinkedIn login broke my existing account.,account_issue,false,,,,bulk addition,"[""standard""]"
Mujhe weekly backup chahiye. Possible hai?,product_question,false,,,,bulk addition 3,"[""hinglish""]"
I'm about to lose a major client because of your downtime.,technical_support,true,,,,bulk addition 3,"[""escalation_positive""]"
Is dedicated server included in the base price?,pricing,false,,,,bulk addition 4,"[""standard""]"
The reporting dashboard is not working.,technical_support,false,,,,bulk addition 4,"[""standard""]"
You guys have gone downhill significantly.,complaint,false,,,,bulk addition 3,"[""standard""]"
Is there a status page for outages?,general_question,false,,,,general info question,"[""standard""]"
The drag and drop editor is not loading properly.,technical_support,false,,,,bulk addition 4,"[""standard""]"
Meri email notification band ho gayi.,technical_support,false,,,,bulk addition 2,"[""hinglish""]"
i wnt 2 speek to a reel person,human_request,true,,,,spelling/noisy text,"[""noisy""]"
Where can I find documentation about two-factor authentication?,general_question,false,,,,bulk addition 4,"[""standard""]"
Account deactivated for no reason.,account_issue,false,,,,account issue,"[""standard"", ""account""]"
Can I brand the customer portal?,product_question,false,,,,bulk addition,"[""standard""]"
What happens if I exceed my plan limit?,pricing,false,,,,bulk addition,"[""standard""]"
I'm stuck on the verification step for days.,account_issue,false,,,,account issue,"[""standard"", ""account""]"
Aapke yaha kaam karte hai koi Indian?,other,false,,,,hinglish example,"[""hinglish""]"
Can I downgrade my plan anytime?,pricing,false,,,,bulk addition 3,"[""standard""]"
What are the benefits of the integration wizard?,general_question,false,,,,bulk addition 4,"[""standard""]"
The API endpoint is not loading properly.,technical_support,false,,,,bulk addition 4,"[""standard""]"
How long does it take to set up the template system?,general_question,false,,,,bulk addition 4,"[""standard""]"
Is there a minimum user requirement?,pricing,false,,,,bulk addition 3,"[""standard""]"
the app keepz crashin wen i uplod,technical_support,false,,,,spelling/noisy text,"[""noisy""]"
Apna plan kaise change kare?,general_question,false,,,,general info question,"[""standard""]"
your service is terribl,complaint,false,,,,spelling/noisy text,"[""noisy""]"
Account deactivate ho gaya bina reason ke.,account_issue,false,,,,hinglish account issue,"[""hinglish""]"
How does audit logging work in your platform?,general_question,false,,,,bulk addition 4,"[""standard""]"
Aapki app bahut heavy hai. Phone hang ho jata hai.,technical_support,false,,,,hinglish example,"[""hinglish""]"
Pricing monthly hai ya yearly?,pricing,false,,,,hinglish pricing,"[""hinglish""]"
The application is consuming too much memory.,technical_support,false,,,,technical issue,"[""standard"", ""technical""]"
i dont understnd the pricing,pricing,false,,,,spelling/noisy text,"[""noisy""]"
Is custom fields available in all plans?,general_question,false,,,,bulk addition 4,"[""standard""]"
Slow!,technical_support,false,,,,very short message,[]
aapki services ke baare mein batao?,general_question,false,,,,hinglish general question,"[""hinglish""]"
Upgrade plan?,sales,false,,,,bulk addition 5,"[""standard""]"
I have a billing issue but it's not urgent. Just explain.,refund,true,,,,multi-intent example,"[""multi_intent""]"
What reporting dimensions are available?,product_question,false,,,,bulk addition,"[""standard""]"
Very bad,complaint,false,,,,very short message,[]
Is there a price lock for annual subscribers?,pricing,false,,,,bulk addition 2,"[""standard""]"
i paid for premum but dnt hav it,account_issue,true,,,,spelling/noisy text,"[""noisy""]"
Can custom fields be disabled?,general_question,false,,,,bulk addition 4,"[""standard""]"
Tell me your pricing but not too pushy please.,pricing,false,,,,bulk addition,"[""confusion_pair""]"
Pro plan ka price kya hai?,pricing,false,,,,hinglish pricing,"[""hinglish""]"
i wana buy ur premium plan but the paymnt is not wrking,sales,true,,,,bulk addition,"[""noisy""]"
Refund the full amount or I'll take legal action.,refund,true,,,,bulk addition 3,"[""standard""]"
The email notifications are being sent to wrong recipients.,technical_support,false,,,,bulk addition,"[""standard""]"
Is onboarding included in the price?,pricing,false,,,,bulk addition,"[""standard""]"
How does your AI tagging work?,product_question,false,,,,product feature question,"[""standard""]"
Does your platform support webhooks?,product_question,false,,,,bulk addition 2,"[""standard""]"
Aapke paas koi referral program hai?,general_question,false,,,,hinglish example,"[""hinglish""]"
My payment went through but I don't see the premium features unlocked.,technical_support,true,,,,cross 2000,"[""standard""]"
Thanks,other,false,,,,very short message,[]
I'm having trouble with Data export.,technical_support,false,,,,bulk addition 4,"[""standard""]"
Meri team ke liye separate workspace chahiye.,sales,false,,,,hinglish example,"[""hinglish""]"
What's the contract length?,pricing,false,,,,bulk addition,"[""standard""]"
Can I automate workflows with your tool?,product_question,false,,,,product feature question,"[""standard""]"
The search bar is showing incorrect data.,technical_support,false,,,,bulk addition 4,"[""standard""]"
i need a refnd 4 last munth,refund,true,,,,spelling/noisy text,"[""noisy""]"
My deadline was yesterday. I need compensation.,complaint,true,,,,escalation hard positive,"[""escalation_positive"", ""hard_positive""]"
Do you offer custom branding?,general_question,false,,,,general info question,"[""standard""]"
Is the integration wizard available in all plans?,general_question,false,,,,bulk addition 4,"[""standard""]"
"I've been using your platform for about 6 months now and overall it's been a decent experience. However, recently I've noticed that the dashboard takes an unusually long time to load, especially when I'm trying to access the analytics section. I have a fast internet connection at 200 Mbps so the problem is definitely on your end. Can you please check what's going on and get back to me? I don't need anyone to call, just an email update would be sufficient.",technical_support,false,,,,long message,"[""long""]"
The calendar integration stopped syncing events.,technical_support,false,,,,technical issue,"[""standard"", ""technical""]"
Where can I find documentation about the integration wizard?,general_question,false,,,,bulk addition 4,"[""standard""]"
The single sign-on integration broke after migration.,technical_support,false,,,,technical issue,"[""standard"", ""technical""]"
Student discount milta hai kya?,pricing,false,,,,hinglish pricing,"[""hinglish""]"
u guyz r scammers giv my mony bak,refund,true,,,,bulk addition 3,"[""noisy""]"
Can user permissions be disabled?,general_question,false,,,,bulk addition 4,"[""standard""]"
I want to speak to someone about a refund.,refund,true,,,,bulk addition 3,"[""standard""]"
Do you prorate charges?,pricing,false,,,,bulk addition,"[""standard""]"
Do you work with non-profits?,general_question,false,,,,general info question,"[""standard""]"
Please start our enterprise trial with sales.,sales,false,,,,purchase intent,"[""standard"", ""sales""]"
the api integratin is brokn,technical_support,false,,,,spelling/noisy text,"[""noisy""]"
First of all I want to say that I have been your customer for over 2 years. In that time I have seen the platform evolve and I generally like where it is going. However the recent pricing changes have me concerned. My bill has gone up by almost 40% without any additional features being added to my plan. I tried reaching out to billing but got no response. This is very frustrating for a loyal customer. I am not asking for a discount but I at least want someone to explain the pricing change to me. Please do not send automated replies. If this is not addressed I will be forced to explore other options.,pricing,false,,,,long message,"[""long""]"
kya aapke yaha discount milta hai festive season mein?,general_question,false,,,,hinglish general question,"[""hinglish""]"
two factor auth not wrking,technical_support,false,,,,spelling/noisy text,"[""noisy""]"
I'm filing a chargeback if my refund isn't processed.,refund,true,,,,bulk addition,"[""standard""]"
The The mobile app feature is causing errors.,technical_support,false,,,,bulk addition 4,"[""standard""]"
Stop the chatbot. I need a real person now.,human_request,true,,,,bulk addition,"[""standard""]"
Stop redirecting me to the FAQ. Human now.,human_request,true,,,,bulk addition 3,"[""standard""]"
Itne paise waste kar diye aapke product pe.,complaint,false,,,,hinglish complaint,"[""hinglish""]"
Let's start the onboarding process for enterprise.,sales,false,,,,bulk addition,"[""standard""]"
How much for extra storage?,pricing,false,,,,bulk addition 4,"[""standard""]"
Account email change nahi kar sakta.,account_issue,false,,,,hinglish account issue,"[""hinglish""]"
I have been patiently waiting for 2 weeks with no update.,complaint,true,,,,escalation hard positive,"[""escalation_positive"", ""hard_positive""]"
This needs immediate attention. I'm losing revenue.,technical_support,true,,,,bulk addition 2,"[""escalation_positive""]"
Team member add karne ka option kahan hai?,product_question,false,,,,hinglish example,"[""hinglish""]"
What do I need to know about email notifications?,general_question,false,,,,bulk addition 4,"[""standard""]"
Do I need to configure user permissions manually?,general_question,false,,,,bulk addition 4,"[""standard""]"
apka service kya hai?,general_question,false,,,,general info question,"[""standard""]"
kya koi downloading required hai?,general_question,false,,,,general info question,"[""standard""]"
How do I set up a custom domain?,general_question,false,,,,bulk addition 3,"[""standard""]"
Is the template system available in all plans?,general_question,false,,,,bulk addition 4,"[""standard""]"
Beep boop I am a robot.,other,false,,,,bulk addition 2,"[""standard""]"
Don't escalate this. I just want information.,general_question,false,,,,bulk addition,"[""hard_negative_escalation""]"
Cancel my subscription and give me a full refund.,refund,true,,,,refund demand,"[""escalation_positive"", ""refund""]"
How much for additional users?,pricing,false,,,,bulk addition 4,"[""standard""]"
Can I get an enterprise quote?,pricing,false,,,,pricing question,"[""standard"", ""pricing""]"
wer can i find the setings,general_question,false,,,,bulk addition,"[""noisy""]"
Kya aap mujhe call kar sakte ho? Main bot se baat nahi karna chahta.,human_request,true,,,,human request,"[""escalation_positive"", ""human_request""]"
Please expedite my account setup.,sales,false,,,,bulk addition,"[""standard""]"
I was charged incorrectly. Refund the difference.,refund,true,,,,refund demand,"[""escalation_positive"", ""refund""]"
the buton is not workng,technical_support,false,,,,spelling/noisy text,"[""noisy""]"
Is there a tutorial for two-factor authentication?,general_question,false,,,,bulk addition 4,"[""standard""]"
What do I need to know about the integration wizard?,general_question,false,,,,bulk addition 4,"[""standard""]"
Mujhe sales team se baat karni hai.,sales,false,,,,confusion pair example,"[""confusion_pair""]"
How is the usage calculated?,pricing,false,,,,bulk addition,"[""standard""]"
How does custom fields work in your platform?,general_question,false,,,,bulk addition 4,"[""standard""]"
How long does it take to set up email notifications?,general_question,false,,,,bulk addition 4,"[""standard""]"
Kya mai WhatsApp se bhi support le sakta hu?,general_question,false,,,,hinglish example,"[""hinglish""]"
Does your software have a mobile SDK?,product_question,false,,,,product feature question,"[""standard""]"
The search bar is not loading properly.,technical_support,false,,,,bulk addition 4,"[""standard""]"
Can I change the language of the interface?,general_question,false,,,,bulk addition,"[""standard""]"
how do i get a humen on the line plz,human_request,true,,,,bulk addition 2,"[""noisy""]"
File upload nahi ho raha. Error aa raha hai.,technical_support,false,,,,hinglish technical support,"[""hinglish""]"
the search is not workin at all fix it,technical_support,false,,,,bulk addition 5,"[""noisy""]"
I don't want a refund anymore. Cancel my request.,refund,false,,,,multi-intent example,"[""multi_intent""]"
my acnt is hakd sum1 pls help,account_issue,true,,,,bulk addition 3,"[""noisy""]"
how do i upgrade my plan i cnt find the buton,sales,false,,,,bulk addition,"[""noisy""]"
What is the cost per additional user?,pricing,false,,,,pricing question,"[""standard"", ""pricing""]"
Can I set up conditional triggers?,product_question,false,,,,product feature question,"[""standard""]"
What is your uptime guarantee?,general_question,false,,,,general info question,"[""standard""]"
Broken,technical_support,false,,,,very short message,[]
"I would like to take a moment to express my deep disappointment with the level of service I have received over the past few weeks. I signed up for your enterprise plan which cost me a significant amount of money and I expected a certain level of quality and reliability. Unfortunately, what I got was frequent downtimes, slow loading speeds, and when I reached out to support, I received generic copy-paste responses that didn't address my specific concerns. I have spoken to three different agents and each one gave me a different answer. This is not what I signed up for and I am considering moving my entire business to a competitor if this is not resolved immediately. I expect a senior manager to contact me within 24 hours.",complaint,true,,,,long message,"[""long""]"
i want a refnd pls,refund,true,,,,spelling/noisy text,"[""noisy""]"
I need to speak to a person with real authority.,human_request,true,,,,bulk addition 2,"[""standard""]"
File upload stopped working suddenly.,technical_support,false,,,,bulk addition 4,"[""standard""]"
Team plan ka quote do?,pricing,false,,,,hinglish pricing,"[""hinglish""]"
kya premium plan mein API access milta hai?,product_question,false,,,,hinglish product question,"[""hinglish""]"
i hav been wating for 2 weks,complaint,true,,,,spelling/noisy text,"[""noisy""]"
My team member can't access the shared account.,account_issue,false,,,,account issue,"[""standard"", ""account""]"
Just testing your support system. No issue here.,other,false,,,,escalation hard negative,"[""hard_negative_escalation""]"
Two-factor authentication code delivery is delayed.,technical_support,false,,,,technical issue,"[""standard"", ""technical""]"
Need help,general_question,false,,,,very short message,[]
The reporting dashboard is not loading properly.,technical_support,false,,,,bulk addition 4,"[""standard""]"
What's the pricing for custom reporting?,pricing,false,,,,bulk addition 4,"[""standard""]"
I can fix this myself. Just confirm the steps.,technical_support,false,,,,escalation hard negative,"[""hard_negative_escalation""]"
Have a great day!,other,false,,,,bulk addition,"[""standard""]"
The webhook integration is showing incorrect data.,technical_support,false,,,,bulk addition 4,"[""standard""]"
Aapne mera account suspend kyun kiya?,account_issue,true,,,,bulk addition 3,"[""hinglish""]"
Bahut important hai. Please jaldi help karo.,general_question,true,,,,escalation hard positive,"[""escalation_positive"", ""hard_positive""]"
Integration kaise karte hai Salesforce se?,product_question,false,,,,hinglish example,"[""hinglish""]"
File compression feature is producing corrupted files.,technical_support,false,,,,technical issue,"[""standard"", ""technical""]"
the app crahses whn i opn it,technical_support,false,,,,spelling/noisy text,"[""noisy""]"
Can I have multiple workspaces?,general_question,false,,,,general info question,"[""standard""]"
I would like to understand your pricing model better before committing to a purchase.,pricing,false,,,,cross 2000,"[""standard""]"
Do you have a dedicated IP option?,product_question,false,,,,bulk addition 3,"[""standard""]"
Suno,other,false,,,,very short message,[]
Aapne mujhe double charge kiya last month.,refund,true,,,,bulk addition 3,"[""hinglish""]"
account activate karne mein kitna time lagta hai?,general_question,false,,,,hinglish general question,"[""hinglish""]"
Can you explain the dashboard?,general_question,false,,,,bulk addition 4,"[""standard""]"
Aapki website down kyun hai?,technical_support,true,,,,bulk addition,"[""hinglish""]"
I get an error when using The drag and drop editor.,technical_support,false,,,,bulk addition 4,"[""standard""]"
Payment to gayi lekin account mein nahi aayi.,technical_support,true,,,,bulk addition 2,"[""hinglish""]"
How much for enterprise?,pricing,false,,,,pricing question,"[""standard"", ""pricing""]"
I'll take legal action if I don't get my money back.,refund,true,,,,multi-intent example,"[""multi_intent""]"
The login page stopped working suddenly.,technical_support,false,,,,bulk addition 4,"[""standard""]"
Is there a phone number I can call?,human_request,true,,,,bulk addition,"[""standard""]"
Who won the cricket match yesterday?,other,false,,,,other / off-topic,"[""standard"", ""other""]"
How are overage fees calculated?,pricing,false,,,,pricing question,"[""standard"", ""pricing""]"
Can I add 10 more seats to my account?,sales,false,,,,purchase intent,"[""standard"", ""sales""]"
Can I automate ticket assignment?,product_question,false,,,,bulk addition,"[""standard""]"
Absolutely wonderful weather we're having,other,false,,,,other / off-topic,"[""standard"", ""other""]"
MerA account hacked hua hai. Immediate action lo.,account_issue,true,,,,bulk addition 2,"[""hinglish""]"
The The API endpoint feature is causing errors.,technical_support,false,,,,bulk addition 4,"[""standard""]"
What payment methods do you accept?,general_question,false,,,,general info question,"[""standard""]"
Please send me the invoice for enterprise plan.,sales,false,,,,purchase intent,"[""standard"", ""sales""]"
App freeze ho raha hai login screen par.,technical_support,false,,,,hinglish technical support,"[""hinglish""]"
I'm interested in buying but your site keeps crashing.,sales,false,,,,multi-intent example,"[""multi_intent""]"
Do you have video tutorials?,general_question,false,,,,general info question,"[""standard""]"
I want to buy but first help me understand the pricing.,pricing,false,,,,multi-intent example,"[""multi_intent""]"
the updat broke everythin plz fix asap,technical_support,true,,,,bulk addition 2,"[""noisy""]"
Koi real person se baat karwao.,human_request,true,,,,hinglish human request,"[""hinglish"", ""escalation_positive"", ""human_request""]"
I've been waiting three weeks for a resolution.,technical_support,true,,,,escalation hard positive,"[""escalation_positive"", ""hard_positive""]"
i accidently deletd my accunt,account_issue,true,,,,spelling/noisy text,"[""noisy""]"
Team plan lena hai. Discount batao.,sales,false,,,,bulk addition 2,"[""hinglish""]"
Do you support email templates?,product_question,false,,,,bulk addition,"[""standard""]"
Is additional users included in the base price?,pricing,false,,,,bulk addition 4,"[""standard""]"
I already fixed it. No human needed.,technical_support,false,,,,bulk addition 5,"[""hard_negative_escalation""]"
I don't have an account and I'm just browsing.,other,false,,,,bulk addition 5,"[""standard""]"
What a beautiful day!,other,false,,,,bulk addition 3,"[""standard""]"
Mai upgrade karna chahta hu enterprise plan mein.,sales,false,,,,hinglish sales,"[""hinglish""]"
i wanna cancel my subscrption,sales,false,,,,spelling/noisy text,"[""noisy""]"
Is there a tutorial for the template system?,general_question,false,,,,bulk addition 4,"[""standard""]"
Where can I find documentation about audit logging?,general_question,false,,,,bulk addition 4,"[""standard""]"
i m lockd out of my acnt since 3 days,account_issue,true,,,,bulk addition 5,"[""noisy""]"
I appreciate your quick response!,other,false,,,,bulk addition 5,"[""standard""]"
The search bar keeps failing.,technical_support,false,,,,bulk addition 4,"[""standard""]"
Payment kat gaya but account activate nahi hua.,technical_support,true,,,,hinglish example,"[""hinglish""]"
The template preview is broken after the latest update.,technical_support,false,,,,bulk addition 4,"[""standard""]"
Do you provide training resources?,general_question,false,,,,general info question,"[""standard""]"
Data export is not working.,technical_support,false,,,,bulk addition 4,"[""standard""]"
Can you connect me to a senior representative?,human_request,true,,,,human request,"[""escalation_positive"", ""human_request""]"
I am completely dissatisfied. Give my money back.,refund,true,,,,confusion pair example,"[""confusion_pair""]"
Deadline miss ho jayegi. Please koi help karo.,technical_support,true,,,,escalation hard positive,"[""escalation_positive"", ""hard_positive""]"
The chat widget is not displaying on mobile.,technical_support,false,,,,bulk addition 5,"[""standard""]"
Is my data secure with you?,general_question,false,,,,general info question,"[""standard""]"
Cancel my subscription and tell me about your other products.,refund,false,,,,multi-intent example,"[""multi_intent""]"
Stop ignoring my requests. Human now.,human_request,true,,,,bulk addition 3,"[""standard""]"
Bahut behtareen service thi pehle. Ab kya ho gaya?,complaint,false,,,,hinglish complaint,"[""hinglish""]"
This is a complaint about my account but also a refund request.,refund,true,,,,bulk addition 2,"[""multi_intent""]"
Human request hai but also my payment failed.,human_request,true,,,,multi-intent example,"[""multi_intent""]"
Can you help me fix Email delivery?,technical_support,false,,,,bulk addition 4,"[""standard""]"
Are there any transaction fees?,pricing,false,,,,pricing question,"[""standard"", ""pricing""]"
The Email delivery feature is causing errors.,technical_support,false,,,,bulk addition 4,"[""standard""]"
Hello,other,false,,,,other / off-topic,"[""standard"", ""other""]"
Can the API be disabled?,general_question,false,,,,bulk addition 4,"[""standard""]"
API access ka alag se paisa lagega?,pricing,false,,,,hinglish pricing,"[""hinglish""]"
Why does my account show a different price than advertised?,pricing,false,,,,confusion pair example,"[""confusion_pair""]"
How old are you?,other,false,,,,other / off-topic,"[""standard"", ""other""]"
how 2 get a refnd i need it urgent,refund,true,,,,bulk addition 5,"[""noisy""]"
How do I cook pasta?,other,false,,,,other / off-topic,"[""standard"", ""other""]"
Can I pause my subscription?,general_question,false,,,,general info question,"[""standard""]"
Mai regular customer hu. Mujhe priority support do.,sales,false,,,,hinglish example,"[""hinglish""]"
My account is showing balance due but I already paid.,account_issue,true,,,,bulk addition 5,"[""standard""]"
Isme multiple currency support hai kya?,product_question,false,,,,hinglish product question,"[""hinglish""]"
You guys are awesome!,other,false,,,,bulk addition,"[""standard""]"
I'm having trouble with The reporting dashboard.,technical_support,false,,,,bulk addition 4,"[""standard""]"
Bot se baat karke thak gaya. Human do.,human_request,true,,,,hinglish example,"[""hinglish""]"
My subscription renewed but I wanted to cancel.,refund,true,,,,bulk addition 3,"[""standard""]"
Migration ka kitna lagta hai?,pricing,false,,,,hinglish pricing,"[""hinglish""]"
I accidentally deleted my workspace.,account_issue,true,,,,bulk addition 3,"[""standard""]"
Every interaction with your company is painful.,complaint,false,,,,general complaint,"[""standard"", ""complaint""]"
API key suddenly stop ho gaya.,technical_support,false,,,,hinglish technical support,"[""hinglish""]"
Is the price negotiable for large teams?,pricing,false,,,,bulk addition,"[""standard""]"
I'd like to start a paid subscription today.,sales,false,,,,purchase intent,"[""standard"", ""sales""]"
Can I change my display name?,general_question,false,,,,general info question,"[""standard""]"
Aapke yaha par kitne log kaam karte hain?,general_question,false,,,,bulk addition 3,"[""hinglish""]"
account kaise delete kare?,general_question,false,,,,general info question,"[""standard""]"
Aapka service bahut slow hai. Kya kar rahe ho?,technical_support,false,,,,hinglish example,"[""hinglish""]"
I'm authorized to make purchase decisions for my team.,sales,false,,,,purchase intent,"[""standard"", ""sales""]"
Aapne mujhe double charge kar diya. Immediately refund karo.,refund,true,,,,hinglish example,"[""hinglish""]"
pro plan mein kitne users add kar sakte hain?,product_question,false,,,,hinglish product question,"[""hinglish""]"
Quality gir gayi hai starting se.,complaint,false,,,,hinglish complaint,"[""hinglish""]"
What is the cost for dedicated support?,pricing,false,,,,bulk addition 2,"[""standard""]"
The timezone setting keeps resetting to UTC.,technical_support,false,,,,bulk addition,"[""standard""]"
I'm furious. Someone hacked my account. Call me now.,account_issue,true,,,,multi-intent example,"[""multi_intent""]"
aapki company kitni purani hai?,general_question,false,,,,hinglish general question,"[""hinglish""]"
I was a loyal customer but you don't care.,complaint,false,,,,general complaint,"[""standard"", ""complaint""]"
ye software Hindi mein available hai?,general_question,false,,,,hinglish general question,"[""hinglish""]"
Do you offer discounts for NGOs?,pricing,false,,,,pricing question,"[""standard"", ""pricing""]"
Team plan ka quote bhej do.,sales,false,,,,hinglish example,"[""hinglish""]"
Does your product support real-time collaboration?,product_question,false,,,,confusion pair example,"[""confusion_pair""]"
I want to add the API add-on to my existing plan.,sales,false,,,,bulk addition,"[""standard""]"
Hidden fees to nahi hain na?,pricing,false,,,,hinglish pricing,"[""hinglish""]"
Do you support custom email templates?,general_question,false,,,,general info question,"[""standard""]"
Tell me a story,other,false,,,,other / off-topic,"[""standard"", ""other""]"
Is there an API available for developers?,general_question,false,,,,general info question,"[""standard""]"
Please activate my account for enterprise trial.,sales,false,,,,bulk addition 2,"[""standard""]"
I want to speak to billing about my refund.,refund,true,,,,bulk addition,"[""standard""]"
Aapke server down hain kya?,technical_support,false,,,,bulk addition 5,"[""hinglish""]"
Mujhe refund chahiye. Also what is the price of premium?,refund,true,,,,multi-intent example,"[""multi_intent""]"
Current provider se migrate karne mein help karo.,sales,false,,,,hinglish sales,"[""hinglish""]"
Please connect me to sales engineering.,sales,false,,,,bulk addition 3,"[""standard""]"
the search funtion is usless,technical_support,false,,,,bulk addition 3,"[""noisy""]"
Cancel?,sales,false,,,,very short message,[]
The app crashes every time I upload a file.,technical_support,false,,,,technical issue,"[""standard"", ""technical""]"
My account has been compromised. I need immediate lock down.,account_issue,true,,,,bulk addition,"[""escalation_positive""]"
i cnt figur out how to reset my pasword,account_issue,false,,,,bulk addition 2,"[""noisy""]"
Can you explain backup?,general_question,false,,,,bulk addition 4,"[""standard""]"
"Your service is terrible, give me a refund.",refund,true,,,,confusion pair example,"[""confusion_pair""]"
my acount got hakd help me plz,account_issue,true,,,,bulk addition,"[""noisy""]"
The auto-save feature isn't working.,technical_support,false,,,,technical issue,"[""standard"", ""technical""]"
This is absolutely unacceptable behavior from your team.,complaint,true,,,,bulk addition 3,"[""escalation_positive""]"
Database connection keeps dropping every 5 minutes.,technical_support,false,,,,bulk addition 2,"[""standard""]"
Can I integrate with Zapier?,general_question,false,,,,general info question,"[""standard""]"
How much for the mobile app?,pricing,false,,,,bulk addition 4,"[""standard""]"
I found the answer myself. Close my ticket.,general_question,false,,,,bulk addition,"[""hard_negative_escalation""]"
Worst experience ever.,complaint,false,,,,general complaint,"[""standard"", ""complaint""]"
Do you have a mobile-responsive interface?,product_question,false,,,,product feature question,"[""standard""]"
Data export keeps failing.,technical_support,false,,,,bulk addition 4,"[""standard""]"
Is there a limit on storage?,general_question,false,,,,general info question,"[""standard""]"
the integratin with slack brok after updat,technical_support,false,,,,bulk addition 2,"[""noisy""]"
I get an error when using File upload.,technical_support,false,,,,bulk addition 4,"[""standard""]"
i wana spek to a manager not a bot,human_request,true,,,,bulk addition 2,"[""noisy""]"
Maine bahut wait kiya but koi farak nahi pada.,complaint,false,,,,hinglish complaint,"[""hinglish""]"
I was upset but I don't need anyone to reach out.,complaint,false,,,,bulk addition,"[""hard_negative_escalation""]"
I can't send emails through your platform.,technical_support,false,,,,technical issue,"[""standard"", ""technical""]"
What's the weather today?,other,false,,,,other / off-topic,"[""standard"", ""other""]"
Mera account delete karo. Bahut problem hai.,account_issue,false,,,,bulk addition,"[""hinglish""]"
Is there a role-based access control?,product_question,false,,,,product feature question,"[""standard""]"
I was logged out and now my password doesn't work.,account_issue,false,,,,bulk addition 2,"[""standard""]"
What is the cost of the enterprise add-on?,pricing,false,,,,bulk addition 4,"[""standard""]"
ur service sux big time,complaint,false,,,,bulk addition,"[""noisy""]"
How long does it take to set up backup?,general_question,false,,,,bulk addition 4,"[""standard""]"
I have a complaint about billing but I need technical help accessing my account.,account_issue,true,,,,multi-intent example,"[""multi_intent""]"
Take me to your supervisor right now.,human_request,true,,,,bulk addition 5,"[""standard""]"
Data sync nahi ho raha mobile aur desktop mein.,technical_support,false,,,,hinglish technical support,"[""hinglish""]"
my id is not verifide,account_issue,false,,,,spelling/noisy text,"[""noisy""]"
Mera annual plan lena hai. Process batao.,sales,false,,,,bulk addition 3,"[""hinglish""]"
Maine multiple baar email kiya hai but koi reply nahi.,complaint,true,,,,escalation hard positive,"[""escalation_positive"", ""hard_positive""]"
Your service is bad and I want a human to explain.,human_request,true,,,,bulk addition 3,"[""multi_intent""]"
subscription expire hone par kya hoga?,general_question,false,,,,general info question,"[""standard""]"
You lost a customer today.,complaint,false,,,,general complaint,"[""standard"", ""complaint""]"
this is so anoying i want a refnd,refund,true,,,,spelling/noisy text,"[""noisy""]"
Is there a way to preview before publishing?,general_question,false,,,,bulk addition,"[""standard""]"
plez help im lockt out,account_issue,true,,,,spelling/noisy text,"[""noisy""]"
The form submission is returning 403 errors.,technical_support,false,,,,bulk addition 2,"[""standard""]"
I get an error when using The API endpoint.,technical_support,false,,,,bulk addition 4,"[""standard""]"
I want my money back and I want it NOW.,refund,true,,,,bulk addition 3,"[""escalation_positive""]"
Is there a tutorial for real-time sync?,general_question,false,,,,bulk addition 4,"[""standard""]"
Custom requirements ke liye sales se baat karni hai.,sales,false,,,,hinglish sales,"[""hinglish""]"
ur bot is dumm giv me reel person,human_request,true,,,,bulk addition 3,"[""noisy""]"
Push notifications aana band ho gaye.,technical_support,false,,,,hinglish technical support,"[""hinglish""]"
my dashbord is showin rong numbrs,technical_support,false,,,,bulk addition 2,"[""noisy""]"
Aapki team ka response time bahut slow hai.,complaint,false,,,,bulk addition,"[""hinglish""]"
my account is lokced help,account_issue,true,,,,spelling/noisy text,"[""noisy""]"
Do I need to configure the integration wizard manually?,general_question,false,,,,bulk addition 4,"[""standard""]"
File upload limit is stuck at 0 bytes.,technical_support,false,,,,technical issue,"[""standard"", ""technical""]"
I want my money back for the annual plan I just bought.,refund,true,,,,refund demand,"[""escalation_positive"", ""refund""]"
Login credentials suddenly kaam nahi kar rahe.,account_issue,false,,,,hinglish account issue,"[""hinglish""]"
Where is refund?,refund,true,,,,bulk addition 5,"[""standard""]"
Are there discounts for non-profits?,pricing,false,,,,bulk addition,"[""standard""]"
I get an error when using The template preview.,technical_support,false,,,,bulk addition 4,"[""standard""]"
I was going to complain but now I just want my money back.,refund,true,,,,multi-intent example,"[""multi_intent""]"
Customer service representative se baat karni hai.,human_request,true,,,,hinglish human request,"[""hinglish"", ""escalation_positive"", ""human_request""]"
Error 500,technical_support,false,,,,very short message,[]
Does it support multi-brand?,product_question,false,,,,bulk addition,"[""standard""]"
The mobile app is not working.,technical_support,false,,,,bulk addition 4,"[""standard""]"
Can we schedule the onboarding call?,sales,false,,,,purchase intent,"[""standard"", ""sales""]"
Is this service available worldwide?,general_question,false,,,,general info question,"[""standard""]"
I'm both angry and want to buy your product.,sales,false,,,,bulk addition 2,"[""confusion_pair""]"
SSO login is redirecting to wrong account.,account_issue,false,,,,account issue,"[""standard"", ""account""]"
What time does your support team work?,general_question,false,,,,bulk addition,"[""standard""]"
The push notifications stopped coming yesterday.,technical_support,false,,,,technical issue,"[""standard"", ""technical""]"
The quality of your product has degraded significantly.,complaint,false,,,,general complaint,"[""standard"", ""complaint""]"
wer r my reports,technical_support,false,,,,spelling/noisy text,"[""noisy""]"
Aapki app bahut storage le rahi hai phone mein.,technical_support,false,,,,bulk addition 2,"[""hinglish""]"
I want to switch from a competitor to your service.,sales,false,,,,purchase intent,"[""standard"", ""sales""]"
Can I schedule posts?,general_question,false,,,,general info question,"[""standard""]"
What do I need to know about user permissions?,general_question,false,,,,bulk addition 4,"[""standard""]"
Is premium support included in the base price?,pricing,false,,,,bulk addition 4,"[""standard""]"
Two-factor authentication code not arriving.,account_issue,false,,,,account issue,"[""standard"", ""account""]"
My account needs to be unlocked immediately.,account_issue,true,,,,bulk addition 3,"[""standard""]"
Is pricing per month or per year?,pricing,false,,,,pricing question,"[""standard"", ""pricing""]"
I want to subscribe but need a quote first.,sales,false,,,,bulk addition,"[""standard""]"
How does role management work in your platform?,general_question,false,,,,bulk addition 4,"[""standard""]"
Is backup available in all plans?,general_question,false,,,,bulk addition 4,"[""standard""]"
Support team kabhi respond nahi karti.,complaint,false,,,,hinglish complaint,"[""hinglish""]"
Per seat charge karte ho ya flat rate?,pricing,false,,,,hinglish pricing,"[""hinglish""]"
Give me a refund or I'll file a chargeback.,refund,true,,,,refund demand,"[""escalation_positive"", ""refund""]"
Lazy development and poor testing on your end.,complaint,false,,,,bulk addition,"[""standard""]"
What is your data backup frequency?,general_question,false,,,,bulk addition,"[""standard""]"
Can you help me purchase additional seats?,sales,false,,,,purchase intent,"[""standard"", ""sales""]"
Mujhe kisi se baat nahi karni. Sirf information chahiye.,general_question,false,,,,escalation hard negative,"[""hard_negative_escalation""]"
I need 500 licenses for my enterprise.,sales,false,,,,bulk addition 3,"[""standard""]"
Let me upgrade right now. Take my payment.,sales,false,,,,purchase intent,"[""standard"", ""sales""]"
Contact not required. Just giving feedback.,complaint,false,,,,escalation hard negative,"[""hard_negative_escalation""]"
How much for white labeling?,pricing,false,,,,bulk addition 3,"[""standard""]"
Is there a template library?,product_question,false,,,,product feature question,"[""standard""]"
What are the benefits of custom fields?,general_question,false,,,,bulk addition 4,"[""standard""]"
Thanks team,other,false,,,,very short message,[]
Can audit logging be disabled?,general_question,false,,,,bulk addition 4,"[""standard""]"
I get an error when using Data export.,technical_support,false,,,,bulk addition 4,"[""standard""]"
What do I need to know about the import tool?,general_question,false,,,,bulk addition 4,"[""standard""]"
What do I need to know about the reporting module?,general_question,false,,,,bulk addition 4,"[""standard""]"
Does it have time tracking?,product_question,false,,,,bulk addition,"[""standard""]"
setup kaise hota hai?,general_question,false,,,,hinglish general question,"[""hinglish""]"
Your product is a joke.,complaint,false,,,,general complaint,"[""standard"", ""complaint""]"
The system is not recognizing my API calls.,technical_support,false,,,,bulk addition 3,"[""standard""]"
How much for SSO integration?,pricing,false,,,,bulk addition 4,"[""standard""]"
I'd rather speak to someone on the phone.,human_request,true,,,,human request,"[""escalation_positive"", ""human_request""]"
Please send me the onboarding checklist.,sales,false,,,,bulk addition 3,"[""standard""]"
Is there funnel analytics?,product_question,false,,,,product feature question,"[""standard""]"
I was charged twice. Fix this and refund the duplicate.,refund,true,,,,bulk addition,"[""standard""]"
What do I need to know about the API?,general_question,false,,,,bulk addition 4,"[""standard""]"
i cnt find the cancle buton anywer,sales,false,,,,bulk addition 2,"[""noisy""]"
What time is it?,other,false,,,,other / off-topic,"[""standard"", ""other""]"
"Can you help me with pricing? Also, I can't log in.",pricing,false,,,,multi-intent example,"[""multi_intent""]"
Do you have a referral program?,general_question,false,,,,general info question,"[""standard""]"
Is real-time sync available in all plans?,general_question,false,,,,bulk addition 4,"[""standard""]"
I need this refund processed within 24 hours.,refund,true,,,,refund demand,"[""escalation_positive"", ""refund""]"
Nobody needs to contact me. I just have a question.,general_question,false,,,,escalation hard negative,"[""hard_negative_escalation""]"
Account?,account_issue,false,,,,very short message,[]
Please generate a proforma invoice for the team plan.,sales,false,,,,purchase intent,"[""standard"", ""sales""]"
Does the platform have a dashboard?,product_question,false,,,,product feature question,"[""standard""]"
File preview is not working for PDF uploads.,technical_support,false,,,,bulk addition 2,"[""standard""]"
I get an error when using The mobile app.,technical_support,false,,,,bulk addition 4,"[""standard""]"
i wnt a human to call me ryt now,human_request,true,,,,bulk addition,"[""noisy""]"
Billed twice this month. Need immediate refund.,refund,true,,,,bulk addition 3,"[""standard""]"
This is the final warning before I take legal steps.,complaint,true,,,,bulk addition 5,"[""escalation_positive""]"
How do I turn off email notifications?,general_question,false,,,,bulk addition,"[""standard""]"
Maine aapka product use karna shuru kiya 3 hafte pehle. Bahut sare features hain jo mujhe pasand aaye lekin kuch cheezein theek nahi hain. Pehli baat to ye ki setup process bahut complicated hai. Mujhe khud hi figure out karna pada ki kaise kaam karta hai. Aapke paas koi beginner guide nahi hai. Doosri baat ye ki customer support ka response time bahut slow hai. Maine 3 din pehle email kiya tha but aaj tak koi reply nahi aaya. Teesri baat ye ki mobile app bahut baar crash hoti hai. Overall I think the product has potential but it needs improvement in these areas.,complaint,false,,,,long message,"[""long""]"
Can you teach me to code?,other,false,,,,bulk addition 2,"[""standard""]"
Aapne mujhe galat currency mein bill kiya.,pricing,true,,,,bulk addition 3,"[""hinglish""]"
No need to follow up. All sorted.,technical_support,false,,,,bulk addition 3,"[""hard_negative_escalation""]"
My custom scripts stopped working after the latest update.,technical_support,false,,,,technical issue,"[""standard"", ""technical""]"
Is there a command palette?,product_question,false,,,,bulk addition 5,"[""standard""]"
Are there any hidden fees?,pricing,false,,,,pricing question,"[""standard"", ""pricing""]"
Aapki pricing transparent nahi hai.,pricing,false,,,,bulk addition 5,"[""hinglish""]"
Can I schedule backups automatically?,general_question,false,,,,bulk addition 2,"[""standard""]"
Do you have a pay-per-use model?,pricing,false,,,,bulk addition 2,"[""standard""]"
"I want to talk to a human, not a bot.",human_request,true,,,,human request,"[""escalation_positive"", ""human_request""]"
I'm having trouble with The template preview.,technical_support,false,,,,bulk addition 4,"[""standard""]"
I need both technical support and a refund.,refund,true,,,,multi-intent example,"[""multi_intent""]"
File upload keeps failing.,technical_support,false,,,,bulk addition 4,"[""standard""]"
Scam!,complaint,true,,,,very short message,[]
My login credentials stopped working suddenly.,account_issue,false,,,,account issue,"[""standard"", ""account""]"
Mujhe nahi chahiye refund. Bas policy batao.,refund,false,,,,hinglish example,"[""hinglish""]"
You promised X but delivered Y. False advertising.,complaint,false,,,,general complaint,"[""standard"", ""complaint""]"
how much for the premimum plan,pricing,false,,,,spelling/noisy text,"[""noisy""]"
my acnt got suspendd for no reeson help,account_issue,true,,,,bulk addition 5,"[""noisy""]"
Maine payment kar diya hai. Activate karo.,sales,false,,,,hinglish sales,"[""hinglish""]"
What is the pricing for education?,pricing,false,,,,bulk addition,"[""standard""]"
Where can I find documentation about the reporting module?,general_question,false,,,,bulk addition 4,"[""standard""]"
The CSV importer is showing incorrect data.,technical_support,false,,,,bulk addition 4,"[""standard""]"
Will this work with my existing ERP system?,product_question,false,,,,bulk addition 3,"[""standard""]"
What file formats do you support?,general_question,false,,,,general info question,"[""standard""]"
I have been trying to reach your support team for days without any response. This is extremely frustrating and I need someone to address my concerns immediately.,complaint,true,,,,cross 2000,"[""escalation_positive"", ""long""]"
Is phone support included?,pricing,false,,,,bulk addition 5,"[""standard""]"
I get an error when using The notification system.,technical_support,false,,,,bulk addition 4,"[""standard""]"
I've been patient but this is ridiculous.,complaint,false,,,,general complaint,"[""standard"", ""complaint""]"
I need to speak to someone who can actually help.,human_request,true,,,,bulk addition 3,"[""standard""]"
I need to transfer my account to a new email.,account_issue,false,,,,bulk addition,"[""standard""]"
Data export is showing incorrect data.,technical_support,false,,,,bulk addition 4,"[""standard""]"
Mujhe apne account mein help chahiye. Price batao.,pricing,false,,,,confusion pair example,"[""confusion_pair""]"
I expected way better for the price I'm paying.,complaint,false,,,,general complaint,"[""standard"", ""complaint""]"
Do I need to configure the API manually?,general_question,false,,,,bulk addition 4,"[""standard""]"
What do I need to know about custom fields?,general_question,false,,,,bulk addition 4,"[""standard""]"
The The reporting dashboard feature is causing errors.,technical_support,false,,,,bulk addition 4,"[""standard""]"
notification settings kahan hai?,general_question,false,,,,hinglish general question,"[""hinglish""]"
y is ur customer suport so bad,complaint,false,,,,bulk addition 3,"[""noisy""]"
Sales team se demo setup karo.,sales,false,,,,hinglish sales,"[""hinglish""]"
Data sync between mobile and desktop isn't working.,technical_support,false,,,,technical issue,"[""standard"", ""technical""]"
Can you explain the API?,general_question,false,,,,bulk addition 4,"[""standard""]"
Can the import tool be disabled?,general_question,false,,,,bulk addition 4,"[""standard""]"
Aapki team ka response time bahut slow hai.,complaint,false,,,,hinglish example,"[""hinglish""]"
Why?,general_question,false,,,,very short message,[]
I can't log into my account.,account_issue,false,,,,account issue,"[""standard"", ""account""]"
Is there a tutorial for the integration wizard?,general_question,false,,,,bulk addition 4,"[""standard""]"
"I don't need a human, just tell me how to fix this error.",technical_support,false,,,,multi-intent example,"[""multi_intent""]"
Mujhe apna plan cancel karna hai.,sales,false,,,,bulk addition,"[""hinglish""]"
Good morning,other,false,,,,other / off-topic,"[""standard"", ""other""]"
Kya aapke yaha funnel analytics available hai?,product_question,false,,,,hinglish product question,"[""hinglish""]"
Let's get started with onboarding.,sales,false,,,,purchase intent,"[""standard"", ""sales""]"
How does data export work in your platform?,general_question,false,,,,bulk addition 4,"[""standard""]"
Time aur paisa dono waste ho rahe hain.,complaint,false,,,,hinglish complaint,"[""hinglish""]"
Can I speak to technical support? Actually just tell me the price.,pricing,false,,,,multi-intent example,"[""multi_intent""]"
Account settings keep reverting to default.,account_issue,false,,,,account issue,"[""standard"", ""account""]"
Mera payment fail ho gaya but paisa kat liya.,technical_support,true,,,,bulk addition 2,"[""hinglish""]"
custom reports bana sakte hain?,product_question,false,,,,hinglish product question,"[""hinglish""]"
the dashboard is showin error 500,technical_support,false,,,,spelling/noisy text,"[""noisy""]"
Can you help me fix The calendar sync?,technical_support,false,,,,bulk addition 4,"[""standard""]"
I will not pay this month's bill due to poor service.,complaint,true,,,,bulk addition 5,"[""escalation_positive""]"
What is your company's privacy policy?,general_question,false,,,,bulk addition,"[""standard""]"
This is not the product I was sold on.,complaint,false,,,,bulk addition 3,"[""standard""]"
Is there a tutorial for data export?,general_question,false,,,,bulk addition 4,"[""standard""]"
You guys rock!,other,false,,,,bulk addition 3,"[""standard""]"
i cnt find the log out buton lol,other,false,,,,bulk addition 3,"[""noisy""]"
Can I use this on my phone?,general_question,false,,,,general info question,"[""standard""]"
The login page is broken after the latest update.,technical_support,false,,,,bulk addition 4,"[""standard""]"
Bot se koi fayda nahi. Human connect karo.,human_request,true,,,,hinglish human request,"[""hinglish"", ""escalation_positive"", ""human_request""]"
Ek hafte se problem hai. Koi resolve kyu nahi kar raha?,complaint,true,,,,hinglish example,"[""hinglish""]"
i m very upset with ur servise,complaint,false,,,,spelling/noisy text,"[""noisy""]"
I'm very angry but I will just complain here.,complaint,false,,,,confusion pair example,"[""confusion_pair""]"
my notifikashuns r not comin thru,technical_support,false,,,,bulk addition,"[""noisy""]"
Do I pay extra for white labeling?,pricing,false,,,,bulk addition 4,"[""standard""]"
Can I cancel anytime?,general_question,false,,,,general info question,"[""standard""]"
Price batao premium plan ka?,pricing,false,,,,hinglish pricing,"[""hinglish""]"
What is the meaning of life?,other,false,,,,other / off-topic,"[""standard"", ""other""]"
I need to buy but I'm locked out of my account.,sales,true,,,,bulk addition 3,"[""multi_intent""]"
This is urgent. I'm losing customers because of your bug.,technical_support,true,,,,escalation hard positive,"[""escalation_positive"", ""hard_positive""]"
You have lost my trust completely.,complaint,false,,,,general complaint,"[""standard"", ""complaint""]"
Mera payment successful dikha raha hai but credits nahi aaye.,technical_support,true,,,,hinglish example,"[""hinglish""]"
ur premium plan is way overpriced,pricing,false,,,,bulk addition 5,"[""noisy""]"
Yeah okay,other,false,,,,other / off-topic,"[""standard"", ""other""]"
Mujhe bulk users add karne hain. Kya limit hai?,product_question,false,,,,bulk addition,"[""hinglish""]"
ur support team is usless they never help,complaint,false,,,,bulk addition 2,"[""noisy""]"
I get an error when using The calendar sync.,technical_support,false,,,,bulk addition 4,"[""standard""]"
y do u charg so much 4 basic features,pricing,false,,,,bulk addition 5,"[""noisy""]"
Account verification failed multiple times.,account_issue,false,,,,account issue,"[""standard"", ""account""]"
I want to subscribe to the highest tier.,sales,false,,,,purchase intent,"[""standard"", ""sales""]"
Angry!,complaint,true,,,,very short message,[]
Wasting my time and money on your platform.,complaint,false,,,,general complaint,"[""standard"", ""complaint""]"
Aapki service India mein available hai?,general_question,false,,,,bulk addition,"[""hinglish""]"
Mai aapka customer banna chahta hu.,sales,false,,,,hinglish sales,"[""hinglish""]"
Just tell me the price of your plans.,pricing,false,,,,confusion pair example,"[""confusion_pair""]"
I'm not satisfied. Give me my money back.,refund,true,,,,refund demand,"[""escalation_positive"", ""refund""]"
Data export is not loading properly.,technical_support,false,,,,bulk addition 4,"[""standard""]"
Your auto-renewal charged me without warning.,refund,true,,,,bulk addition 3,"[""standard""]"
We want to sign a yearly contract.,sales,false,,,,purchase intent,"[""standard"", ""sales""]"
Aapke software mein Hindi font support hai?,product_question,false,,,,hinglish example,"[""hinglish""]"
What is the enterprise minimum commitment?,pricing,false,,,,bulk addition,"[""standard""]"
Aapki service bahut achi hai pehle se.,other,false,,,,bulk addition 3,"[""hinglish""]"
Please koi senior ko batao. Ye urgent hai.,human_request,true,,,,escalation hard positive,"[""escalation_positive"", ""hard_positive""]"
Dhanyavaad,other,false,,,,other / off-topic,"[""standard"", ""other""]"
Sales team se baat karni hai.,sales,false,,,,hinglish sales,"[""hinglish""]"
the app is frezzing everytim,technical_support,false,,,,spelling/noisy text,"[""noisy""]"
kya aap Salesforce integration support karte ho?,product_question,false,,,,hinglish product question,"[""hinglish""]"
Your service is down and I want compensation.,technical_support,true,,,,bulk addition 5,"[""multi_intent""]"
Is this a complaint or a support ticket?,general_question,false,,,,bulk addition 3,"[""confusion_pair""]"
Do you have a grace period for late renewals?,general_question,false,,,,bulk addition,"[""standard""]"
the website is not loadng,technical_support,false,,,,spelling/noisy text,"[""noisy""]"
I'm interested in your premium tier.,sales,false,,,,purchase intent,"[""standard"", ""sales""]"
Mujhe bulk discount chahiye 50 users ke liye.,sales,false,,,,hinglish example,"[""hinglish""]"
Can I customize notification templates?,product_question,false,,,,product feature question,"[""standard""]"
The template preview is not working.,technical_support,false,,,,bulk addition 4,"[""standard""]"
How much for premium support?,pricing,false,,,,pricing question,"[""standard"", ""pricing""]"
I want to talk to an account manager.,sales,false,,,,bulk addition 3,"[""standard""]"
Is audit logging available in all plans?,general_question,false,,,,bulk addition 4,"[""standard""]"
The login page is not loading properly.,technical_support,false,,,,bulk addition 4,"[""standard""]"
Do you charge per seat or flat rate?,pricing,false,,,,pricing question,"[""standard"", ""pricing""]"
Is there a tutorial for email notifications?,general_question,false,,,,bulk addition 4,"[""standard""]"
i cnt chanj my email,account_issue,false,,,,spelling/noisy text,"[""noisy""]"
My custom fields are not appearing on the ticket form.,technical_support,false,,,,bulk addition,"[""standard""]"
Cool,other,false,,,,other / off-topic,"[""standard"", ""other""]"
I love your platform but I need help understanding the features.,product_question,false,,,,multi-intent example,"[""multi_intent""]"
How does the template system work in your platform?,general_question,false,,,,bulk addition 4,"[""standard""]"
This is false advertising. I want my money back.,refund,true,,,,bulk addition,"[""confusion_pair""]"
What are the benefits of role management?,general_question,false,,,,bulk addition 4,"[""standard""]"
The API endpoint is showing incorrect data.,technical_support,false,,,,bulk addition 4,"[""standard""]"
Annual plan pe kya discount milega?,pricing,false,,,,hinglish pricing,"[""hinglish""]"
Is your service good for small businesses?,general_question,false,,,,confusion pair example,"[""confusion_pair""]"
What are the benefits of the template system?,general_question,false,,,,bulk addition 4,"[""standard""]"
I found the config setting. Problem solved.,technical_support,false,,,,bulk addition 5,"[""hard_negative_escalation""]"
This is exactly what I needed.,other,false,,,,bulk addition,"[""standard""]"
Mujhe call karo. Bot se baat nahi karni.,human_request,true,,,,hinglish human request,"[""hinglish"", ""escalation_positive"", ""human_request""]"
Refund my payment immediately.,refund,true,,,,refund demand,"[""escalation_positive"", ""refund""]"
Do you have a public API?,general_question,false,,,,general info question,"[""standard""]"
Mujhe ek real insaan chahiye jo meri problem samjhe.,human_request,true,,,,hinglish human request,"[""hinglish"", ""escalation_positive"", ""human_request""]"
Hi team,other,false,,,,very short message,[]
Can I create custom dashboards?,product_question,false,,,,bulk addition,"[""standard""]"
I'm leaving your platform and I want everyone to know why.,complaint,false,,,,bulk addition 2,"[""multi_intent""]"
Can I use your service for free?,general_question,false,,,,general info question,"[""standard""]"
Apna plan upgrade karna hai premium mein.,sales,false,,,,hinglish sales,"[""hinglish""]"
Does it support multiple currencies?,product_question,false,,,,product feature question,"[""standard""]"
404 on the settings page when I try to update.,technical_support,false,,,,technical issue,"[""standard"", ""technical""]"
I want my subscription fees back.,refund,true,,,,refund demand,"[""escalation_positive"", ""refund""]"
10 aur seats add karni hain.,sales,false,,,,hinglish sales,"[""hinglish""]"
Can I embed dashboards on my site?,product_question,false,,,,product feature question,"[""standard""]"
Your quality assurance is non-existent.,complaint,false,,,,bulk addition 3,"[""standard""]"
The calendar sync is not loading properly.,technical_support,false,,,,bulk addition 4,"[""standard""]"
I have never been this disappointed with a service.,complaint,false,,,,general complaint,"[""standard"", ""complaint""]"
How much does migration cost?,pricing,false,,,,pricing question,"[""standard"", ""pricing""]"
What features are in the enterprise tier?,product_question,false,,,,product feature question,"[""standard""]"
i m getin eror 500 on evry pag,technical_support,false,,,,bulk addition 3,"[""noisy""]"
Mujhe human se baat karni hai.,human_request,true,,,,hinglish example,"[""hinglish""]"
Namaste,other,false,,,,other / off-topic,"[""standard"", ""other""]"
My workflow automation is showing incorrect data.,technical_support,false,,,,bulk addition 4,"[""standard""]"
Demo chahiye sales team se. Schedule karo.,sales,false,,,,hinglish example,"[""hinglish""]"
This is affecting my ability to serve my own customers.,technical_support,true,,,,bulk addition,"[""escalation_positive""]"
Aapne jo promise kiya wo deliver nahi kiya.,complaint,false,,,,hinglish complaint,"[""hinglish""]"
plz fix my accnt issue,account_issue,false,,,,spelling/noisy text,"[""noisy""]"
Enterprise kitna hai?,pricing,false,,,,hinglish pricing,"[""hinglish""]"
Mera billing cycle change karo.,pricing,false,,,,bulk addition 3,"[""hinglish""]"
kya AI tagging kaise kaam karta hai?,product_question,false,,,,hinglish product question,"[""hinglish""]"
The The notification system feature is causing errors.,technical_support,false,,,,bulk addition 4,"[""standard""]"
Talk to someone about pricing versus talk to sales.,pricing,false,,,,bulk addition 3,"[""confusion_pair""]"
Team plan ke liye order karna hai.,sales,false,,,,hinglish sales,"[""hinglish""]"
data export kaise kare?,general_question,false,,,,hinglish general question,"[""hinglish""]"
Is there an API rate limit?,product_question,false,,,,product feature question,"[""standard""]"
Good,other,false,,,,very short message,[]
i want my mony bak,refund,true,,,,spelling/noisy text,"[""noisy""]"
Can I white-label your solution?,product_question,false,,,,product feature question,"[""standard""]"
Is pricing different for different regions?,pricing,false,,,,pricing question,"[""standard"", ""pricing""]"
Product query,product_question,false,,,,very short message,[]
Lost access to my work email and can't login.,account_issue,false,,,,account issue,"[""standard"", ""account""]"
mobile par bhi use kar sakte hain?,general_question,false,,,,hinglish general question,"[""hinglish""]"
User permissions keep resetting to default.,technical_support,false,,,,technical issue,"[""standard"", ""technical""]"
Account hacked,account_issue,true,,,,bulk addition 5,"[""standard""]"
Aapka refund process kaise kaam karta hai?,refund,false,,,,hinglish example,"[""hinglish""]"
Urgent help,general_question,true,,,,very short message,[]
Login?,account_issue,false,,,,very short message,[]
Human se baat karni hai.,human_request,true,,,,hinglish human request,"[""hinglish"", ""escalation_positive"", ""human_request""]"
What are the benefits of data export?,general_question,false,,,,bulk addition 4,"[""standard""]"
Aapki app ki quality improve karo.,complaint,false,,,,bulk addition 3,"[""hinglish""]"
Your customer service is non-existent.,complaint,false,,,,bulk addition,"[""standard""]"
Aapke software mein bug hai. Fix karo.,technical_support,false,,,,bulk addition,"[""hinglish""]"
Hi,other,false,,,,other / off-topic,"[""standard"", ""other""]"
kya Linux support hai?,general_question,false,,,,hinglish general question,"[""hinglish""]"
I'm unable to verify my identity for account recovery.,account_issue,false,,,,bulk addition 5,"[""standard""]"
Stop the automated responses. Give me a person.,human_request,true,,,,human request,"[""escalation_positive"", ""human_request""]"
Additional storage ka kya charge hai?,pricing,false,,,,hinglish pricing,"[""hinglish""]"
What's the minimum commitment?,general_question,false,,,,general info question,"[""standard""]"
Do I need to configure the template system manually?,general_question,false,,,,bulk addition 4,"[""standard""]"
Mai VIP customer hu. Mujhe priority do.,complaint,false,,,,bulk addition 3,"[""hinglish""]"
Do teen baar se same problem bata raha hu.,complaint,true,,,,escalation hard positive,"[""escalation_positive"", ""hard_positive""]"
Aapki company se umeed thi lekin nirash kiya.,complaint,false,,,,hinglish complaint,"[""hinglish""]"
How's your day?,other,false,,,,other / off-topic,"[""standard"", ""other""]"
SSO integration toot gaya migration ke baad.,technical_support,false,,,,hinglish technical support,"[""hinglish""]"
Can you negotiate pricing?,pricing,false,,,,pricing question,"[""standard"", ""pricing""]"
I need human assistance for this complex issue.,human_request,true,,,,human request,"[""escalation_positive"", ""human_request""]"
How many users can I have on basic?,pricing,false,,,,bulk addition,"[""standard""]"
I need a solution within the next 2 hours.,technical_support,true,,,,bulk addition 3,"[""escalation_positive""]"
Contact me,human_request,true,,,,very short message,[]
This is a complete waste of money.,complaint,false,,,,general complaint,"[""standard"", ""complaint""]"
I have a question about pricing and features.,pricing,false,,,,bulk addition 2,"[""multi_intent""]"
Dashboard 500 error de raha hai.,technical_support,false,,,,hinglish technical support,"[""hinglish""]"
Please call me to discuss volume pricing.,sales,false,,,,bulk addition,"[""standard""]"
$50 plan mein kya kya aata hai?,pricing,false,,,,hinglish pricing,"[""hinglish""]"
The notification system is not loading properly.,technical_support,false,,,,bulk addition 4,"[""standard""]"
Application bahut RAM consume kar rahi hai.,technical_support,false,,,,hinglish technical support,"[""hinglish""]"
Actually I was wrong. Everything works.,technical_support,false,,,,bulk addition 2,"[""hard_negative_escalation""]"
Pachtawa hai ki aapka product lia.,complaint,false,,,,hinglish complaint,"[""hinglish""]"
My data was exposed due to your security flaw.,account_issue,true,,,,bulk addition 3,"[""escalation_positive""]"
Integration with Zapier stopped working.,technical_support,false,,,,bulk addition,"[""standard""]"
Can I speak to a real person?,human_request,true,,,,human request,"[""escalation_positive"", ""human_request""]"
I'm having trouble with The webhook integration.,technical_support,false,,,,bulk addition 4,"[""standard""]"
I can't afford to wait any longer. This is critical.,technical_support,true,,,,bulk addition,"[""escalation_positive""]"
Do you have a sandbox environment?,product_question,false,,,,bulk addition 2,"[""standard""]"
how to updgrade my acccount,sales,false,,,,spelling/noisy text,"[""noisy""]"
Mujhe annual plan ka invoice chahiye.,sales,false,,,,bulk addition 5,"[""hinglish""]"
Your AI is useless. Humans only from now on.,human_request,true,,,,bulk addition 2,"[""standard""]"
Mujhe premium features chahiye. Upgrade karo.,sales,false,,,,bulk addition,"[""hinglish""]"
I need senior management to intervene in this matter.,human_request,true,,,,bulk addition,"[""escalation_positive""]"
Who is the president of India?,other,false,,,,other / off-topic,"[""standard"", ""other""]"
You double charged me. Give one payment back.,refund,true,,,,refund demand,"[""escalation_positive"", ""refund""]"
I'm confused about my bill and angry about it.,pricing,false,,,,bulk addition,"[""confusion_pair""]"
Jhutha advertisement hai aapka.,complaint,false,,,,hinglish complaint,"[""hinglish""]"
👍,other,false,,,,other / off-topic,"[""standard"", ""other""]"
What is the price of your premium package?,pricing,false,,,,pricing question,"[""standard"", ""pricing""]"
How are billing cycles handled?,general_question,false,,,,general info question,"[""standard""]"
Mera number change ho gaya. Account mein update karo.,account_issue,false,,,,hinglish example,"[""hinglish""]"
Wow,other,false,,,,very short message,[]
Hello ji,other,false,,,,very short message,[]
You owe me a refund for the last billing cycle.,refund,true,,,,refund demand,"[""escalation_positive"", ""refund""]"
I demand immediate compensation for damages.,refund,true,,,,bulk addition 3,"[""escalation_positive""]"
Where can I find documentation about the API?,general_question,false,,,,bulk addition 4,"[""standard""]"
Please issue a refund for my recent payment.,refund,true,,,,refund demand,"[""escalation_positive"", ""refund""]"
File upload is not working.,technical_support,false,,,,bulk addition 4,"[""standard""]"
Search function kuch nahi dikha raha.,technical_support,false,,,,hinglish technical support,"[""hinglish""]"
Can I connect multiple mailboxes?,product_question,false,,,,bulk addition,"[""standard""]"
How do I get started?,general_question,false,,,,general info question,"[""standard""]"
Please escalate to a human representative.,human_request,true,,,,human request,"[""escalation_positive"", ""human_request""]"
This requires human intervention. Not a bot.,human_request,true,,,,human request,"[""escalation_positive"", ""human_request""]"
Your platform is a joke and my account doesn't work.,account_issue,false,,,,confusion pair example,"[""confusion_pair""]"
My sub-accounts are not visible after upgrade.,account_issue,false,,,,account issue,"[""standard"", ""account""]"
I was about to complain but actually I solved it.,complaint,false,,,,escalation hard negative,"[""hard_negative_escalation""]"
You have the worst support I've ever encountered.,complaint,false,,,,general complaint,"[""standard"", ""complaint""]"
Can't login,account_issue,false,,,,very short message,[]
I don't need help anymore. Issue is resolved.,technical_support,false,,,,bulk addition,"[""hard_negative_escalation""]"
This is both a complaint and a question about pricing.,pricing,false,,,,multi-intent example,"[""multi_intent""]"
this is the 5th tim i am reportin the same bug,technical_support,true,,,,bulk addition 2,"[""noisy""]"
Is there a dark mode?,general_question,false,,,,general info question,"[""standard""]"
Can I speak to technical support about my account?,account_issue,false,,,,bulk addition,"[""confusion_pair""]"
Setup kaise kare? Mujhe koi guide nahi mil rahi.,general_question,false,,,,bulk addition,"[""hinglish""]"
Interesting weather we are having.,other,false,,,,bulk addition 2,"[""standard""]"
Is API access for 100k calls included in the base price?,pricing,false,,,,bulk addition 4,"[""standard""]"
Aapki website down hai. Check karo.,technical_support,true,,,,hinglish example,"[""hinglish""]"
The The CSV importer feature is causing errors.,technical_support,false,,,,bulk addition 4,"[""standard""]"
ye software mobile par bhi chalega?,product_question,false,,,,hinglish product question,"[""hinglish""]"
I cancelled within the trial period. Where is my refund?,refund,true,,,,refund demand,"[""escalation_positive"", ""refund""]"
Product question: does this integrate with Slack? Also how much?,product_question,false,,,,multi-intent example,"[""multi_intent""]"
Account suspend ho gaya bina notification ke.,account_issue,false,,,,hinglish account issue,"[""hinglish""]"
Mujhe refund chahiye aur account bhi close karna hai.,refund,true,,,,bulk addition,"[""multi_intent""]"
Mera bill galat hai. Dobara check karo.,pricing,false,,,,bulk addition,"[""hinglish""]"
Call me,human_request,true,,,,very short message,[]
I can't decide if this is a refund request or just a question.,refund,false,,,,bulk addition,"[""multi_intent""]"
Account settings revert ho rahe hain default pe.,account_issue,false,,,,hinglish account issue,"[""hinglish""]"
What is the cost for the starter plan?,pricing,false,,,,bulk addition,"[""standard""]"
can u help i m locked out of my acount,account_issue,true,,,,bulk addition 2,"[""noisy""]"
Sales team se baat karni thi price ke liye.,sales,false,,,,hinglish example,"[""hinglish""]"
I'm having trouble with File upload.,technical_support,false,,,,bulk addition 4,"[""standard""]"
Mera account delete karo. Data export bhi karo.,general_question,false,,,,hinglish example,"[""hinglish""]"
The notification system stopped working suddenly.,technical_support,false,,,,bulk addition 4,"[""standard""]"
Meri email change kardi kisne?,account_issue,true,,,,hinglish example,"[""hinglish""]"
Do unused credits roll over?,pricing,false,,,,pricing question,"[""standard"", ""pricing""]"
Excellent,other,false,,,,very short message,[]
I'm documenting everything for my lawyer.,complaint,true,,,,bulk addition,"[""escalation_positive""]"
Do you offer onboarding support?,general_question,false,,,,general info question,"[""standard""]"
I tried to check my plan price but the page won't load.,account_issue,false,,,,confusion pair example,"[""confusion_pair""]"
I will not rest until this is resolved. Escalate to highest level.,complaint,true,,,,bulk addition 3,"[""escalation_positive""]"
What's the pricing for SSO integration?,pricing,false,,,,bulk addition 4,"[""standard""]"
The The webhook integration feature is causing errors.,technical_support,false,,,,bulk addition 4,"[""standard""]"
I'm fine now. Thanks for nothing actually.,complaint,false,,,,bulk addition,"[""hard_negative_escalation""]"
I'm ready to purchase. Here is my PO number.,sales,false,,,,bulk addition,"[""standard""]"
I don't know if this is a complaint or a feature request.,complaint,false,,,,confusion pair example,"[""confusion_pair""]"
Is there a sandbox mode for testing?,general_question,false,,,,general info question,"[""standard""]"
I need to speak with your supervisor.,human_request,true,,,,bulk addition,"[""standard""]"
What is the cost of dedicated server?,pricing,false,,,,bulk addition 4,"[""standard""]"
Can you write a poem?,other,false,,,,other / off-topic,"[""standard"", ""other""]"
Do you have a pay-as-you-go option?,pricing,false,,,,pricing question,"[""standard"", ""pricing""]"
What are the benefits of two-factor authentication?,general_question,false,,,,bulk addition 4,"[""standard""]"
Does your platform include A/B testing?,product_question,false,,,,product feature question,"[""standard""]"
Webhook 503 error de raha hai.,technical_support,false,,,,hinglish technical support,"[""hinglish""]"
i wana cancel my subskripshun,sales,false,,,,spelling/noisy text,"[""noisy""]"
I've lost all trust in your company. Fix this now.,complaint,true,,,,escalation hard positive,"[""escalation_positive"", ""hard_positive""]"
I expect compensation for the downtime I experienced.,complaint,true,,,,bulk addition,"[""escalation_positive""]"
Mera data kahan store hota hai?,general_question,false,,,,bulk addition 5,"[""hinglish""]"
cancel kar sakte hain kab bhi?,general_question,false,,,,general info question,"[""standard""]"
What do I need to know about the dashboard?,general_question,false,,,,bulk addition 4,"[""standard""]"
wnt to buy prem but paymnt not wrk,sales,true,,,,bulk addition 3,"[""noisy""]"
I want a refund and also tell me about your pricing.,refund,true,,,,multi-intent example,"[""multi_intent""]"
My reports won't export to PDF.,technical_support,false,,,,technical issue,"[""standard"", ""technical""]"
Mera payment successful hai but account active nahi.,technical_support,true,,,,bulk addition,"[""hinglish""]"
My API key stopped working suddenly.,technical_support,false,,,,technical issue,"[""standard"", ""technical""]"
This has been going on for a month. I need a resolution now.,complaint,true,,,,escalation hard positive,"[""escalation_positive"", ""hard_positive""]"
The account recovery process is not working.,account_issue,false,,,,account issue,"[""standard"", ""account""]"
I don't need anyone to follow up. Thanks.,general_question,false,,,,bulk addition 2,"[""hard_negative_escalation""]"
Shame on you for delivering such poor quality.,complaint,false,,,,general complaint,"[""standard"", ""complaint""]"
Not looking for support. Just clarification.,general_question,false,,,,bulk addition,"[""hard_negative_escalation""]"
The mobile app is broken after the latest update.,technical_support,false,,,,bulk addition 4,"[""standard""]"
Kya aap mere city mein service dete ho?,general_question,false,,,,bulk addition 2,"[""hinglish""]"
Price mein support included hai?,pricing,false,,,,hinglish pricing,"[""hinglish""]"
Email delivery is broken after the latest update.,technical_support,false,,,,bulk addition 4,"[""standard""]"
I'm having trouble with The login page.,technical_support,false,,,,bulk addition 4,"[""standard""]"
trial period kitne din ka hai?,general_question,false,,,,general info question,"[""standard""]"
my reportz r not comin out ryt,technical_support,false,,,,bulk addition 3,"[""noisy""]"
The Data export feature is causing errors.,technical_support,false,,,,bulk addition 4,"[""standard""]"
Can I create a team workspace?,general_question,false,,,,general info question,"[""standard""]"
How do I get dedicated support?,general_question,false,,,,general info question,"[""standard""]"
This ridiculous platform has cost me hours. But do not call me.,complaint,false,,,,bulk addition 3,"[""hard_negative_escalation""]"
Aj tak ka worst experience.,complaint,false,,,,hinglish complaint,"[""hinglish""]"
the pricin is way to hi i m leavin,pricing,false,,,,bulk addition 3,"[""noisy""]"
team members add karne ka kya process hai?,general_question,false,,,,hinglish general question,"[""hinglish""]"
What are the benefits of audit logging?,general_question,false,,,,bulk addition 4,"[""standard""]"
The webhook integration is not working.,technical_support,false,,,,bulk addition 4,"[""standard""]"
i m very upset with ur servise fix it,complaint,false,,,,bulk addition 3,"[""noisy""]"
Can you explain custom fields?,general_question,false,,,,bulk addition 4,"[""standard""]"
I need to merge two accounts.,account_issue,false,,,,account issue,"[""standard"", ""account""]"
the dashbord is to complicatd,complaint,false,,,,spelling/noisy text,"[""noisy""]"
How much does priority support cost?,pricing,false,,,,bulk addition 5,"[""standard""]"
This is just feedback. No action needed.,complaint,false,,,,bulk addition,"[""hard_negative_escalation""]"
Talk to a person or I'm leaving.,human_request,true,,,,confusion pair example,"[""confusion_pair""]"
Aapki service achi hai lekin price bahut zyada hai.,pricing,false,,,,multi-intent example,"[""multi_intent""]"
Where can I find documentation about custom fields?,general_question,false,,,,bulk addition 4,"[""standard""]"
Do I pay extra for API access for 100k calls?,pricing,false,,,,bulk addition 4,"[""standard""]"
Mujhe refund chahiye aur account bhi fix karo.,refund,true,,,,multi-intent example,"[""multi_intent""]"
Refund chahiye aur account bhi delete karo.,refund,true,,,,bulk addition 2,"[""multi_intent""]"
Password change confirmation email not received.,account_issue,false,,,,account issue,"[""standard"", ""account""]"
How does backup work in your platform?,general_question,false,,,,bulk addition 4,"[""standard""]"
Charts are displaying incorrect data.,technical_support,false,,,,technical issue,"[""standard"", ""technical""]"
Koi mera account hack kar raha hai. Help karo.,account_issue,true,,,,hinglish example,"[""hinglish""]"
Please help me upgrade my account.,sales,false,,,,purchase intent,"[""standard"", ""sales""]"
The drag and drop editor stopped working suddenly.,technical_support,false,,,,bulk addition 4,"[""standard""]"
kya basic plan mein analytics hai?,product_question,false,,,,hinglish product question,"[""hinglish""]"
Can someone explain why I was charged?,pricing,false,,,,bulk addition,"[""confusion_pair""]"
My account role was changed without notification.,account_issue,true,,,,bulk addition,"[""standard""]"
Mujhe demo chahiye sales team se.,sales,false,,,,bulk addition,"[""hinglish""]"
my team member cant join the workspace,account_issue,false,,,,spelling/noisy text,"[""noisy""]"
Aapki website down hai kya?,general_question,false,,,,general info question,"[""standard""]"
The The login page feature is causing errors.,technical_support,false,,,,bulk addition 4,"[""standard""]"
Don't escalate. I was just venting.,complaint,false,,,,bulk addition 3,"[""hard_negative_escalation""]"
Cost?,pricing,false,,,,very short message,[]
Do I pay extra for dedicated server?,pricing,false,,,,bulk addition 4,"[""standard""]"
wher is the upgarde buton,product_question,false,,,,spelling/noisy text,"[""noisy""]"
I want a real person to help me buy this.,sales,false,,,,confusion pair example,"[""confusion_pair""]"
i neeed sprt with API integraton,technical_support,false,,,,spelling/noisy text,"[""noisy""]"
How do I mute notifications?,general_question,false,,,,general info question,"[""standard""]"
Do I need to configure real-time sync manually?,general_question,false,,,,bulk addition 4,"[""standard""]"
Aapka product theek hai but support kharab hai.,complaint,false,,,,hinglish example,"[""hinglish""]"
Please transfer me to a live agent.,human_request,true,,,,human request,"[""escalation_positive"", ""human_request""]"
My workflow automation stopped working suddenly.,technical_support,false,,,,bulk addition 4,"[""standard""]"
Worst app,complaint,false,,,,very short message,[]
How much for dedicated server?,pricing,false,,,,bulk addition 4,"[""standard""]"
Ignore my previous messages. All good now.,other,false,,,,bulk addition,"[""hard_negative_escalation""]"
Your support is consistently slow and unhelpful.,complaint,false,,,,bulk addition,"[""standard""]"
Does it support multi-language?,product_question,false,,,,bulk addition 3,"[""standard""]"
Can you explain the integration wizard?,general_question,false,,,,bulk addition 4,"[""standard""]"
my api key brok,technical_support,false,,,,spelling/noisy text,"[""noisy""]"
The template preview keeps failing.,technical_support,false,,,,bulk addition 4,"[""standard""]"
I'm not interested in talking to anyone. Just send me the info.,general_question,false,,,,escalation hard negative,"[""hard_negative_escalation""]"
What happens when my subscription expires?,general_question,false,,,,general info question,"[""standard""]"
Where can I find documentation about the template system?,general_question,false,,,,bulk addition 4,"[""standard""]"
can i splk to sles,sales,false,,,,spelling/noisy text,"[""noisy""]"
my bad i figur it out myself,technical_support,false,,,,bulk addition,"[""noisy""]"
signup kaise kare?,general_question,false,,,,general info question,"[""standard""]"
Is the API available in all plans?,general_question,false,,,,bulk addition 4,"[""standard""]"
u guyz charge too much,pricing,false,,,,spelling/noisy text,"[""noisy""]"
how many users can i ad,product_question,false,,,,spelling/noisy text,"[""noisy""]"
Your platform is unreliable and frustrating.,complaint,false,,,,general complaint,"[""standard"", ""complaint""]"
Can I build custom reports?,product_question,false,,,,product feature question,"[""standard""]"
the app is to slow,technical_support,false,,,,spelling/noisy text,"[""noisy""]"
Refund!,refund,true,,,,very short message,[]
Webhook is sending duplicate events.,technical_support,false,,,,bulk addition,"[""standard""]"
Your pricing page is confusing and I want to speak to sales.,sales,false,,,,multi-intent example,"[""multi_intent""]"
my invoice is rong,pricing,false,,,,spelling/noisy text,"[""noisy""]"
how do i get in touch with sals,sales,false,,,,spelling/noisy text,"[""noisy""]"
What is the cost of custom reporting?,pricing,false,,,,bulk addition 4,"[""standard""]"
What are the benefits of the reporting module?,general_question,false,,,,bulk addition 4,"[""standard""]"
Pro plan ke liye sign up karo.,sales,false,,,,hinglish sales,"[""hinglish""]"
u guys chargrd me twise,refund,true,,,,spelling/noisy text,"[""noisy""]"
I want my money back.,refund,true,,,,refund demand,"[""escalation_positive"", ""refund""]"
Mujhe premium plan lena hai.,sales,false,,,,hinglish sales,"[""hinglish""]"
The CSV importer stopped working suddenly.,technical_support,false,,,,bulk addition 4,"[""standard""]"
Does it support custom CSS?,product_question,false,,,,product feature question,"[""standard""]"
The search is returning results from deleted items.,technical_support,false,,,,bulk addition,"[""standard""]"
Your chatbot is useless but I don't want to escalate.,complaint,false,,,,multi-intent example,"[""multi_intent""]"
Talk to a person please. Not a bot.,human_request,true,,,,confusion pair example,"[""confusion_pair""]"
Connect me to your support team.,human_request,true,,,,human request,"[""escalation_positive"", ""human_request""]"
Please refund my annual plan fee.,refund,true,,,,refund demand,"[""escalation_positive"", ""refund""]"
Mujhe kisi senior se baat karni hai.,human_request,true,,,,hinglish human request,"[""hinglish"", ""escalation_positive"", ""human_request""]"
How does the sentiment analysis work?,product_question,false,,,,product feature question,"[""standard""]"
Mujhe koi call kare. Urgent hai.,human_request,true,,,,hinglish example,"[""hinglish""]"
Is there a number I can call to speak to someone?,human_request,true,,,,human request,"[""escalation_positive"", ""human_request""]"
Process my refund immediately or I'll take action.,refund,true,,,,refund demand,"[""escalation_positive"", ""refund""]"
Are upgrades free within the same tier?,pricing,false,,,,bulk addition 2,"[""standard""]"
Bug,technical_support,false,,,,very short message,[]
Can I create private knowledge base articles?,product_question,false,,,,bulk addition,"[""standard""]"
Get me a human. The bot is useless.,human_request,true,,,,human request,"[""escalation_positive"", ""human_request""]"
Someone accessed my account without permission.,account_issue,false,,,,account issue,"[""standard"", ""account""]"
I'm seeing someone else's data in my account.,account_issue,false,,,,account issue,"[""standard"", ""account""]"
Kya aapke plans mein GST included hai?,pricing,false,,,,hinglish example,"[""hinglish""]"
Bye,other,false,,,,very short message,[]
Plan limits increase karne hain.,sales,false,,,,hinglish sales,"[""hinglish""]"
Mujhe training chahiye product ki. Kya facility hai?,product_question,false,,,,hinglish example,"[""hinglish""]"
I need an actual person to look at my account issue.,account_issue,false,,,,bulk addition 2,"[""confusion_pair""]"
i want a human not a bot plzzz,human_request,true,,,,spelling/noisy text,"[""noisy""]"
Can I import my data from another tool?,general_question,false,,,,bulk addition,"[""standard""]"
My account is broken and I need a human to fix it.,account_issue,true,,,,bulk addition,"[""multi_intent""]"
Imported contacts show nahi ho rahe.,technical_support,false,,,,hinglish example,"[""hinglish""]"
Not asking for a refund but your service is terrible.,complaint,false,,,,multi-intent example,"[""multi_intent""]"
Bot se koi help nahi mil rahi. Human do.,human_request,true,,,,bulk addition,"[""hinglish""]"
My refund request number is 12345. Please process it.,refund,true,,,,bulk addition,"[""standard""]"
Where can I find documentation about the import tool?,general_question,false,,,,bulk addition 4,"[""standard""]"
the app keps crashin every 5 minits,technical_support,false,,,,bulk addition 2,"[""noisy""]"
Please start my subscription today.,sales,false,,,,purchase intent,"[""standard"", ""sales""]"
Mujhe weekly report chahiye. Kaise set kare?,product_question,false,,,,hinglish example,"[""hinglish""]"
Currency kya hai pricing ki?,pricing,false,,,,hinglish pricing,"[""hinglish""]"
My account is showing as inactive even though I'm paying.,account_issue,false,,,,account issue,"[""standard"", ""account""]"
Refund request for the annual subscription I just paid.,refund,true,,,,bulk addition,"[""standard""]"
Is role management available in all plans?,general_question,false,,,,bulk addition 4,"[""standard""]"
Mera kaam ruka hai. Q koi respond nahi kar raha?,complaint,true,,,,hinglish example,"[""hinglish""]"
Can I create custom ticket statuses?,product_question,false,,,,bulk addition,"[""standard""]"
The database query times out after 30 seconds.,technical_support,false,,,,technical issue,"[""standard"", ""technical""]"
Bahut disappointing experience hai.,complaint,false,,,,hinglish complaint,"[""hinglish""]"
i was chargd the rong plan,pricing,true,,,,spelling/noisy text,"[""noisy""]"
How much does it cost to upgrade?,pricing,false,,,,pricing question,"[""standard"", ""pricing""]"
Can I change my username?,general_question,false,,,,general info question,"[""standard""]"
We need 100 licenses for our organization.,sales,false,,,,purchase intent,"[""standard"", ""sales""]"
My refund request has been pending for a week.,refund,true,,,,refund demand,"[""escalation_positive"", ""refund""]"
Bots are not helping. Real person please.,human_request,true,,,,bulk addition 3,"[""standard""]"
I want to be very clear. I am NOT requesting a refund. I understand your refund policy and I respect it. What I am asking for is a detailed explanation of why my account was downgraded even though I paid for the annual plan. I have the transaction receipt and everything. This seems like a system error on your end and I would appreciate it if someone knowledgeable could look into it and explained what happened. Please do not call me as I am busy during work hours. An email explanation would be perfectly fine.,account_issue,false,,,,long message,"[""long""]"
plz help me wit my login,account_issue,false,,,,spelling/noisy text,"[""noisy""]"
Calendar sync stop ho gaya.,technical_support,false,,,,hinglish technical support,"[""hinglish""]"
i cnt log in 2 my accunt its urgent,account_issue,true,,,,bulk addition,"[""noisy""]"
Our procurement team needs a formal quote.,sales,false,,,,bulk addition 2,"[""standard""]"
i want my subscripion canclled,sales,false,,,,spelling/noisy text,"[""noisy""]"
Meri purani company se data migrate karo.,general_question,false,,,,hinglish example,"[""hinglish""]"
Does the product support real-time collaboration?,product_question,false,,,,product feature question,"[""standard""]"
I have a technical issue and I want to complain about it.,technical_support,false,,,,bulk addition,"[""multi_intent""]"
What's the pricing for additional users?,pricing,false,,,,bulk addition 4,"[""standard""]"
The drag and drop editor is showing incorrect data.,technical_support,false,,,,bulk addition 4,"[""standard""]"
kya aap India mein bhi service dete ho?,general_question,false,,,,hinglish general question,"[""hinglish""]"
Mera payment method update nahi ho raha.,account_issue,false,,,,bulk addition 3,"[""hinglish""]"
Help me choose the right plan for my team.,sales,false,,,,purchase intent,"[""standard"", ""sales""]"
The notification system keeps failing.,technical_support,false,,,,bulk addition 4,"[""standard""]"
What is the cost of white labeling?,pricing,false,,,,bulk addition 4,"[""standard""]"
Are you a robot?,other,false,,,,other / off-topic,"[""standard"", ""other""]"
What do I need to know about audit logging?,general_question,false,,,,bulk addition 4,"[""standard""]"
The mobile app is not loading properly.,technical_support,false,,,,bulk addition 4,"[""standard""]"
Get me a human on the line. I need to buy something.,sales,false,,,,confusion pair example,"[""confusion_pair""]"
Can you explain the template system?,general_question,false,,,,bulk addition 4,"[""standard""]"
Shameful that you charge for this broken software.,complaint,false,,,,bulk addition 2,"[""standard""]"
Is there an AI-powered response suggester?,product_question,false,,,,bulk addition,"[""standard""]"
I demand to speak to a human supervisor.,human_request,true,,,,human request,"[""escalation_positive"", ""human_request""]"
two-factor authentication support karte ho?,product_question,false,,,,hinglish product question,"[""hinglish""]"
Is there a tutorial for the reporting module?,general_question,false,,,,bulk addition 4,"[""standard""]"
I'm getting a timeout error on every request.,technical_support,false,,,,technical issue,"[""standard"", ""technical""]"
Money back!,refund,true,,,,very short message,[]
Can I use the platform offline?,general_question,false,,,,bulk addition,"[""standard""]"
Do I need to configure the reporting module manually?,general_question,false,,,,bulk addition 4,"[""standard""]"
Mujhe bulk SMS feature chahiye. Hai kya?,product_question,false,,,,hinglish example,"[""hinglish""]"
Technical issue causing me to want a refund.,refund,true,,,,bulk addition 3,"[""multi_intent""]"
Main AI features ke baare mein jaanna chahta hu.,product_question,false,,,,hinglish example,"[""hinglish""]"
Can you explain the refund policy and also your pricing?,general_question,false,,,,multi-intent example,"[""multi_intent""]"
Mera plan upgrade nahi ho raha hai.,sales,false,,,,bulk addition 2,"[""hinglish""]"
Do I pay extra for custom reporting?,pricing,false,,,,bulk addition 4,"[""standard""]"
refund my mony u scammers,refund,true,,,,bulk addition,"[""noisy""]"
I don't need a call. It's not that serious.,general_question,false,,,,bulk addition 3,"[""hard_negative_escalation""]"
I'm having trouble with The mobile app.,technical_support,false,,,,bulk addition 4,"[""standard""]"
Mujhe ek insaan chahiye. Bot se nahi kaam hoga.,human_request,true,,,,hinglish human request,"[""hinglish"", ""escalation_positive"", ""human_request""]"
Tell me a fun fact,other,false,,,,other / off-topic,"[""standard"", ""other""]"
What are your business hours?,general_question,false,,,,general info question,"[""standard""]"
You should be embarrassed by this product.,complaint,false,,,,bulk addition,"[""standard""]"
how to add team membrs,general_question,false,,,,spelling/noisy text,"[""noisy""]"
hello world,other,false,,,,other / off-topic,"[""standard"", ""other""]"
I'm not comfortable discussing this with a bot.,human_request,true,,,,bulk addition,"[""standard""]"
My entire workflow depends on this fix. I'm stuck since Monday.,technical_support,true,,,,bulk addition,"[""escalation_positive""]"
My webhooks are returning 503 errors.,technical_support,false,,,,technical issue,"[""standard"", ""technical""]"
Do I need to configure data export manually?,general_question,false,,,,bulk addition 4,"[""standard""]"
I solved it myself. Thanks anyway.,technical_support,false,,,,bulk addition 2,"[""hard_negative_escalation""]"
my workflo is not runing,technical_support,false,,,,spelling/noisy text,"[""noisy""]"
Can data export be disabled?,general_question,false,,,,bulk addition 4,"[""standard""]"
Starter plan kitne ka hai?,pricing,false,,,,hinglish pricing,"[""hinglish""]"
The reporting dashboard is broken after the latest update.,technical_support,false,,,,bulk addition 4,"[""standard""]"
Tell me a joke,other,false,,,,other / off-topic,"[""standard"", ""other""]"
Can real-time sync be disabled?,general_question,false,,,,bulk addition 4,"[""standard""]"
I want to talk to a human about my refund.,refund,true,,,,multi-intent example,"[""multi_intent""]"
i cant see my billng info,pricing,false,,,,spelling/noisy text,"[""noisy""]"
Maine support ticket khola but koi reply nahi.,technical_support,true,,,,bulk addition 3,"[""hinglish""]"
What's 2+2?,other,false,,,,other / off-topic,"[""standard"", ""other""]"
Do you provide onboarding training?,general_question,false,,,,bulk addition,"[""standard""]"
asdfghjkl,other,false,,,,other / off-topic,"[""standard"", ""other""]"
can u explain the pricin i dnt get it,pricing,false,,,,bulk addition 5,"[""noisy""]"
You charged me the wrong plan price.,pricing,true,,,,bulk addition 3,"[""standard""]"
Cannot resize columns in the data table.,technical_support,false,,,,bulk addition 3,"[""standard""]"
Can I set up conditional email triggers?,product_question,false,,,,bulk addition 2,"[""standard""]"
How do I connect my Slack workspace?,general_question,false,,,,bulk addition 5,"[""standard""]"
I understand now. No need to call me.,general_question,false,,,,bulk addition 2,"[""hard_negative_escalation""]"
Does it work with Microsoft Teams?,product_question,false,,,,product feature question,"[""standard""]"
Mera password reset nahi ho raha.,account_issue,false,,,,hinglish example,"[""hinglish""]"
Your lack of support is costing me money.,complaint,true,,,,escalation hard positive,"[""escalation_positive"", ""hard_positive""]"
Workflow automation beech mein ruk gaya.,technical_support,false,,,,hinglish technical support,"[""hinglish""]"
Is this support or sales?,general_question,false,,,,bulk addition 2,"[""confusion_pair""]"
Let me speak to the sales engineering team.,sales,false,,,,bulk addition,"[""standard""]"
Does the mobile app support push notifications?,product_question,false,,,,bulk addition,"[""standard""]"
How do I sign up?,general_question,false,,,,general info question,"[""standard""]"
The drag and drop feature is broken.,technical_support,false,,,,bulk addition 3,"[""standard""]"
Love the product,other,false,,,,bulk addition 5,"[""standard""]"
My account was suspended without any notification.,account_issue,false,,,,account issue,"[""standard"", ""account""]"
Can email notifications be disabled?,general_question,false,,,,bulk addition 4,"[""standard""]"
What are the benefits of email notifications?,general_question,false,,,,bulk addition 4,"[""standard""]"
Can you help me fix The reporting dashboard?,technical_support,false,,,,bulk addition 4,"[""standard""]"
Two accounts got merged erroneously.,account_issue,true,,,,bulk addition 3,"[""standard""]"
What browsers are supported?,general_question,false,,,,bulk addition,"[""standard""]"
Help me understand your refund process.,refund,false,,,,bulk addition,"[""confusion_pair""]"
Setup kaise karte hai? Koi guide hai?,general_question,false,,,,hinglish example,"[""hinglish""]"
Is the reporting module available in all plans?,general_question,false,,,,bulk addition 4,"[""standard""]"
How many employees do you have?,general_question,false,,,,confusion pair example,"[""confusion_pair""]"
Mai bahut pareshan hu. Please koi help karo.,general_question,true,,,,hinglish example,"[""hinglish""]"
Billing issue,pricing,false,,,,bulk addition 5,"[""standard""]"
How much for additional storage space?,pricing,false,,,,pricing question,"[""standard"", ""pricing""]"
How does the free tier differ from paid?,general_question,false,,,,general info question,"[""standard""]"
Please don't escalate. I made a mistake.,other,false,,,,bulk addition 5,"[""hard_negative_escalation""]"
can u explane the refund polcy,refund,false,,,,bulk addition,"[""noisy""]"
I'm having trouble with The notification system.,technical_support,false,,,,bulk addition 4,"[""standard""]"
Can you explain role management?,general_question,false,,,,bulk addition 4,"[""standard""]"
Is user permissions available in all plans?,general_question,false,,,,bulk addition 4,"[""standard""]"
How do I update my profile picture?,general_question,false,,,,general info question,"[""standard""]"
Mera account issue hai aur refund bhi chahiye.,refund,true,,,,multi-intent example,"[""multi_intent""]"
Can the dashboard be disabled?,general_question,false,,,,bulk addition 4,"[""standard""]"
I am disabled and I need extra help with your platform.,general_question,true,,,,bulk addition 2,"[""escalation_positive""]"
i paid but not gettin acsess,account_issue,true,,,,spelling/noisy text,"[""noisy""]"
The reporting dashboard stopped working suddenly.,technical_support,false,,,,bulk addition 4,"[""standard""]"
Where is your call center? I want to ring them.,human_request,true,,,,bulk addition 2,"[""standard""]"
Don't call me. I'm just browsing your pricing.,pricing,false,,,,escalation hard negative,"[""hard_negative_escalation""]"
Please connect me to a live support person.,human_request,true,,,,human request,"[""escalation_positive"", ""human_request""]"
I insist on speaking with a live support agent.,human_request,true,,,,bulk addition 5,"[""standard""]"
How long does it take to set up the integration wizard?,general_question,false,,,,bulk addition 4,"[""standard""]"
Main to sirf pricing poochh raha tha but ab account bhi nahi chal raha.,pricing,false,,,,multi-intent example,"[""multi_intent""]"
my account got haxxed,account_issue,true,,,,spelling/noisy text,"[""noisy""]"
Custom scripts kaam nahi kar rahe update ke baad.,technical_support,false,,,,hinglish technical support,"[""hinglish""]"
What's the pricing for extra storage?,pricing,false,,,,bulk addition 4,"[""standard""]"
ye service free mein use kar sakte hain?,general_question,false,,,,general info question,"[""standard""]"
Bahut frustrating hai.,complaint,false,,,,hinglish complaint,"[""hinglish""]"
I want my money back for the add-on I didn't order.,refund,true,,,,bulk addition 5,"[""standard""]"
What's your favorite color?,other,false,,,,other / off-topic,"[""standard"", ""other""]"
My payment failed but it's working now. No help needed.,technical_support,false,,,,escalation hard negative,"[""hard_negative_escalation""]"
Kya mein apna username change kar sakta hu?,general_question,false,,,,hinglish example,"[""hinglish""]"
This is the worst customer experience I've had.,complaint,false,,,,general complaint,"[""standard"", ""complaint""]"
Is service mein aake pachtawa hai.,complaint,false,,,,hinglish complaint,"[""hinglish""]"
Upgrade?,sales,false,,,,very short message,[]
Is there a limit on API calls?,general_question,false,,,,general info question,"[""standard""]"
my paymant method isnt workin,technical_support,false,,,,spelling/noisy text,"[""noisy""]"
Does the price include support?,pricing,false,,,,pricing question,"[""standard"", ""pricing""]"
This is a P1 incident. We need immediate response.,technical_support,true,,,,bulk addition 5,"[""escalation_positive""]"
Don't send anyone. I was just passing through.,other,false,,,,bulk addition 5,"[""hard_negative_escalation""]"
The calendar sync is broken after the latest update.,technical_support,false,,,,bulk addition 4,"[""standard""]"
My email was changed without my permission.,account_issue,false,,,,account issue,"[""standard"", ""account""]"
Can you explain data export?,general_question,false,,,,bulk addition 4,"[""standard""]"
my paymnt was deductd twice,refund,true,,,,spelling/noisy text,"[""noisy""]"
Pricing to theek hai but product features ke baare mein batao.,product_question,false,,,,multi-intent example,"[""multi_intent""]"
Widgets on the dashboard are not loading.,technical_support,false,,,,technical issue,"[""standard"", ""technical""]"
aap konsa payment method accept karte ho?,general_question,false,,,,general info question,"[""standard""]"
i am not abel to acces my acc,account_issue,false,,,,spelling/noisy text,"[""noisy""]"
The CSV generator produces garbled characters.,technical_support,false,,,,technical issue,"[""standard"", ""technical""]"
Product khareedna hai. Kya process hai?,sales,false,,,,hinglish sales,"[""hinglish""]"
Do I need to configure custom fields manually?,general_question,false,,,,bulk addition 4,"[""standard""]"
Mujhe demo chahiye purchase se pehle.,sales,false,,,,hinglish sales,"[""hinglish""]"
How do I set up email forwarding?,general_question,false,,,,bulk addition 2,"[""standard""]"
Do I need to configure backup manually?,general_question,false,,,,bulk addition 4,"[""standard""]"
Refund the auto-renewal charge immediately.,refund,true,,,,bulk addition,"[""standard""]"
No need to escalate. I figured it out.,technical_support,false,,,,escalation hard negative,"[""hard_negative_escalation""]"
My team needs 50 seats. Any discount?,pricing,false,,,,pricing question,"[""standard"", ""pricing""]"
I fixed the issue on my end. All good.,technical_support,false,,,,bulk addition 2,"[""hard_negative_escalation""]"
How long does it take to set up real-time sync?,general_question,false,,,,bulk addition 4,"[""standard""]"
i cnt figur out hw to pay my bill,pricing,false,,,,bulk addition 5,"[""noisy""]"
I feel like I've been scammed by your company.,complaint,false,,,,general complaint,"[""standard"", ""complaint""]"
Nobody needs to follow up. I'll manage.,general_question,false,,,,escalation hard negative,"[""hard_negative_escalation""]"
Can you explain the import tool?,general_question,false,,,,bulk addition 4,"[""standard""]"
Please expedite. This is time-sensitive.,general_question,true,,,,escalation hard positive,"[""escalation_positive"", ""hard_positive""]"
Can you sing a song?,other,false,,,,other / off-topic,"[""standard"", ""other""]"
How often is data backed up?,general_question,false,,,,general info question,"[""standard""]"
Sasta plan batao?,pricing,false,,,,hinglish pricing,"[""hinglish""]"
Maine upgrade kiya but features unlock nahi hue.,technical_support,false,,,,hinglish example,"[""hinglish""]"
Please set up a demo for the sales team.,sales,false,,,,purchase intent,"[""standard"", ""sales""]"
No one from your team seems to care about quality.,complaint,false,,,,bulk addition,"[""standard""]"
the dashbord is confusin,complaint,false,,,,bulk addition,"[""noisy""]"
I am so angry I could scream but I don't need anyone to call.,complaint,false,,,,bulk addition 3,"[""hard_negative_escalation""]"
What reporting options are available?,general_question,false,,,,general info question,"[""standard""]"
My custom CSS changes are not reflected on the portal.,technical_support,false,,,,bulk addition,"[""standard""]"
Can I get a walkthrough of the enterprise features?,sales,false,,,,purchase intent,"[""standard"", ""sales""]"
The API returns 502 errors intermittently.,technical_support,false,,,,bulk addition 3,"[""standard""]"
Actually I don't need support anymore.,general_question,false,,,,bulk addition 5,"[""hard_negative_escalation""]"
The API endpoint is not working.,technical_support,false,,,,bulk addition 4,"[""standard""]"
Mera password reset ka link bhejo.,account_issue,false,,,,bulk addition 5,"[""hinglish""]"
I see someone else's data in my dashboard.,account_issue,true,,,,bulk addition,"[""standard""]"
Mera account login nahi ho raha hai. Help karo.,account_issue,false,,,,hinglish example,"[""hinglish""]"
how 2 upgrate to premum,sales,false,,,,bulk addition 3,"[""noisy""]"
Bug after bug after bug. When will it end?,complaint,false,,,,bulk addition,"[""standard""]"
Ye software Hindi mein available hai?,product_question,false,,,,hinglish example,"[""hinglish""]"
The calendar sync keeps failing.,technical_support,false,,,,bulk addition 4,"[""standard""]"
Meri email change ho gayi bina permission ke.,account_issue,false,,,,hinglish account issue,"[""hinglish""]"
Process my refund or I'm disputing with my card issuer.,refund,true,,,,bulk addition 2,"[""standard""]"
NGO discount milta hai kya?,pricing,false,,,,hinglish pricing,"[""hinglish""]"
I'm locked out of my account and I want compensation.,account_issue,true,,,,multi-intent example,"[""multi_intent""]"
Do you offer a trial period?,general_question,false,,,,general info question,"[""standard""]"
What happens to my data after cancellation?,general_question,false,,,,general info question,"[""standard""]"
Can I call someone directly?,human_request,true,,,,human request,"[""escalation_positive"", ""human_request""]"
The webhook integration is not loading properly.,technical_support,false,,,,bulk addition 4,"[""standard""]"
Absolute garbage. Waste of money.,complaint,false,,,,bulk addition 2,"[""standard""]"
Mera refund process karo bahut time ho gaya.,refund,true,,,,bulk addition 5,"[""hinglish""]"
kya aapke paas app hai?,general_question,false,,,,hinglish general question,"[""hinglish""]"
Can you help me fix File upload?,technical_support,false,,,,bulk addition 4,"[""standard""]"
The drag and drop editor is not working.,technical_support,false,,,,bulk addition 4,"[""standard""]"
Do you have a status page for system health?,general_question,false,,,,bulk addition,"[""standard""]"
Profile update nahi ho raha.,account_issue,false,,,,hinglish account issue,"[""hinglish""]"
I can't believe I recommended this to my team.,complaint,false,,,,bulk addition 2,"[""standard""]"
Any hidden charges I should know?,pricing,false,,,,bulk addition 3,"[""standard""]"
This is extremely frustrating.,complaint,false,,,,general complaint,"[""standard"", ""complaint""]"
How does your product compare to competitors?,product_question,false,,,,confusion pair example,"[""confusion_pair""]"
Mujhe 2 saal ka contract chahiye.,sales,false,,,,bulk addition 3,"[""hinglish""]"
This experience has been nothing short of horrible.,complaint,false,,,,general complaint,"[""standard"", ""complaint""]"
I need someone to help me purchase.,sales,false,,,,bulk addition,"[""confusion_pair""]"
"I want actual human interaction, not automated replies.",human_request,true,,,,human request,"[""escalation_positive"", ""human_request""]"
I've been dealing with the bot for too long. Human please.,human_request,true,,,,human request,"[""escalation_positive"", ""human_request""]"
Team mein naye members add karne hain.,sales,false,,,,bulk addition 5,"[""hinglish""]"
Can you help me fix The login page?,technical_support,false,,,,bulk addition 4,"[""standard""]"
How long does the data migration take?,general_question,false,,,,bulk addition 3,"[""standard""]"
What is the monthly charge?,pricing,false,,,,pricing question,"[""standard"", ""pricing""]"
What is included in the base price?,pricing,false,,,,pricing question,"[""standard"", ""pricing""]"
Mujhe custom features chahiye. Possible hai?,product_question,false,,,,bulk addition 5,"[""hinglish""]"
I'd like to place an order for the team plan.,sales,false,,,,purchase intent,"[""standard"", ""sales""]"
Is there a cancellation fee?,pricing,false,,,,pricing question,"[""standard"", ""pricing""]"
Aapka customer support number kya hai?,general_question,false,,,,bulk addition 2,"[""hinglish""]"
LOL,other,false,,,,other / off-topic,"[""standard"", ""other""]"
Where is my refund? It's been 2 weeks.,refund,true,,,,bulk addition,"[""standard""]"
No need for human. Your docs helped.,general_question,false,,,,bulk addition 2,"[""hard_negative_escalation""]"
How do I delete my account?,general_question,false,,,,general info question,"[""standard""]"
Can you help me fix Data export?,technical_support,false,,,,bulk addition 4,"[""standard""]"
my team cant see the documents i upload,technical_support,false,,,,bulk addition 2,"[""noisy""]"
I want to upgrade but I also have a billing question.,sales,false,,,,bulk addition,"[""multi_intent""]"
Random message ignore please,other,false,,,,other / off-topic,"[""standard"", ""other""]"
ur chargin me rong amunt evry munth,pricing,true,,,,bulk addition 3,"[""noisy""]"
The mobile app keeps crashing on Android 14.,technical_support,false,,,,bulk addition,"[""standard""]"
Is extra storage included in the base price?,pricing,false,,,,bulk addition 4,"[""standard""]"
I'm having trouble with The drag and drop editor.,technical_support,false,,,,bulk addition 4,"[""standard""]"
Mujhe ek real person se baat karni hai.,human_request,true,,,,hinglish human request,"[""hinglish"", ""escalation_positive"", ""human_request""]"
I'm about to take legal action if you don't resolve this.,complaint,true,,,,escalation hard positive,"[""escalation_positive"", ""hard_positive""]"
I am not happy and I want my money returned.,refund,true,,,,refund demand,"[""escalation_positive"", ""refund""]"
What do I need to know about backup?,general_question,false,,,,bulk addition 4,"[""standard""]"
I don't want a refund. I only want to know your policy.,refund,false,,,,escalation hard negative,"[""hard_negative_escalation""]"
Sign me up for the annual plan.,sales,false,,,,purchase intent,"[""standard"", ""sales""]"
File upload is showing incorrect data.,technical_support,false,,,,bulk addition 4,"[""standard""]"
Can I set up recurring reports?,general_question,false,,,,bulk addition,"[""standard""]"
Your product does not do what you claim it does.,complaint,false,,,,general complaint,"[""standard"", ""complaint""]"
Please activate my premium trial for evaluation.,sales,false,,,,bulk addition,"[""standard""]"
How does your product compare to competitors?,product_question,false,,,,product feature question,"[""standard""]"
Is training included in the price?,pricing,false,,,,pricing question,"[""standard"", ""pricing""]"
Password reset sends to an old email I can't access.,account_issue,false,,,,bulk addition,"[""standard""]"
What is your support response time?,general_question,false,,,,bulk addition 2,"[""standard""]"
Aapke yaha kya kya features hain? Batao.,product_question,false,,,,hinglish example,"[""hinglish""]"
What languages do you support?,general_question,false,,,,general info question,"[""standard""]"
Can I create custom fields?,product_question,false,,,,product feature question,"[""standard""]"
How is your day going?,other,false,,,,bulk addition 3,"[""standard""]"
Can you explain audit logging?,general_question,false,,,,bulk addition 4,"[""standard""]"
Mera API rate limit exceed ho gaya. Badhao.,technical_support,false,,,,hinglish example,"[""hinglish""]"
Testing testing 123,other,false,,,,other / off-topic,"[""standard"", ""other""]"
ur pricin is way 2 high for what u offer,pricing,false,,,,bulk addition 2,"[""noisy""]"
Is the mobile app included in the base price?,pricing,false,,,,bulk addition 4,"[""standard""]"
I'd like to upgrade to the enterprise plan.,sales,false,,,,purchase intent,"[""standard"", ""sales""]"
I get an error when using The webhook integration.,technical_support,false,,,,bulk addition 4,"[""standard""]"
Do I need to configure two-factor authentication manually?,general_question,false,,,,bulk addition 4,"[""standard""]"
I'm entitled to a full refund under your policy.,refund,true,,,,refund demand,"[""escalation_positive"", ""refund""]"
I have a complaint about my account but I also need it fixed now.,account_issue,true,,,,multi-intent example,"[""multi_intent""]"
Your platform failure caused me to miss a major deadline.,technical_support,true,,,,bulk addition 5,"[""escalation_positive""]"
Tell me the price or connect me to sales.,pricing,false,,,,bulk addition 2,"[""confusion_pair""]"
Very poor service. Not happy at all.,complaint,false,,,,general complaint,"[""standard"", ""complaint""]"
Mera account hacked ho gaya.,account_issue,false,,,,hinglish account issue,"[""hinglish""]"
Sales team se baat karni hai aur price bhi confirm karna hai.,sales,false,,,,multi-intent example,"[""multi_intent""]"
Is there a one-time purchase option?,pricing,false,,,,bulk addition,"[""standard""]"
My login says invalid credentials all of a sudden.,account_issue,false,,,,bulk addition,"[""standard""]"
The API endpoint stopped working suddenly.,technical_support,false,,,,bulk addition 4,"[""standard""]"
Aapki service band karni hai. Refund chahiye.,refund,true,,,,bulk addition 2,"[""hinglish""]"
i cnt updat my profil,account_issue,false,,,,spelling/noisy text,"[""noisy""]"
Is there a referral tracking system?,product_question,false,,,,product feature question,"[""standard""]"
You have 24 hours to resolve this before I take action.,complaint,true,,,,bulk addition,"[""escalation_positive""]"
Do you have a partner program?,general_question,false,,,,general info question,"[""standard""]"
Mujhe annual plan ka quote bhejo.,sales,false,,,,bulk addition,"[""hinglish""]"
my reportz r not generatin plz fix,technical_support,false,,,,bulk addition,"[""noisy""]"
My account was hacked. Someone changed my password.,account_issue,false,,,,account issue,"[""standard"", ""account""]"
This needs a human touch. Please transfer.,human_request,true,,,,bulk addition,"[""standard""]"
Extra storage ka kya charge hai?,pricing,false,,,,hinglish pricing,"[""hinglish""]"
i m gettin eror code 500,technical_support,false,,,,spelling/noisy text,"[""noisy""]"
I need my money refunded today.,refund,true,,,,refund demand,"[""escalation_positive"", ""refund""]"
Your product is good but your support is terrible.,complaint,false,,,,bulk addition 2,"[""multi_intent""]"
Does the tool support bulk operations?,product_question,false,,,,product feature question,"[""standard""]"
Aapke yaha kaam karte ho ya nahi?,complaint,true,,,,bulk addition,"[""hinglish""]"
Can I clone workflows?,product_question,false,,,,product feature question,"[""standard""]"
Report export nahi ho rahi PDF mein.,technical_support,false,,,,hinglish technical support,"[""hinglish""]"
Can I integrate with Shopify?,product_question,false,,,,product feature question,"[""standard""]"
How do I invite external users?,general_question,false,,,,bulk addition,"[""standard""]"
Kya ye sales ke liye hai ya service ke liye?,general_question,false,,,,hinglish general question,"[""hinglish""]"
Team plan ka proforma invoice bhejo.,sales,false,,,,hinglish sales,"[""hinglish""]"
Are there tax implications I should know about?,pricing,false,,,,bulk addition,"[""standard""]"
What is your cancellation process?,general_question,false,,,,bulk addition,"[""standard""]"
Billing?,pricing,false,,,,very short message,[]
i paid but my plan dint upgrade,account_issue,true,,,,bulk addition,"[""noisy""]"
plan upgrade kaise kare?,general_question,false,,,,hinglish general question,"[""hinglish""]"
Iska use kya hai?,general_question,false,,,,hinglish general question,"[""hinglish""]"
Your service sucks and I want my money back immediately.,refund,true,,,,multi-intent example,"[""multi_intent""]"
I'm extremely let down by your company.,complaint,false,,,,bulk addition 3,"[""standard""]"
Can backup be disabled?,general_question,false,,,,bulk addition 4,"[""standard""]"
The SSL certificate for my custom domain expired.,technical_support,false,,,,bulk addition,"[""standard""]"
Pricing question and account login issue.,pricing,false,,,,bulk addition 3,"[""multi_intent""]"
i hat this app it always crashs,complaint,false,,,,bulk addition,"[""noisy""]"
Can I integrate with Salesforce?,product_question,false,,,,product feature question,"[""standard""]"
Your company's standards have dropped badly.,complaint,false,,,,general complaint,"[""standard"", ""complaint""]"
hello ji,other,false,,,,other / off-topic,"[""standard"", ""other""]"
File upload limit 0 bytes par atka hua hai.,technical_support,false,,,,hinglish technical support,"[""hinglish""]"
Annual plan ke liye sign up karo.,sales,false,,,,hinglish sales,"[""hinglish""]"
Fix now,technical_support,true,,,,very short message,[]
Mera password reset link expire ho gaya.,account_issue,false,,,,bulk addition 3,"[""hinglish""]"
Aapke yaha kaam karte ho ya nahi? 4 din se wait.,complaint,true,,,,bulk addition 2,"[""hinglish""]"
This is fraud. I want every cent back.,refund,true,,,,bulk addition,"[""standard""]"
Is two-factor authentication available in all plans?,general_question,false,,,,bulk addition 4,"[""standard""]"
I don't know if I should ask sales or support.,general_question,false,,,,bulk addition 3,"[""confusion_pair""]"
I can't remove my old payment method.,account_issue,false,,,,bulk addition 3,"[""standard""]"
Do I pay extra for the mobile app?,pricing,false,,,,bulk addition 4,"[""standard""]"
Koi insaan se baat karao.,human_request,true,,,,hinglish human request,"[""hinglish"", ""escalation_positive"", ""human_request""]"
Kya aap custom integration support karte ho?,product_question,false,,,,hinglish example,"[""hinglish""]"
Is data export available in all plans?,general_question,false,,,,bulk addition 4,"[""standard""]"
Is the dashboard available in all plans?,general_question,false,,,,bulk addition 4,"[""standard""]"
Team member account access nahi kar pa raha.,account_issue,false,,,,hinglish account issue,"[""hinglish""]"
i dont lik this servis,complaint,false,,,,spelling/noisy text,"[""noisy""]"
What is your refund policy?,general_question,false,,,,general info question,"[""standard""]"
pls refund my mony,refund,true,,,,spelling/noisy text,"[""noisy""]"
I'm getting an SSL error when I try to connect.,technical_support,false,,,,technical issue,"[""standard"", ""technical""]"
How much for API access for 100k calls?,pricing,false,,,,bulk addition 4,"[""standard""]"
My workflow automation is not loading properly.,technical_support,false,,,,bulk addition 4,"[""standard""]"
I am extremely let down by your company.,complaint,false,,,,general complaint,"[""standard"", ""complaint""]"
Charge?,pricing,false,,,,very short message,[]
What are the benefits of user permissions?,general_question,false,,,,bulk addition 4,"[""standard""]"
the sarce bar is not wrking,technical_support,false,,,,spelling/noisy text,"[""noisy""]"
The CSV import keeps failing at row 50.,technical_support,false,,,,technical issue,"[""standard"", ""technical""]"
My 30-day trial was charged despite cancelling.,refund,true,,,,refund demand,"[""escalation_positive"", ""refund""]"
I need to add 3 more admins to my account.,sales,false,,,,bulk addition 3,"[""standard""]"
I'm angry about the price but I need the product.,pricing,false,,,,bulk addition 5,"[""multi_intent""]"
How do I contact support?,general_question,false,,,,general info question,"[""standard""]"
Email parser is not categorizing tickets correctly.,technical_support,false,,,,bulk addition,"[""standard""]"
can u plz refund my muney i need it urgent,refund,true,,,,bulk addition 2,"[""noisy""]"
billing cycle change kaise kare?,general_question,false,,,,hinglish general question,"[""hinglish""]"
Is there a setup fee?,pricing,false,,,,pricing question,"[""standard"", ""pricing""]"
I feel like a beta tester for a product I paid for.,complaint,false,,,,bulk addition,"[""standard""]"
How long does it take to set up role management?,general_question,false,,,,bulk addition 4,"[""standard""]"
Aapne mujhe overcharge kiya hai. Check karo.,pricing,true,,,,hinglish example,"[""hinglish""]"
Can I segment my audience with your tool?,product_question,false,,,,product feature question,"[""standard""]"
I'm unable to change my billing address.,account_issue,false,,,,account issue,"[""standard"", ""account""]"
Aapki onboarding process bahut complicated hai.,complaint,false,,,,hinglish example,"[""hinglish""]"
What are the benefits of backup?,general_question,false,,,,bulk addition 4,"[""standard""]"
My webhook endpoint is not receiving payloads anymore.,technical_support,false,,,,technical issue,"[""standard"", ""technical""]"
Can you help me fix The notification system?,technical_support,false,,,,bulk addition 4,"[""standard""]"
I want to move forward with the implementation.,sales,false,,,,purchase intent,"[""standard"", ""sales""]"
Aapka product use karke bahut time ho gaya but update nahi aaya.,complaint,false,,,,hinglish example,"[""hinglish""]"
i want my subscrption canceled asap,sales,false,,,,bulk addition 5,"[""noisy""]"
Is there a tutorial for backup?,general_question,false,,,,bulk addition 4,"[""standard""]"
Login button kaam nahi kar raha.,technical_support,false,,,,hinglish technical support,"[""hinglish""]"
I can't update my profile information.,account_issue,false,,,,account issue,"[""standard"", ""account""]"
What is the per-transaction fee?,pricing,false,,,,pricing question,"[""standard"", ""pricing""]"
Do I need to configure role management manually?,general_question,false,,,,bulk addition 4,"[""standard""]"
Your service is horrible. I want compensation.,refund,true,,,,confusion pair example,"[""confusion_pair""]"
I'm calling about an account issue and I want a refund.,refund,true,,,,bulk addition 3,"[""confusion_pair""]"
my sso is brokn,technical_support,false,,,,spelling/noisy text,"[""noisy""]"
Do you support two-factor authentication?,product_question,false,,,,product feature question,"[""standard""]"
What currency are prices in?,pricing,false,,,,pricing question,"[""standard"", ""pricing""]"
i wnt my mony back from u scammers,refund,true,,,,bulk addition 2,"[""noisy""]"
how 2 add mor storag to my plan,pricing,false,,,,bulk addition 2,"[""noisy""]"
Your product broke and I want compensation.,refund,true,,,,bulk addition 2,"[""confusion_pair""]"
aapka software Mac par chalega?,general_question,false,,,,hinglish general question,"[""hinglish""]"
The template preview is showing incorrect data.,technical_support,false,,,,bulk addition 4,"[""standard""]"
Hello?,other,false,,,,very short message,[]
how 2 get a demmo,sales,false,,,,spelling/noisy text,"[""noisy""]"
i am gettin erors in my report,technical_support,false,,,,spelling/noisy text,"[""noisy""]"
Your service is bad but please don't contact me about it.,complaint,false,,,,escalation hard negative,"[""hard_negative_escalation""]"
Refund kab tak aayega? Paisa kat liya hai.,refund,true,,,,hinglish example,"[""hinglish""]"
Mera data export karo. Mai ja raha hu.,general_question,false,,,,bulk addition 2,"[""hinglish""]"
Mujhe aapse bahut umeed thi but nirash kiya.,complaint,false,,,,bulk addition 5,"[""hinglish""]"
Do you offer student discounts?,pricing,false,,,,pricing question,"[""standard"", ""pricing""]"
Mail send nahi ho rahi platform se.,technical_support,false,,,,hinglish technical support,"[""hinglish""]"
i wnt a humen to help me,human_request,true,,,,spelling/noisy text,"[""noisy""]"
How long does it take to set up the API?,general_question,false,,,,bulk addition 4,"[""standard""]"
What are the benefits of the dashboard?,general_question,false,,,,bulk addition 4,"[""standard""]"
Is email notifications available in all plans?,general_question,false,,,,bulk addition 4,"[""standard""]"
Refund my payment or I'll report you.,refund,true,,,,refund demand,"[""escalation_positive"", ""refund""]"
Hacked!,account_issue,true,,,,very short message,[]
can u tel me the price of ur premium plan plz,pricing,false,,,,bulk addition,"[""noisy""]"
Thank you for your help.,other,false,,,,bulk addition,"[""standard""]"
Don't need anyone to reach out. Just wanted to give feedback.,complaint,false,,,,bulk addition 3,"[""hard_negative_escalation""]"
I want to buy the pro plan now.,sales,false,,,,purchase intent,"[""standard"", ""sales""]"
Do I pay extra for premium support?,pricing,false,,,,bulk addition 4,"[""standard""]"
You should be ashamed of this product quality.,complaint,false,,,,general complaint,"[""standard"", ""complaint""]"
Cheated,complaint,true,,,,very short message,[]
I need help with my bill and I'm upset.,pricing,false,,,,bulk addition 2,"[""confusion_pair""]"
I need a human agent to handle this.,human_request,true,,,,human request,"[""escalation_positive"", ""human_request""]"
You charged me after cancellation. Refund now.,refund,true,,,,refund demand,"[""escalation_positive"", ""refund""]"
How deep is the Salesforce integration?,product_question,false,,,,bulk addition,"[""standard""]"
How much for white labeling?,pricing,false,,,,bulk addition 4,"[""standard""]"
I have an account issue and it's making me very angry.,account_issue,false,,,,multi-intent example,"[""multi_intent""]"
How do I generate an invoice?,general_question,false,,,,general info question,"[""standard""]"
Can I export reports in PDF?,product_question,false,,,,product feature question,"[""standard""]"
Har baar same problem. Koi fix nahi karta.,complaint,false,,,,hinglish complaint,"[""hinglish""]"
How many users can I add on the pro plan?,product_question,false,,,,product feature question,"[""standard""]"
Images in the gallery are not loading on mobile.,technical_support,false,,,,bulk addition 2,"[""standard""]"
i dnt no how 2 us this app its hard,general_question,false,,,,bulk addition 3,"[""noisy""]"
How granular are the permissions?,product_question,false,,,,product feature question,"[""standard""]"
How do I invite team members?,general_question,false,,,,general info question,"[""standard""]"
I need a callback in the next 30 minutes.,human_request,true,,,,bulk addition 5,"[""escalation_positive""]"
Kya aap mujhe call back kar sakte ho?,human_request,true,,,,bulk addition,"[""hinglish""]"
Aapke product ne mera time waste kiya.,complaint,false,,,,hinglish complaint,"[""hinglish""]"
Process my refund or I will dispute with my bank.,refund,true,,,,bulk addition,"[""standard""]"
Maine apna password change kiya but login nahi ho raha.,account_issue,false,,,,bulk addition,"[""hinglish""]"
password kaise reset kare?,general_question,false,,,,general info question,"[""standard""]"
I am completely dissatisfied with this service.,complaint,false,,,,confusion pair example,"[""confusion_pair""]"
Do you support webhook integrations?,product_question,false,,,,product feature question,"[""standard""]"
Aaj customer khoya hai aapne.,complaint,false,,,,hinglish complaint,"[""hinglish""]"
I forgot my password and the reset link isn't working.,account_issue,false,,,,account issue,"[""standard"", ""account""]"
Setup fee hai kya?,pricing,false,,,,hinglish pricing,"[""hinglish""]"
Mera trial period khatam hone wala hai. Kya karna chahiye?,general_question,false,,,,hinglish example,"[""hinglish""]"
Is there a knowledge base feature?,product_question,false,,,,bulk addition,"[""standard""]"
Mera trial khatam hone wala hai. Kya karna hoga?,general_question,false,,,,hinglish example,"[""hinglish""]"
Main aapke khilaf legal action lunga.,complaint,true,,,,escalation hard positive,"[""escalation_positive"", ""hard_positive""]"
I have proof of your false claims. Legal action pending.,complaint,true,,,,bulk addition 5,"[""escalation_positive""]"
Are you a bot or a human?,other,false,,,,bulk addition 2,"[""confusion_pair""]"
The mobile app stopped working suddenly.,technical_support,false,,,,bulk addition 4,"[""standard""]"
I'm angry about my account issue but I don't need anyone to call me.,account_issue,false,,,,multi-intent example,"[""multi_intent""]"
Team add karne ka option kahan hai?,product_question,false,,,,bulk addition 3,"[""hinglish""]"
Your support team is useless.,complaint,false,,,,general complaint,"[""standard"", ""complaint""]"
We are ready to sign. Send contract.,sales,false,,,,bulk addition 3,"[""standard""]"
i sent 10 emails n no1 replid,complaint,true,,,,bulk addition 5,"[""noisy""]"
How does the trial compare to full version?,pricing,false,,,,bulk addition 3,"[""standard""]"
Email delivery keeps failing.,technical_support,false,,,,bulk addition 4,"[""standard""]"
I can't believe I paid for this garbage.,complaint,false,,,,general complaint,"[""standard"", ""complaint""]"
the notifcation icon is not showng,technical_support,false,,,,spelling/noisy text,"[""noisy""]"
I want to complain to your manager.,human_request,true,,,,bulk addition,"[""confusion_pair""]"
Is there a setup fee for enterprise?,pricing,false,,,,bulk addition,"[""standard""]"
I get an error when using The CSV importer.,technical_support,false,,,,bulk addition 4,"[""standard""]"
The page is loading infinitely without any content.,technical_support,false,,,,technical issue,"[""standard"", ""technical""]"
This platform is not ready for prime time.,complaint,false,,,,bulk addition,"[""standard""]"
Kya?,other,false,,,,very short message,[]
Mujhe nahi samajh aata aapka pricing structure.,pricing,false,,,,bulk addition 2,"[""hinglish""]"
Kya pay-as-you-go option hai?,pricing,false,,,,hinglish pricing,"[""hinglish""]"
Kya koi setup cost hai?,pricing,false,,,,hinglish pricing,"[""hinglish""]"
How does real-time sync work in your platform?,general_question,false,,,,bulk addition 4,"[""standard""]"
Please send me the contract for the annual plan.,sales,false,,,,bulk addition,"[""standard""]"
My account was compromised and sensitive data was accessed.,account_issue,true,,,,bulk addition 3,"[""escalation_positive""]"
Is there a sandbox environment?,product_question,false,,,,product feature question,"[""standard""]"
Can the reporting module be disabled?,general_question,false,,,,bulk addition 4,"[""standard""]"
Overcharged,pricing,true,,,,very short message,[]
I need a human for my account problem but I also want pricing.,account_issue,false,,,,bulk addition 3,"[""confusion_pair""]"
role-based access control hai kya?,product_question,false,,,,hinglish product question,"[""hinglish""]"
ur bot is so stupd i need a real person,human_request,true,,,,bulk addition 5,"[""noisy""]"
Email delivery is not loading properly.,technical_support,false,,,,bulk addition 4,"[""standard""]"
I'm requesting a full refund due to service issues.,refund,true,,,,refund demand,"[""escalation_positive"", ""refund""]"
Does your premium plan include API access?,product_question,false,,,,product feature question,"[""standard""]"
I demand compensation for the poor service.,refund,true,,,,refund demand,"[""escalation_positive"", ""refund""]"
I'm bored. Entertain me.,other,false,,,,other / off-topic,"[""standard"", ""other""]"
Mera account kaise reactivate kare?,account_issue,false,,,,bulk addition 5,"[""hinglish""]"
What are the benefits of real-time sync?,general_question,false,,,,bulk addition 4,"[""standard""]"
If this is not resolved today I'm switching to your competitor.,complaint,true,,,,escalation hard positive,"[""escalation_positive"", ""hard_positive""]"
What are the costs for API access?,pricing,false,,,,pricing question,"[""standard"", ""pricing""]"
kya ye app India mein available hai?,general_question,false,,,,general info question,"[""standard""]"
Too slow,technical_support,false,,,,very short message,[]
"I want to cancel my subscription, but first explain the refund policy.",refund,false,,,,multi-intent example,"[""multi_intent""]"
No need to contact me. I'll check the documentation.,general_question,false,,,,bulk addition,"[""hard_negative_escalation""]"
Do you have a mobile app?,general_question,false,,,,general info question,"[""standard""]"
Do I get a discount for early payment?,pricing,false,,,,bulk addition,"[""standard""]"
What do I need to know about role management?,general_question,false,,,,bulk addition 4,"[""standard""]"
The system is running extremely slow today.,technical_support,false,,,,bulk addition,"[""standard""]"
Enterprise features ka walkthrough chahiye.,sales,false,,,,hinglish sales,"[""hinglish""]"
How does email notifications work in your platform?,general_question,false,,,,bulk addition 4,"[""standard""]"
Yeh mera business affect kar raha hai.,complaint,true,,,,escalation hard positive,"[""escalation_positive"", ""hard_positive""]"
Can you help me fix The template preview?,technical_support,false,,,,bulk addition 4,"[""standard""]"
I need an exception to your policy due to your error.,refund,true,,,,bulk addition 5,"[""escalation_positive""]"
The The search bar feature is causing errors.,technical_support,false,,,,bulk addition 4,"[""standard""]"
I'm having trouble with The search bar.,technical_support,false,,,,bulk addition 4,"[""standard""]"
I can't accept the invitation to the workspace.,account_issue,false,,,,bulk addition 2,"[""standard""]"
What is the cost of the mobile app?,pricing,false,,,,bulk addition 4,"[""standard""]"
Nice,other,false,,,,other / off-topic,"[""standard"", ""other""]"
How much for the team collaboration add-on?,pricing,false,,,,bulk addition 2,"[""standard""]"
My workflow automation keeps failing.,technical_support,false,,,,bulk addition 4,"[""standard""]"
Is tax included in the price?,pricing,false,,,,pricing question,"[""standard"", ""pricing""]"
Is there a community for users?,general_question,false,,,,bulk addition,"[""standard""]"
I keep getting logged out automatically.,technical_support,false,,,,technical issue,"[""standard"", ""technical""]"
How does the dashboard work in your platform?,general_question,false,,,,bulk addition 4,"[""standard""]"
How do I download my invoice?,general_question,false,,,,bulk addition,"[""standard""]"
Kisi aur ne mera account access kiya.,account_issue,false,,,,hinglish account issue,"[""hinglish""]"
Mujhe samajh nahi aa raha kya karna hai.,general_question,false,,,,bulk addition 3,"[""hinglish""]"
I'm having trouble with Email delivery.,technical_support,false,,,,bulk addition 4,"[""standard""]"
Mera data export kar do. Mai switch kar raha hu.,general_question,false,,,,bulk addition 3,"[""hinglish""]"
How long does setup take?,general_question,false,,,,general info question,"[""standard""]"
Aapki service India mein kyu slow hai?,technical_support,false,,,,hinglish example,"[""hinglish""]"
Yearly contract sign karna hai.,sales,false,,,,hinglish sales,"[""hinglish""]"
Payment double charge ho gaya. Paisa wapas karo.,refund,true,,,,hinglish example,"[""hinglish""]"
Okay,other,false,,,,other / off-topic,"[""standard"", ""other""]"
This is a wonderful platform. I have no complaints whatsoever.,other,false,,,,cross 2000,"[""standard""]"
I was angry but I've calmed down. No action needed.,complaint,false,,,,bulk addition 5,"[""hard_negative_escalation""]"
Connect me to someone who can actually solve problems.,human_request,true,,,,bulk addition 2,"[""standard""]"
Can you explain two-factor authentication?,general_question,false,,,,bulk addition 4,"[""standard""]"
The My workflow automation feature is causing errors.,technical_support,false,,,,bulk addition 4,"[""standard""]"
I need a human to verify my identity.,human_request,true,,,,bulk addition 3,"[""standard""]"
Our company has selected your platform for rollout.,sales,false,,,,bulk addition,"[""standard""]"
My workflow automation is broken after the latest update.,technical_support,false,,,,bulk addition 4,"[""standard""]"
I need top priority handling for this security issue.,account_issue,true,,,,bulk addition 2,"[""escalation_positive""]"
Can I prepay for a year and get a discount?,pricing,false,,,,pricing question,"[""standard"", ""pricing""]"
Mujhe custom integration chahiye with Shopify.,product_question,false,,,,bulk addition 3,"[""hinglish""]"
Can you help me fix The mobile app?,technical_support,false,,,,bulk addition 4,"[""standard""]"
Is there a community forum?,general_question,false,,,,general info question,"[""standard""]"
The search bar is not working.,technical_support,false,,,,bulk addition 4,"[""standard""]"
I demand my money back for the unused months.,refund,true,,,,bulk addition,"[""standard""]"
I can't switch between my workspace accounts.,account_issue,false,,,,account issue,"[""standard"", ""account""]"
How much is the premium support add-on?,pricing,false,,,,bulk addition,"[""standard""]"
Fix it.,technical_support,true,,,,very short message,[]
Mera data export kardo. Account close kar raha hu.,general_question,false,,,,bulk addition,"[""hinglish""]"
whts the price of premium pakage,pricing,false,,,,spelling/noisy text,"[""noisy""]"
"i dnt wnt a refund, jst want info",refund,false,,,,spelling/noisy text,"[""noisy""]"
Can I connect my CRM directly?,product_question,false,,,,product feature question,"[""standard""]"
Aapka product use karke bahut time ho gaya. Ab kuch naya karo.,complaint,false,,,,bulk addition,"[""hinglish""]"
I want to upgrade but I'm also locked out.,sales,true,,,,bulk addition 5,"[""multi_intent""]"
I need a personal call back within the hour.,human_request,true,,,,bulk addition 2,"[""escalation_positive""]"
Where can I find documentation about data export?,general_question,false,,,,bulk addition 4,"[""standard""]"
100 licenses chahiye organization ke liye.,sales,false,,,,hinglish sales,"[""hinglish""]"
I'm ready to sign the contract. Send it over.,sales,false,,,,bulk addition 2,"[""standard""]"
Mujhe additional seats chahiye.,sales,false,,,,hinglish sales,"[""hinglish""]"
Is there a minimum monthly spend?,pricing,false,,,,pricing question,"[""standard"", ""pricing""]"
Email delivery is not working.,technical_support,false,,,,bulk addition 4,"[""standard""]"
kya koi setup fee hai?,general_question,false,,,,hinglish general question,"[""hinglish""]"
I want a custom plan for my organization.,sales,false,,,,bulk addition 3,"[""standard""]"
Mobile SDK provide karte ho aap?,product_question,false,,,,hinglish product question,"[""hinglish""]"
"I wanted to ask about something before I make a purchase decision. Your premium plan seems to have a lot of features that I'm interested in, especially the API access and the advanced analytics capabilities. However, I noticed that the pricing page doesn't clearly mention whether there are any additional costs for API calls beyond a certain limit. Could you please clarify this for me? Also, do you offer any kind of migration assistance for customers who are switching from a different platform? I would appreciate a detailed response as I'm evaluating multiple options right now.",product_question,false,,,,long message,"[""long""]"
Can I delete my data permanently?,general_question,false,,,,bulk addition,"[""standard""]"
I'm ready to buy. Process my payment.,sales,false,,,,purchase intent,"[""standard"", ""sales""]"
The calendar sync is showing incorrect data.,technical_support,false,,,,bulk addition 4,"[""standard""]"
My business is suffering because of your incompetence.,complaint,true,,,,escalation hard positive,"[""escalation_positive"", ""hard_positive""]"
can u help me with loggin in,account_issue,false,,,,spelling/noisy text,"[""noisy""]"
how 2 delet my acc,general_question,false,,,,bulk addition,"[""noisy""]"
Email delivery stopped working suddenly.,technical_support,false,,,,bulk addition 4,"[""standard""]"
Premium plan ka price kya hai?,pricing,false,,,,hinglish example,"[""hinglish""]"
this websit is so slo its anoyin,technical_support,false,,,,bulk addition,"[""noisy""]"
Push notifications are delayed by 30 minutes.,technical_support,false,,,,bulk addition 3,"[""standard""]"
Mera account lock ho gaya hai.,account_issue,false,,,,hinglish account issue,"[""hinglish""]"
My CSV import is failing with a generic error.,technical_support,false,,,,bulk addition,"[""standard""]"
This issue is causing a security audit failure.,account_issue,true,,,,bulk addition 5,"[""escalation_positive""]"
What's the early termination fee?,pricing,false,,,,bulk addition 3,"[""standard""]"
I'm locked out of my account.,account_issue,false,,,,account issue,"[""standard"", ""account""]"
Hate the support,complaint,false,,,,bulk addition 5,"[""standard""]"
Account verification fail ho raha hai.,account_issue,false,,,,hinglish account issue,"[""hinglish""]"
I want to upgrade my current plan to premium.,sales,false,,,,purchase intent,"[""standard"", ""sales""]"
Payment failed but I have SMS saying money debited.,technical_support,true,,,,hinglish example,"[""hinglish""]"
I like turtles.,other,false,,,,bulk addition 2,"[""standard""]"
The CSV importer is broken after the latest update.,technical_support,false,,,,bulk addition 4,"[""standard""]"
my pasword reset isnt workng,account_issue,false,,,,spelling/noisy text,"[""noisy""]"
What happens if I don't renew in time?,general_question,false,,,,bulk addition,"[""standard""]"
Mujhe weekly reports chahiye. Kaise set kare?,product_question,false,,,,bulk addition 2,"[""hinglish""]"
I've had enough of your ineptitude.,complaint,false,,,,general complaint,"[""standard"", ""complaint""]"
I need technical support for a billing issue.,technical_support,false,,,,multi-intent example,"[""multi_intent""]"
Aapki website par error aa raha hai.,technical_support,false,,,,bulk addition 3,"[""hinglish""]"
I'm having trouble with The calendar sync.,technical_support,false,,,,bulk addition 4,"[""standard""]"
Please connect me to your senior management.,human_request,true,,,,bulk addition,"[""standard""]"
Your platform is full of bugs and glitches.,complaint,false,,,,general complaint,"[""standard"", ""complaint""]"
Can I schedule automatic reports?,product_question,false,,,,product feature question,"[""standard""]"
2FA code nahi aa raha.,account_issue,false,,,,hinglish account issue,"[""hinglish""]"
how do i delet my acount,general_question,false,,,,spelling/noisy text,"[""noisy""]"
I want to buy the plan but I need technical help first.,sales,false,,,,multi-intent example,"[""multi_intent""]"
Do I need to configure the import tool manually?,general_question,false,,,,bulk addition 4,"[""standard""]"
Mujhe refund aur technical support chahiye.,refund,true,,,,bulk addition 5,"[""multi_intent""]"
Is there a tutorial for the API?,general_question,false,,,,bulk addition 4,"[""standard""]"
Aap logon ko koi farak nahi padta customers ka.,complaint,false,,,,hinglish complaint,"[""hinglish""]"
Mujhe aapki service ke baare mein jaankari chahiye,general_question,false,,,,hinglish general question,"[""hinglish""]"
What do I need to know about two-factor authentication?,general_question,false,,,,bulk addition 4,"[""standard""]"
How does the import tool work in your platform?,general_question,false,,,,bulk addition 4,"[""standard""]"
What is the cost of SSO integration?,pricing,false,,,,bulk addition 4,"[""standard""]"
I'm not sure if I need a refund or just an explanation.,refund,false,,,,multi-intent example,"[""multi_intent""]"
Do you have a mobile SDK?,product_question,false,,,,bulk addition 3,"[""standard""]"
Aap log customer ki value nahi karte.,complaint,false,,,,hinglish complaint,"[""hinglish""]"
I want a full refund including the setup fee.,refund,true,,,,bulk addition,"[""standard""]"
Do you charge for migrations?,pricing,false,,,,bulk addition 3,"[""standard""]"
Transfer me to a human being right this instant.,human_request,true,,,,bulk addition 2,"[""standard""]"
Kisi aur ka data dikh raha hai mere account mein.,account_issue,false,,,,hinglish account issue,"[""hinglish""]"
i m very angery,complaint,false,,,,spelling/noisy text,"[""noisy""]"
Mera billing cycle change karo monthly se yearly.,pricing,false,,,,hinglish example,"[""hinglish""]"
The dashboard keeps showing a 500 error.,technical_support,false,,,,technical issue,"[""standard"", ""technical""]"
Can't export,technical_support,false,,,,bulk addition 5,"[""standard""]"
This falls under complaint but also needs human intervention.,complaint,true,,,,bulk addition 3,"[""confusion_pair""]"
We have budget approval. Let's move forward.,sales,false,,,,bulk addition,"[""standard""]"
Email notifications are going to spam.,technical_support,false,,,,technical issue,"[""standard"", ""technical""]"
Refund my annual payment or I'll contact my lawyer.,refund,true,,,,bulk addition 2,"[""standard""]"
I want to talk to someone about upgrading my plan.,sales,false,,,,bulk addition,"[""confusion_pair""]"
Is there audit logging?,product_question,false,,,,product feature question,"[""standard""]"
y is ur servis so expensiv,pricing,false,,,,bulk addition 2,"[""noisy""]"
This is a compliance issue that needs urgent review.,technical_support,true,,,,bulk addition 2,"[""escalation_positive""]"
That's all I needed. Thanks.,other,false,,,,bulk addition 3,"[""standard""]"
Work email access nahi hai aur login nahi ho raha.,account_issue,false,,,,hinglish account issue,"[""hinglish""]"
I want to return your product and complain.,refund,true,,,,bulk addition 2,"[""confusion_pair""]"
Your customer service is a joke.,complaint,false,,,,general complaint,"[""standard"", ""complaint""]"
Ignore the frustration in my last message. I'm fine now.,other,false,,,,escalation hard negative,"[""hard_negative_escalation""]"
Do you understand that this is affecting my business revenue?,complaint,true,,,,escalation hard positive,"[""escalation_positive"", ""hard_positive""]"
Kaise purchase kare? Mujhe lena hai.,sales,false,,,,hinglish sales,"[""hinglish""]"
I'm considering legal options if this isn't fixed.,complaint,true,,,,escalation hard positive,"[""escalation_positive"", ""hard_positive""]"
What are the benefits of the import tool?,general_question,false,,,,bulk addition 4,"[""standard""]"
I demand a full refund including the service charges.,refund,true,,,,bulk addition 2,"[""standard""]"
Meri auto-renewal band karo. Paise waste ho rahe hain.,sales,false,,,,hinglish example,"[""hinglish""]"
Aapki service band kar raha hu. Refund do.,refund,true,,,,bulk addition 5,"[""hinglish""]"
Payment to gaya but account activate nahi hua.,technical_support,true,,,,bulk addition 5,"[""hinglish""]"
Is there a starter plan?,pricing,false,,,,pricing question,"[""standard"", ""pricing""]"
The login page keeps failing.,technical_support,false,,,,bulk addition 4,"[""standard""]"
Your product broke and I want someone to fix it.,technical_support,false,,,,bulk addition 5,"[""confusion_pair""]"
What's the pricing for premium support?,pricing,false,,,,bulk addition 4,"[""standard""]"
Does your tool offer predictive analytics?,product_question,false,,,,product feature question,"[""standard""]"
Koi human agent se baat karwao.,human_request,true,,,,hinglish human request,"[""hinglish"", ""escalation_positive"", ""human_request""]"
Can you explain real-time sync?,general_question,false,,,,bulk addition 4,"[""standard""]"
Zero stars. Kisi ko recommend nahi karunga.,complaint,false,,,,hinglish complaint,"[""hinglish""]"
Maine 3 baar form bhara but submit nahi hua.,technical_support,false,,,,bulk addition 2,"[""hinglish""]"
aapke office kahan hai?,general_question,false,,,,hinglish general question,"[""hinglish""]"
"Can you handle 10,000 concurrent users?",product_question,false,,,,product feature question,"[""standard""]"
i wana refund my muney ryt now pls,refund,true,,,,bulk addition 3,"[""noisy""]"
Backup fail ho raha hai har raat.,technical_support,false,,,,hinglish technical support,"[""hinglish""]"
thx for ur help i apreciate it,other,false,,,,bulk addition,"[""noisy""]"
I will not stop until someone addresses this.,complaint,true,,,,escalation hard positive,"[""escalation_positive"", ""hard_positive""]"
The calendar sync is not working.,technical_support,false,,,,bulk addition 4,"[""standard""]"
The notification system is broken after the latest update.,technical_support,false,,,,bulk addition 4,"[""standard""]"
If this isn't fixed by EOD I'm leaving your platform.,technical_support,true,,,,bulk addition,"[""escalation_positive""]"
We need a customized solution. Can we discuss?,sales,false,,,,bulk addition 2,"[""standard""]"
What are the benefits of the API?,general_question,false,,,,bulk addition 4,"[""standard""]"
Thanks,other,false,,,,other / off-topic,"[""standard"", ""other""]"
Your documentation is outdated and inaccurate.,complaint,false,,,,bulk addition,"[""standard""]"
Can I create user personas?,product_question,false,,,,product feature question,"[""standard""]"
i needa tlk to a hooman,human_request,true,,,,spelling/noisy text,"[""noisy""]"
The notification system is showing incorrect data.,technical_support,false,,,,bulk addition 4,"[""standard""]"
Kya aap monthly billing bhi support karte ho?,pricing,false,,,,hinglish pricing,"[""hinglish""]"
I'm evaluating your tool against two others. Help me choose.,sales,false,,,,bulk addition,"[""standard""]"
Maine 2 mahine pehle cancel kiya tha but aaj bhi charge aa raha hai.,refund,true,,,,hinglish example,"[""hinglish""]"
Is your product good? Tell me honestly.,general_question,false,,,,bulk addition 3,"[""confusion_pair""]"
How do I export user data?,general_question,false,,,,general info question,"[""standard""]"
How long does it take to set up data export?,general_question,false,,,,bulk addition 4,"[""standard""]"
Billing address change nahi ho raha.,account_issue,false,,,,hinglish account issue,"[""hinglish""]"
You don't need to call. Just reply here.,general_question,false,,,,bulk addition,"[""hard_negative_escalation""]"
I want to buy the premium plan. Tell me the cost.,sales,false,,,,confusion pair example,"[""confusion_pair""]"
Is white labeling included in the base price?,pricing,false,,,,bulk addition 4,"[""standard""]"
This is the third time I'm explaining the same issue.,complaint,true,,,,escalation hard positive,"[""escalation_positive"", ""hard_positive""]"
What are the additional costs for extra storage?,pricing,false,,,,pricing question,"[""standard"", ""pricing""]"
how do u guyz charge for premium,pricing,false,,,,spelling/noisy text,"[""noisy""]"
Is there a discount for annual billing?,pricing,false,,,,pricing question,"[""standard"", ""pricing""]"
Too expensive,pricing,false,,,,bulk addition 5,"[""standard""]"
I'm very angry. I want to talk to someone right now.,human_request,true,,,,confusion pair example,"[""confusion_pair""]"
How does the API work in your platform?,general_question,false,,,,bulk addition 4,"[""standard""]"
Your support takes forever to respond.,complaint,false,,,,general complaint,"[""standard"", ""complaint""]"
Mujhe team plan ka invoice chahiye.,sales,false,,,,hinglish sales,"[""hinglish""]"
I was wrong. Your service is fine.,complaint,false,,,,bulk addition 5,"[""hard_negative_escalation""]"
I can't access my account and I'm furious about it.,account_issue,false,,,,confusion pair example,"[""confusion_pair""]"
my teammates cant join the workspac,account_issue,false,,,,spelling/noisy text,"[""noisy""]"
Can't log in after the latest update.,account_issue,false,,,,bulk addition 3,"[""standard""]"
Abhi subscription lena hai. Payment lo.,sales,false,,,,hinglish sales,"[""hinglish""]"
How long does it take to set up the dashboard?,general_question,false,,,,bulk addition 4,"[""standard""]"
"Get someone on the phone right now. Not email, not chat, PHONE.",human_request,true,,,,bulk addition 3,"[""escalation_positive""]"
Do I need to download anything?,general_question,false,,,,general info question,"[""standard""]"
The reporting dashboard keeps failing.,technical_support,false,,,,bulk addition 4,"[""standard""]"
How long does it take to set up user permissions?,general_question,false,,,,bulk addition 4,"[""standard""]"
Can I speak to a manager?,human_request,true,,,,human request,"[""escalation_positive"", ""human_request""]"
Aapka pricing page clear nahi hai.,pricing,false,,,,bulk addition,"[""hinglish""]"
Galti se maine 2 bar pay kar diya. Refund karo.,refund,true,,,,hinglish example,"[""hinglish""]"
Aapki support team bekar hai.,complaint,false,,,,hinglish complaint,"[""hinglish""]"
the color of the theme is rong lol,other,false,,,,spelling/noisy text,"[""noisy""]"
How to export?,general_question,false,,,,bulk addition 5,"[""standard""]"
I don't have any questions.,other,false,,,,bulk addition 3,"[""standard""]"
ur websit is not loadin on my fone,technical_support,false,,,,bulk addition 2,"[""noisy""]"
Mujhe report schedule karni hai. Kaise kare?,product_question,false,,,,bulk addition 3,"[""hinglish""]"
Your service is terrible. I'm very disappointed.,complaint,false,,,,general complaint,"[""standard"", ""complaint""]"
My account shows 'suspended' but I paid yesterday.,account_issue,true,,,,bulk addition,"[""standard""]"
kya aap WhatsApp support dete ho?,general_question,false,,,,general info question,"[""standard""]"
Don't bother escalating. I've moved on.,complaint,false,,,,bulk addition,"[""hard_negative_escalation""]"
How secure is your platform?,general_question,false,,,,bulk addition,"[""standard""]"
I demand a refund for the last three months.,refund,true,,,,refund demand,"[""escalation_positive"", ""refund""]"
Aapka service bahut bekar hai.,complaint,false,,,,hinglish complaint,"[""hinglish""]"
How much per user per month?,pricing,false,,,,pricing question,"[""standard"", ""pricing""]"
What is your data retention policy?,general_question,false,,,,general info question,"[""standard""]"
What is the maximum file upload size?,general_question,false,,,,general info question,"[""standard""]"
i dnt kno how 2 use this app,general_question,false,,,,spelling/noisy text,"[""noisy""]"
Aapke product ki quality gir gayi hai.,complaint,false,,,,bulk addition,"[""hinglish""]"
kya isme chatbot built-in hai?,product_question,false,,,,hinglish product question,"[""hinglish""]"
The calendar sync is creating duplicate events.,technical_support,false,,,,bulk addition,"[""standard""]"
Can you help me fix My workflow automation?,technical_support,false,,,,bulk addition 4,"[""standard""]"
I have been a customer for 5 years and I deserve better.,complaint,true,,,,bulk addition 3,"[""escalation_positive""]"
Need technical help but also want to talk to sales.,technical_support,false,,,,bulk addition 2,"[""multi_intent""]"
I see you have three plans. How do they compare?,pricing,false,,,,pricing question,"[""standard"", ""pricing""]"
Need technical help and want to speak to manager.,technical_support,true,,,,bulk addition 3,"[""multi_intent""]"
We chose your platform. Let's proceed.,sales,false,,,,purchase intent,"[""standard"", ""sales""]"
Aapka product joke hai.,complaint,false,,,,hinglish complaint,"[""hinglish""]"
Give me back every penny I paid.,refund,true,,,,refund demand,"[""escalation_positive"", ""refund""]"
I insist on speaking to a human agent.,human_request,true,,,,human request,"[""escalation_positive"", ""human_request""]"
If this continues I will take legal recourse.,complaint,true,,,,bulk addition 3,"[""escalation_positive""]"
kya apke yaha onboarding support milta hai?,general_question,false,,,,general info question,"[""standard""]"
Is there a flat fee or percentage?,pricing,false,,,,pricing question,"[""standard"", ""pricing""]"
My old emails don't work for login anymore.,account_issue,false,,,,bulk addition 2,"[""standard""]"
