text,intent,escalation_required,language_style,difficulty,scenario_type,notes,tags
Mera account login nahi ho raha hai. Help karo.,account_issue,false,,,,hinglish example,"[""hinglish""]"
How much for additional team members?,pricing,false,,,,bulk addition,"[""standard""]"
The backup process is failing every night.,technical_support,false,,,,technical issue,"[""standard"", ""technical""]"
I'm not satisfied. Give me my money back.,refund,true,,,,refund demand,"[""escalation_positive"", ""refund""]"
"I would like to take a moment to express my deep disappointment with the level of service I have received over the past few weeks. I signed up for your enterprise plan which cost me a significant amount of money and I expected a certain level of quality and reliability. Unfortunately, what I got was frequent downtimes, slow loading speeds, and when I reached out to support, I received generic copy-paste responses that didn't address my specific concerns. I have spoken to three different agents and each one gave me a different answer. This is not what I signed up for and I am considering moving my entire business to a competitor if this is not resolved immediately. I expect a senior manager to contact me within 24 hours.",complaint,true,,,,long message,"[""long""]"
What's the pricing for dedicated server?,pricing,false,,,,bulk addition 4,"[""standard""]"
Zero stars. Kisi ko recommend nahi karunga.,complaint,false,,,,hinglish complaint,"[""hinglish""]"
Is there a tutorial for backup?,general_question,false,,,,bulk addition 4,"[""standard""]"
Setup kaise kare? Mujhe koi guide nahi mil rahi.,general_question,false,,,,bulk addition,"[""hinglish""]"
Stop the automated responses. Give me a person.,human_request,true,,,,human request,"[""escalation_positive"", ""human_request""]"
Product query,product_question,false,,,,very short message,[]
wht is ur phne numbr i need to cal,human_request,true,,,,bulk addition,"[""noisy""]"
Kya aapke plans mein GST included hai?,pricing,false,,,,hinglish example,"[""hinglish""]"
Do I pay extra for SSO integration?,pricing,false,,,,bulk addition 4,"[""standard""]"
My account has been compromised. I need immediate lock down.,account_issue,true,,,,bulk addition,"[""escalation_positive""]"
Mujhe premium features chahiye. Upgrade karo.,sales,false,,,,bulk addition,"[""hinglish""]"
The PDF generator omits certain sections.,technical_support,false,,,,bulk addition 3,"[""standard""]"
Do you have a dedicated IP option?,product_question,false,,,,bulk addition 3,"[""standard""]"
Kisi aur ka data dikh raha hai mere account mein.,account_issue,false,,,,hinglish account issue,"[""hinglish""]"
this websit is so slo its anoyin,technical_support,false,,,,bulk addition,"[""noisy""]"
Can I speak to technical support about my account?,account_issue,false,,,,bulk addition,"[""confusion_pair""]"
Where can I find documentation about the import tool?,general_question,false,,,,bulk addition 4,"[""standard""]"
can u call me pls,human_request,true,,,,spelling/noisy text,"[""noisy""]"
The The drag and drop editor feature is causing errors.,technical_support,false,,,,bulk addition 4,"[""standard""]"
Your support team is useless.,complaint,false,,,,general complaint,"[""standard"", ""complaint""]"
Please set up a demo for the sales team.,sales,false,,,,purchase intent,"[""standard"", ""sales""]"
Do I pay extra for additional users?,pricing,false,,,,bulk addition 4,"[""standard""]"
I want my money back for the annual plan I just bought.,refund,true,,,,refund demand,"[""escalation_positive"", ""refund""]"
my id is not verifide,account_issue,false,,,,spelling/noisy text,"[""noisy""]"
I'm entitled to a full refund under your policy.,refund,true,,,,refund demand,"[""escalation_positive"", ""refund""]"
Starter plan kitne ka hai?,pricing,false,,,,hinglish pricing,"[""hinglish""]"
Where can I find documentation about data export?,general_question,false,,,,bulk addition 4,"[""standard""]"
Maine aapka product use karna shuru kiya 3 hafte pehle. Bahut sare features hain jo mujhe pasand aaye lekin kuch cheezein theek nahi hain. Pehli baat to ye ki setup process bahut complicated hai. Mujhe khud hi figure out karna pada ki kaise kaam karta hai. Aapke paas koi beginner guide nahi hai. Doosri baat ye ki customer support ka response time bahut slow hai. Maine 3 din pehle email kiya tha but aaj tak koi reply nahi aaya. Teesri baat ye ki mobile app bahut baar crash hoti hai. Overall I think the product has potential but it needs improvement in these areas.,complaint,false,,,,long message,"[""long""]"
Aapke paas koi referral program hai?,general_question,false,,,,hinglish example,"[""hinglish""]"
I'd rather speak to someone on the phone.,human_request,true,,,,human request,"[""escalation_positive"", ""human_request""]"
Interesting weather we are having.,other,false,,,,bulk addition 2,"[""standard""]"
I would like to understand your pricing model better before committing to a purchase.,pricing,false,,,,cross 2000,"[""standard""]"
Kya koi setup cost hai?,pricing,false,,,,hinglish pricing,"[""hinglish""]"
My workflow automation is showing incorrect data.,technical_support,false,,,,bulk addition 4,"[""standard""]"
Please do not call me. Email the details instead.,general_question,false,,,,escalation hard negative,"[""hard_negative_escalation""]"
Do I need to configure the template system manually?,general_question,false,,,,bulk addition 4,"[""standard""]"
Is this a sales inquiry or just product info?,general_question,false,,,,bulk addition,"[""confusion_pair""]"
You lost my trust. I'm leaving bad reviews everywhere.,complaint,true,,,,bulk addition 2,"[""standard""]"
Graphs dashboard mein kharaab ho gaye hain.,technical_support,false,,,,hinglish technical support,"[""hinglish""]"
Maine 10 baar call kiya koi nahi utha raha.,human_request,true,,,,escalation hard positive,"[""escalation_positive"", ""hard_positive""]"
Can you help me fix The notification system?,technical_support,false,,,,bulk addition 4,"[""standard""]"
I can't accept the invitation to the workspace.,account_issue,false,,,,bulk addition 2,"[""standard""]"
What currency are prices in?,pricing,false,,,,pricing question,"[""standard"", ""pricing""]"
What payment methods do you accept?,general_question,false,,,,general info question,"[""standard""]"
Can't change my account email address.,account_issue,false,,,,account issue,"[""standard"", ""account""]"
Setup kaise karte hai? Koi guide hai?,general_question,false,,,,hinglish example,"[""hinglish""]"
This issue has been open for 3 weeks. Escalate now.,complaint,true,,,,bulk addition 3,"[""escalation_positive""]"
Mai competitor se switch karna chahta hu.,sales,false,,,,hinglish sales,"[""hinglish""]"
I'm not sure if I need support or I should just cancel.,general_question,false,,,,bulk addition 5,"[""confusion_pair""]"
Do I get a discount for early payment?,pricing,false,,,,bulk addition,"[""standard""]"
The page is loading infinitely without any content.,technical_support,false,,,,technical issue,"[""standard"", ""technical""]"
Your service is horrible. I want compensation.,refund,true,,,,confusion pair example,"[""confusion_pair""]"
notification settings kahan hai?,general_question,false,,,,hinglish general question,"[""hinglish""]"
Images uploaded are showing as broken links.,technical_support,false,,,,technical issue,"[""standard"", ""technical""]"
I want my money back.,refund,true,,,,refund demand,"[""escalation_positive"", ""refund""]"
You have the worst support I've ever encountered.,complaint,false,,,,general complaint,"[""standard"", ""complaint""]"
I want to upgrade but I also have a billing question.,sales,false,,,,bulk addition,"[""multi_intent""]"
Is there an API available for developers?,general_question,false,,,,general info question,"[""standard""]"
how to updgrade my acccount,sales,false,,,,spelling/noisy text,"[""noisy""]"
Do you understand that this is affecting my business revenue?,complaint,true,,,,escalation hard positive,"[""escalation_positive"", ""hard_positive""]"
The push notifications stopped coming yesterday.,technical_support,false,,,,technical issue,"[""standard"", ""technical""]"
How long does it take to set up real-time sync?,general_question,false,,,,bulk addition 4,"[""standard""]"
What's the best way to get started?,general_question,false,,,,bulk addition,"[""standard""]"
Can I create custom user roles?,product_question,false,,,,bulk addition 2,"[""standard""]"
Mera API rate limit exceed ho gaya. Badhao.,technical_support,false,,,,hinglish example,"[""hinglish""]"
Can we set up a trial for the full enterprise suite?,sales,false,,,,bulk addition,"[""standard""]"
Great service,other,false,,,,very short message,[]
Meri email change kardi kisne?,account_issue,true,,,,hinglish example,"[""hinglish""]"
Aapki service India mein available hai?,general_question,false,,,,bulk addition,"[""hinglish""]"
The calendar sync is not loading properly.,technical_support,false,,,,bulk addition 4,"[""standard""]"
Can role management be disabled?,general_question,false,,,,bulk addition 4,"[""standard""]"
I tried to check my plan price but the page won't load.,account_issue,false,,,,confusion pair example,"[""confusion_pair""]"
the app is frezzing everytim,technical_support,false,,,,spelling/noisy text,"[""noisy""]"
How does the trial compare to full version?,pricing,false,,,,bulk addition 3,"[""standard""]"
What is the capital of France?,other,false,,,,other / off-topic,"[""standard"", ""other""]"
I get an error when using The search bar.,technical_support,false,,,,bulk addition 4,"[""standard""]"
You lost a customer today.,complaint,false,,,,general complaint,"[""standard"", ""complaint""]"
How do I generate an invoice?,general_question,false,,,,general info question,"[""standard""]"
How does email notifications work in your platform?,general_question,false,,,,bulk addition 4,"[""standard""]"
You billed me for the wrong plan. Refund the difference.,refund,true,,,,bulk addition,"[""standard""]"
My entire department is unable to work because of your bug.,technical_support,true,,,,bulk addition 5,"[""escalation_positive""]"
kya Linux support hai?,general_question,false,,,,hinglish general question,"[""hinglish""]"
Mujhe senior se baat karni hai. Bot nahi.,human_request,true,,,,bulk addition 5,"[""hinglish""]"
i wnt 2 speek to a reel person,human_request,true,,,,spelling/noisy text,"[""noisy""]"
Is there a minimum monthly spend?,pricing,false,,,,pricing question,"[""standard"", ""pricing""]"
Mujhe 2 saal ka contract chahiye.,sales,false,,,,bulk addition 3,"[""hinglish""]"
Why does my account show a different price than advertised?,pricing,false,,,,confusion pair example,"[""confusion_pair""]"
Mujhe koi call kare. Urgent hai.,human_request,true,,,,hinglish example,"[""hinglish""]"
Refund my payment or I'll report you.,refund,true,,,,refund demand,"[""escalation_positive"", ""refund""]"
Technical issue causing me to want a refund.,refund,true,,,,bulk addition 3,"[""multi_intent""]"
I want to talk to your solutions architect.,sales,false,,,,bulk addition 2,"[""standard""]"
The reporting dashboard is showing incorrect data.,technical_support,false,,,,bulk addition 4,"[""standard""]"
Extra storage ka kya charge hai?,pricing,false,,,,hinglish pricing,"[""hinglish""]"
Two accounts got merged erroneously.,account_issue,true,,,,bulk addition 3,"[""standard""]"
how much for the premimum plan,pricing,false,,,,spelling/noisy text,"[""noisy""]"
What do I need to know about audit logging?,general_question,false,,,,bulk addition 4,"[""standard""]"
I can't access my account and I'm furious about it.,account_issue,false,,,,confusion pair example,"[""confusion_pair""]"
Aapka refund process kaise kaam karta hai?,refund,false,,,,hinglish example,"[""hinglish""]"
I've been paying for 6 months and it's been nothing but trouble.,complaint,false,,,,bulk addition,"[""standard""]"
Imported contacts show nahi ho rahe.,technical_support,false,,,,hinglish example,"[""hinglish""]"
The search is returning results from deleted items.,technical_support,false,,,,bulk addition,"[""standard""]"
Is there a grace period for late payments?,general_question,false,,,,general info question,"[""standard""]"
Please connect me to your solutions team.,sales,false,,,,bulk addition 5,"[""standard""]"
Do I need to configure the import tool manually?,general_question,false,,,,bulk addition 4,"[""standard""]"
Is there a cancellation fee?,pricing,false,,,,pricing question,"[""standard"", ""pricing""]"
can sum1 help me with my oder,general_question,false,,,,spelling/noisy text,"[""noisy""]"
Just a quick question. No follow up needed.,general_question,false,,,,bulk addition,"[""hard_negative_escalation""]"
How does the auto-responder work?,product_question,false,,,,product feature question,"[""standard""]"
You have lost my trust completely.,complaint,false,,,,general complaint,"[""standard"", ""complaint""]"
Koi insaan se baat karao.,human_request,true,,,,hinglish human request,"[""hinglish"", ""escalation_positive"", ""human_request""]"
Can I integrate with Shopify?,product_question,false,,,,product feature question,"[""standard""]"
If this continues I will take legal recourse.,complaint,true,,,,bulk addition 3,"[""escalation_positive""]"
can u explane the refund polcy,refund,false,,,,bulk addition,"[""noisy""]"
Do I need to configure role management manually?,general_question,false,,,,bulk addition 4,"[""standard""]"
I have an account issue and it's making me very angry.,account_issue,false,,,,multi-intent example,"[""multi_intent""]"
Team add karne ka option kahan hai?,product_question,false,,,,bulk addition 3,"[""hinglish""]"
The audit log stopped recording events.,technical_support,false,,,,bulk addition 2,"[""standard""]"
Iska use kya hai?,general_question,false,,,,hinglish general question,"[""hinglish""]"
Is there a limit on API calls?,general_question,false,,,,general info question,"[""standard""]"
This requires human intervention. Not a bot.,human_request,true,,,,human request,"[""escalation_positive"", ""human_request""]"
Bilkul bekar service.,complaint,false,,,,hinglish complaint,"[""hinglish""]"
How do I mute notifications?,general_question,false,,,,general info question,"[""standard""]"
Aapke product ne mera time waste kiya.,complaint,false,,,,hinglish complaint,"[""hinglish""]"
Do I need to configure real-time sync manually?,general_question,false,,,,bulk addition 4,"[""standard""]"
kya isme chatbot built-in hai?,product_question,false,,,,hinglish product question,"[""hinglish""]"
"Can I speak to sales? Actually, just tell me the price.",pricing,false,,,,multi-intent example,"[""multi_intent""]"
Ignore my previous messages. All good now.,other,false,,,,bulk addition,"[""hard_negative_escalation""]"
This is urgent. I'm losing customers because of your bug.,technical_support,true,,,,escalation hard positive,"[""escalation_positive"", ""hard_positive""]"
Stop ignoring my requests. Human now.,human_request,true,,,,bulk addition 3,"[""standard""]"
Do you have a mobile-responsive interface?,product_question,false,,,,product feature question,"[""standard""]"
My email was changed without my permission.,account_issue,false,,,,account issue,"[""standard"", ""account""]"
Mera account delete karo. Data export bhi karo.,general_question,false,,,,hinglish example,"[""hinglish""]"
Search function kuch nahi dikha raha.,technical_support,false,,,,hinglish technical support,"[""hinglish""]"
Can I speak to technical support? Actually just tell me the price.,pricing,false,,,,multi-intent example,"[""multi_intent""]"
I want to switch from a competitor to your service.,sales,false,,,,purchase intent,"[""standard"", ""sales""]"
I get an error when using Data export.,technical_support,false,,,,bulk addition 4,"[""standard""]"
Your service is amazing but expensive. Any discounts?,pricing,false,,,,bulk addition,"[""multi_intent""]"
Mai upgrade karna chahta hu enterprise plan mein.,sales,false,,,,hinglish sales,"[""hinglish""]"
Is there a customer satisfaction survey?,product_question,false,,,,bulk addition,"[""standard""]"
What features are in the enterprise tier?,product_question,false,,,,product feature question,"[""standard""]"
Talk to a person please. Not a bot.,human_request,true,,,,confusion pair example,"[""confusion_pair""]"
Account verification failed multiple times.,account_issue,false,,,,account issue,"[""standard"", ""account""]"
I need help with my bill and I'm upset.,pricing,false,,,,bulk addition 2,"[""confusion_pair""]"
my account is lokced help,account_issue,true,,,,spelling/noisy text,"[""noisy""]"
I will not rest until this is resolved. Escalate to highest level.,complaint,true,,,,bulk addition 3,"[""escalation_positive""]"
Password reset sends to an old email I can't access.,account_issue,false,,,,bulk addition,"[""standard""]"
hello ji,other,false,,,,other / off-topic,"[""standard"", ""other""]"
two-factor authentication support karte ho?,product_question,false,,,,hinglish product question,"[""hinglish""]"
I am disabled and I need extra help with your platform.,general_question,true,,,,bulk addition 2,"[""escalation_positive""]"
Our company has selected your platform for rollout.,sales,false,,,,bulk addition,"[""standard""]"
Is there a sandbox mode for testing?,general_question,false,,,,general info question,"[""standard""]"
The search bar is showing incorrect data.,technical_support,false,,,,bulk addition 4,"[""standard""]"
Kya volume discount available hai?,pricing,false,,,,hinglish pricing,"[""hinglish""]"
We want to sign a yearly contract.,sales,false,,,,purchase intent,"[""standard"", ""sales""]"
I'm not interested in talking to anyone. Just send me the info.,general_question,false,,,,escalation hard negative,"[""hard_negative_escalation""]"
I expect a call back within the next hour. This is unacceptable.,human_request,true,,,,escalation hard positive,"[""escalation_positive"", ""hard_positive""]"
Sasta plan batao?,pricing,false,,,,hinglish pricing,"[""hinglish""]"
The mobile app freezes on the login screen.,technical_support,false,,,,technical issue,"[""standard"", ""technical""]"
Is email notifications available in all plans?,general_question,false,,,,bulk addition 4,"[""standard""]"
This needs a human touch. Please transfer.,human_request,true,,,,bulk addition,"[""standard""]"
the updat brok evrythin im angy,technical_support,true,,,,bulk addition 3,"[""noisy""]"
We are ready to sign. Send contract.,sales,false,,,,bulk addition 3,"[""standard""]"
Meri email notification band ho gayi.,technical_support,false,,,,bulk addition 2,"[""hinglish""]"
i wnt my mony back from u scammers,refund,true,,,,bulk addition 2,"[""noisy""]"
How do I connect my Slack workspace?,general_question,false,,,,bulk addition 5,"[""standard""]"
apka service kya hai?,general_question,false,,,,general info question,"[""standard""]"
Transfer me to a human being right this instant.,human_request,true,,,,bulk addition 2,"[""standard""]"
How do I contact support urgently?,general_question,false,,,,bulk addition,"[""standard""]"
Application bahut RAM consume kar rahi hai.,technical_support,false,,,,hinglish technical support,"[""hinglish""]"
Slow!,technical_support,false,,,,very short message,[]
No need to involve management. Simple issue.,general_question,false,,,,bulk addition 5,"[""hard_negative_escalation""]"
u guys chargd my card rong amount,refund,true,,,,bulk addition 5,"[""noisy""]"
Profile update nahi ho raha.,account_issue,false,,,,hinglish account issue,"[""hinglish""]"
Aapka service bahut bekar hai.,complaint,false,,,,hinglish complaint,"[""hinglish""]"
Can you explain role management?,general_question,false,,,,bulk addition 4,"[""standard""]"
plz fix my accnt issue,account_issue,false,,,,spelling/noisy text,"[""noisy""]"
This experience has been nothing short of horrible.,complaint,false,,,,general complaint,"[""standard"", ""complaint""]"
I expected way better for the price I'm paying.,complaint,false,,,,general complaint,"[""standard"", ""complaint""]"
my acount was suspended for no reeson,account_issue,true,,,,spelling/noisy text,"[""noisy""]"
I was about to complain but actually I solved it.,complaint,false,,,,escalation hard negative,"[""hard_negative_escalation""]"
Mujhe weekly reports chahiye. Kaise set kare?,product_question,false,,,,bulk addition 2,"[""hinglish""]"
The CSV importer is not loading properly.,technical_support,false,,,,bulk addition 4,"[""standard""]"
Is there a way to preview before publishing?,general_question,false,,,,bulk addition,"[""standard""]"
What are the benefits of data export?,general_question,false,,,,bulk addition 4,"[""standard""]"
Ye kya software hai?,general_question,false,,,,hinglish general question,"[""hinglish""]"
My entire team is blocked. We need immediate assistance.,technical_support,true,,,,escalation hard positive,"[""escalation_positive"", ""hard_positive""]"
Mera trial khatam hone wala hai. Kya karna hoga?,general_question,false,,,,hinglish example,"[""hinglish""]"
What is the cost of extra storage?,pricing,false,,,,bulk addition 4,"[""standard""]"
I'm having trouble with The drag and drop editor.,technical_support,false,,,,bulk addition 4,"[""standard""]"
Mujhe aapke product ki training chahiye.,product_question,false,,,,bulk addition 5,"[""hinglish""]"
Payment double charge ho gaya. Paisa wapas karo.,refund,true,,,,hinglish example,"[""hinglish""]"
Pricing to theek hai but product features ke baare mein batao.,product_question,false,,,,multi-intent example,"[""multi_intent""]"
how do i get in touch with sals,sales,false,,,,spelling/noisy text,"[""noisy""]"
Mujhe ek insaan chahiye. Bot se nahi kaam hoga.,human_request,true,,,,hinglish human request,"[""hinglish"", ""escalation_positive"", ""human_request""]"
can i splk to sles,sales,false,,,,spelling/noisy text,"[""noisy""]"
Can I connect multiple mailboxes?,product_question,false,,,,bulk addition,"[""standard""]"
cancel kar sakte hain kab bhi?,general_question,false,,,,general info question,"[""standard""]"
I'm getting an SSL error when I try to connect.,technical_support,false,,,,technical issue,"[""standard"", ""technical""]"
Your documentation is outdated and inaccurate.,complaint,false,,,,bulk addition,"[""standard""]"
your service is terribl,complaint,false,,,,spelling/noisy text,"[""noisy""]"
Nobody needs to contact me. I just have a question.,general_question,false,,,,escalation hard negative,"[""hard_negative_escalation""]"
I'm simultaneously interested and frustrated.,sales,false,,,,bulk addition 5,"[""confusion_pair""]"
"I've been using your platform for about 6 months now and overall it's been a decent experience. However, recently I've noticed that the dashboard takes an unusually long time to load, especially when I'm trying to access the analytics section. I have a fast internet connection at 200 Mbps so the problem is definitely on your end. Can you please check what's going on and get back to me? I don't need anyone to call, just an email update would be sufficient.",technical_support,false,,,,long message,"[""long""]"
How often do you update the software?,general_question,false,,,,general info question,"[""standard""]"
What do I need to know about the API?,general_question,false,,,,bulk addition 4,"[""standard""]"
Account hacked,account_issue,true,,,,bulk addition 5,"[""standard""]"
I'm locked out of my account.,account_issue,false,,,,account issue,"[""standard"", ""account""]"
Is the mobile app included in the base price?,pricing,false,,,,bulk addition 4,"[""standard""]"
Can I transfer my account to someone else?,general_question,false,,,,general info question,"[""standard""]"
I'm both requesting a refund and reporting a bug.,refund,true,,,,bulk addition 3,"[""multi_intent""]"
SSO login wrong account pe redirect kar raha hai.,account_issue,false,,,,hinglish account issue,"[""hinglish""]"
What's the minimum commitment?,general_question,false,,,,general info question,"[""standard""]"
Pachtawa hai ki aapka product lia.,complaint,false,,,,hinglish complaint,"[""hinglish""]"
The SSL certificate for my custom domain expired.,technical_support,false,,,,bulk addition,"[""standard""]"
Refund pls,refund,true,,,,very short message,[]
Bulk upload feature processes only 10 records at a time.,technical_support,false,,,,technical issue,"[""standard"", ""technical""]"
Bahut important hai. Please jaldi help karo.,general_question,true,,,,escalation hard positive,"[""escalation_positive"", ""hard_positive""]"
I was angry earlier but the issue has been resolved.,complaint,false,,,,multi-intent example,"[""multi_intent""]"
my paymant method isnt workin,technical_support,false,,,,spelling/noisy text,"[""noisy""]"
My account was flagged for suspicious activity.,account_issue,true,,,,bulk addition 2,"[""standard""]"
my workflo is not runing,technical_support,false,,,,spelling/noisy text,"[""noisy""]"
I want to buy the premium plan for my 10 person team.,sales,false,,,,bulk addition,"[""standard""]"
Do you offer payment plan options?,pricing,false,,,,bulk addition,"[""standard""]"
How granular are the permissions?,product_question,false,,,,product feature question,"[""standard""]"
Billing help needed but I want a human not a bot.,pricing,true,,,,bulk addition,"[""multi_intent""]"
How much for additional users?,pricing,false,,,,bulk addition 4,"[""standard""]"
Refund my payment immediately or I'll take legal action.,refund,true,,,,bulk addition,"[""standard""]"
Can real-time sync be disabled?,general_question,false,,,,bulk addition 4,"[""standard""]"
What's the pricing for the mobile app?,pricing,false,,,,bulk addition 4,"[""standard""]"
What is the cost of custom reporting?,pricing,false,,,,bulk addition 4,"[""standard""]"
the pricin is way to hi i m leavin,pricing,false,,,,bulk addition 3,"[""noisy""]"
The The mobile app feature is causing errors.,technical_support,false,,,,bulk addition 4,"[""standard""]"
u guyz charge too much,pricing,false,,,,spelling/noisy text,"[""noisy""]"
this iz not wot i paid 4,complaint,false,,,,spelling/noisy text,"[""noisy""]"
I can't decide if this is a refund request or just a question.,refund,false,,,,bulk addition,"[""multi_intent""]"
What's included in the $50 plan?,pricing,false,,,,pricing question,"[""standard"", ""pricing""]"
Maine apna password change kiya but login nahi ho raha.,account_issue,false,,,,bulk addition,"[""hinglish""]"
my teammates cant join the workspac,account_issue,false,,,,spelling/noisy text,"[""noisy""]"
Is there a setup fee for enterprise?,pricing,false,,,,bulk addition,"[""standard""]"
What do I need to know about two-factor authentication?,general_question,false,,,,bulk addition 4,"[""standard""]"
Much appreciated!,other,false,,,,bulk addition,"[""standard""]"
kya aapke yaha discount milta hai festive season mein?,general_question,false,,,,hinglish general question,"[""hinglish""]"
Login nahi ho raha hai mere account mein.,account_issue,false,,,,hinglish account issue,"[""hinglish""]"
I accidentally deleted my workspace.,account_issue,true,,,,bulk addition 3,"[""standard""]"
I don't need a call. Really. Just a simple reply.,general_question,false,,,,bulk addition 5,"[""hard_negative_escalation""]"
this is the 5th tim i am reportin the same bug,technical_support,true,,,,bulk addition 2,"[""noisy""]"
Do I need to download anything?,general_question,false,,,,general info question,"[""standard""]"
Okay,other,false,,,,other / off-topic,"[""standard"", ""other""]"
ur chargin me rong ammount,pricing,true,,,,spelling/noisy text,"[""noisy""]"
I need top priority handling for this security issue.,account_issue,true,,,,bulk addition 2,"[""escalation_positive""]"
Can I get an enterprise quote?,pricing,false,,,,pricing question,"[""standard"", ""pricing""]"
Does your software have a mobile SDK?,product_question,false,,,,product feature question,"[""standard""]"
Tell me your pricing but not too pushy please.,pricing,false,,,,bulk addition,"[""confusion_pair""]"
Can you explain the reporting module?,general_question,false,,,,bulk addition 4,"[""standard""]"
I have escalated this internally. Your team needs to respond.,complaint,true,,,,escalation hard positive,"[""escalation_positive"", ""hard_positive""]"
Kya mai apna plan downgrade kar sakta hu?,pricing,false,,,,hinglish example,"[""hinglish""]"
Does it have time tracking?,product_question,false,,,,bulk addition,"[""standard""]"
Can you explain real-time sync?,general_question,false,,,,bulk addition 4,"[""standard""]"
This platform is not ready for prime time.,complaint,false,,,,bulk addition,"[""standard""]"
The data table freezes when I scroll.,technical_support,false,,,,bulk addition 3,"[""standard""]"
Aapki website down hai kya?,general_question,false,,,,general info question,"[""standard""]"
Can I speak to a real person?,human_request,true,,,,human request,"[""escalation_positive"", ""human_request""]"
ye tool bulk operations handle kar sakta hai?,product_question,false,,,,hinglish product question,"[""hinglish""]"
Can I transfer my subscription to someone else?,general_question,false,,,,bulk addition,"[""standard""]"
Is there a minimum user requirement?,pricing,false,,,,bulk addition 3,"[""standard""]"
The single sign-on integration broke after migration.,technical_support,false,,,,technical issue,"[""standard"", ""technical""]"
Love the product,other,false,,,,bulk addition 5,"[""standard""]"
Can you help me fix The login page?,technical_support,false,,,,bulk addition 4,"[""standard""]"
My workflow automation stopped mid-execution.,technical_support,false,,,,technical issue,"[""standard"", ""technical""]"
i want a human not a bot plzzz,human_request,true,,,,spelling/noisy text,"[""noisy""]"
Bug,technical_support,false,,,,very short message,[]
The graphs in the dashboard are broken.,technical_support,false,,,,technical issue,"[""standard"", ""technical""]"
I demand compensation for the poor service.,refund,true,,,,refund demand,"[""escalation_positive"", ""refund""]"
I like turtles.,other,false,,,,bulk addition 2,"[""standard""]"
This is extremely disappointing for a paid service.,complaint,false,,,,bulk addition,"[""standard""]"
I don't need anyone to follow up. Thanks.,general_question,false,,,,bulk addition 2,"[""hard_negative_escalation""]"
Do you offer a trial period?,general_question,false,,,,general info question,"[""standard""]"
I get an error when using The template preview.,technical_support,false,,,,bulk addition 4,"[""standard""]"
Tell me a fun fact,other,false,,,,other / off-topic,"[""standard"", ""other""]"
I've reported the same issue 5 times. Nothing changes.,complaint,true,,,,bulk addition,"[""standard""]"
I'm filing a chargeback if my refund isn't processed.,refund,true,,,,bulk addition,"[""standard""]"
Can I import my data from another tool?,general_question,false,,,,bulk addition,"[""standard""]"
Is there a trial for the enterprise plan?,general_question,false,,,,bulk addition,"[""standard""]"
How old are you?,other,false,,,,other / off-topic,"[""standard"", ""other""]"
i hat u guys ur service is the worst evr,complaint,false,,,,bulk addition 2,"[""noisy""]"
Data sync nahi ho raha mobile aur desktop mein.,technical_support,false,,,,hinglish technical support,"[""hinglish""]"
I'm having trouble with My workflow automation.,technical_support,false,,,,bulk addition 4,"[""standard""]"
My deadline was yesterday. I need compensation.,complaint,true,,,,escalation hard positive,"[""escalation_positive"", ""hard_positive""]"
Plan limits increase karne hain.,sales,false,,,,hinglish sales,"[""hinglish""]"
Refund chahiye aur account bhi delete karo.,refund,true,,,,bulk addition 2,"[""multi_intent""]"
The calendar sync is showing incorrect data.,technical_support,false,,,,bulk addition 4,"[""standard""]"
I'm tired of chatting with bots. Real person needed.,human_request,true,,,,human request,"[""escalation_positive"", ""human_request""]"
This issue is causing a security audit failure.,account_issue,true,,,,bulk addition 5,"[""escalation_positive""]"
Is there a setup fee?,pricing,false,,,,pricing question,"[""standard"", ""pricing""]"
I've lost all trust in your company. Fix this now.,complaint,true,,,,escalation hard positive,"[""escalation_positive"", ""hard_positive""]"
I forgot my password and the reset link isn't working.,account_issue,false,,,,account issue,"[""standard"", ""account""]"
Please connect me to your sales department.,sales,false,,,,purchase intent,"[""standard"", ""sales""]"
Your customer service is a joke.,complaint,false,,,,general complaint,"[""standard"", ""complaint""]"
This is a general inquiry about your service quality.,general_question,false,,,,bulk addition 2,"[""confusion_pair""]"
API access ka alag se paisa lagega?,pricing,false,,,,hinglish pricing,"[""hinglish""]"
I'm unable to change my account email address.,account_issue,false,,,,bulk addition,"[""standard""]"
i paid for premium but got nthng help,account_issue,true,,,,bulk addition 5,"[""noisy""]"
Do teen baar se same problem bata raha hu.,complaint,true,,,,escalation hard positive,"[""escalation_positive"", ""hard_positive""]"
Is this support or sales?,general_question,false,,,,bulk addition 2,"[""confusion_pair""]"
the app crahses whn i opn it,technical_support,false,,,,spelling/noisy text,"[""noisy""]"
Mujhe aapse bahut umeed thi but nirash kiya.,complaint,false,,,,bulk addition 5,"[""hinglish""]"
Your support takes forever to respond.,complaint,false,,,,general complaint,"[""standard"", ""complaint""]"
My webhook endpoint is not receiving payloads anymore.,technical_support,false,,,,technical issue,"[""standard"", ""technical""]"
I'm documenting this entire conversation for my attorney.,complaint,true,,,,bulk addition 5,"[""escalation_positive""]"
How are billing cycles handled?,general_question,false,,,,general info question,"[""standard""]"
How much for additional storage space?,pricing,false,,,,pricing question,"[""standard"", ""pricing""]"
This is a P1 incident. We need immediate response.,technical_support,true,,,,bulk addition 5,"[""escalation_positive""]"
Is there a community forum?,general_question,false,,,,general info question,"[""standard""]"
Charge?,pricing,false,,,,very short message,[]
I cancelled within the trial period. Where is my refund?,refund,true,,,,refund demand,"[""escalation_positive"", ""refund""]"
Can I schedule automatic reports?,product_question,false,,,,product feature question,"[""standard""]"
My workflow automation is not working.,technical_support,false,,,,bulk addition 4,"[""standard""]"
I'm having trouble with The search bar.,technical_support,false,,,,bulk addition 4,"[""standard""]"
Good morning,other,false,,,,other / off-topic,"[""standard"", ""other""]"
I want to cancel and get my money back right now.,refund,true,,,,refund demand,"[""escalation_positive"", ""refund""]"
Mujhe enterprise plan ka quote chahiye,pricing,false,,,,hinglish pricing,"[""hinglish""]"
can u help i m locked out of my acount,account_issue,true,,,,bulk addition 2,"[""noisy""]"
The drag and drop editor is broken after the latest update.,technical_support,false,,,,bulk addition 4,"[""standard""]"
I'm happy with product but angry at support.,complaint,false,,,,bulk addition 3,"[""multi_intent""]"
Mujhe samajh nahi aa raha kya karna hai.,general_question,false,,,,bulk addition 3,"[""hinglish""]"
how to add team membrs,general_question,false,,,,spelling/noisy text,"[""noisy""]"
My sub-accounts are not visible after upgrade.,account_issue,false,,,,account issue,"[""standard"", ""account""]"
i cnt find the log out buton lol,other,false,,,,bulk addition 3,"[""noisy""]"
I want to upgrade my current plan to premium.,sales,false,,,,purchase intent,"[""standard"", ""sales""]"
I regret signing up for this service.,complaint,false,,,,general complaint,"[""standard"", ""complaint""]"
thx for ur help i apreciate it,other,false,,,,bulk addition,"[""noisy""]"
whts the price of premium pakage,pricing,false,,,,spelling/noisy text,"[""noisy""]"
The The API endpoint feature is causing errors.,technical_support,false,,,,bulk addition 4,"[""standard""]"
The reporting dashboard is broken after the latest update.,technical_support,false,,,,bulk addition 4,"[""standard""]"
Where can I find documentation about the integration wizard?,general_question,false,,,,bulk addition 4,"[""standard""]"
Itne paise mein aur aaisa experience.,complaint,false,,,,hinglish complaint,"[""hinglish""]"
The webhook integration is not loading properly.,technical_support,false,,,,bulk addition 4,"[""standard""]"
Can the integration wizard be disabled?,general_question,false,,,,bulk addition 4,"[""standard""]"
Your lack of support is costing me money.,complaint,true,,,,escalation hard positive,"[""escalation_positive"", ""hard_positive""]"
Are there any transaction fees?,pricing,false,,,,pricing question,"[""standard"", ""pricing""]"
Can I use the platform offline?,general_question,false,,,,bulk addition,"[""standard""]"
Mujhe additional seats chahiye.,sales,false,,,,hinglish sales,"[""hinglish""]"
Your product is a joke.,complaint,false,,,,general complaint,"[""standard"", ""complaint""]"
What is your uptime guarantee?,general_question,false,,,,general info question,"[""standard""]"
The notification system stopped working suddenly.,technical_support,false,,,,bulk addition 4,"[""standard""]"
Wow,other,false,,,,very short message,[]
What's the pricing for premium support?,pricing,false,,,,bulk addition 4,"[""standard""]"
I am completely dissatisfied. Give my money back.,refund,true,,,,confusion pair example,"[""confusion_pair""]"
The form submission is returning 403 errors.,technical_support,false,,,,bulk addition 2,"[""standard""]"
LinkedIn login broke my existing account.,account_issue,false,,,,bulk addition,"[""standard""]"
Account security question not working.,account_issue,false,,,,account issue,"[""standard"", ""account""]"
this servic is a scam,complaint,true,,,,spelling/noisy text,"[""noisy""]"
What a beautiful day!,other,false,,,,bulk addition 3,"[""standard""]"
Mujhe aapke product mein kuch features add karne hain. Kya aap custom development support karte ho?,product_question,false,,,,cross 2000,"[""hinglish""]"
your support is helplss,complaint,false,,,,spelling/noisy text,"[""noisy""]"
I want to speak to billing about my refund.,refund,true,,,,bulk addition,"[""standard""]"
We have budget approval. Let's move forward.,sales,false,,,,bulk addition,"[""standard""]"
my notifikashuns r not comin thru,technical_support,false,,,,bulk addition,"[""noisy""]"
Aapke server down hain kya?,technical_support,false,,,,bulk addition 5,"[""hinglish""]"
Where is my refund? It's been 15 business days!,refund,true,,,,bulk addition 2,"[""escalation_positive""]"
I need senior management to intervene in this matter.,human_request,true,,,,bulk addition,"[""escalation_positive""]"
Main AI features ke baare mein jaanna chahta hu.,product_question,false,,,,hinglish example,"[""hinglish""]"
Aapka product use karke bahut time ho gaya. Ab kuch naya karo.,complaint,false,,,,bulk addition,"[""hinglish""]"
Your service is bad and I want a human to explain.,human_request,true,,,,bulk addition 3,"[""multi_intent""]"
ur bot is dumm giv me reel person,human_request,true,,,,bulk addition 3,"[""noisy""]"
Hello?,other,false,,,,very short message,[]
Auto-save kaam nahi kar raha. Data loss ho raha hai.,technical_support,true,,,,hinglish example,"[""hinglish""]"
Mai purchase karna chahta hu.,sales,false,,,,hinglish sales,"[""hinglish""]"
Need technical help but also want to talk to sales.,technical_support,false,,,,bulk addition 2,"[""multi_intent""]"
Namaste,other,false,,,,other / off-topic,"[""standard"", ""other""]"
Can you explain backup?,general_question,false,,,,bulk addition 4,"[""standard""]"
I'm about to take legal action if you don't resolve this.,complaint,true,,,,escalation hard positive,"[""escalation_positive"", ""hard_positive""]"
Do you have video tutorials?,general_question,false,,,,general info question,"[""standard""]"
Aapke product ki quality gir gayi hai.,complaint,false,,,,bulk addition,"[""hinglish""]"
Connect me to your support team.,human_request,true,,,,human request,"[""escalation_positive"", ""human_request""]"
The database query times out after 30 seconds.,technical_support,false,,,,technical issue,"[""standard"", ""technical""]"
Testing testing 123,other,false,,,,other / off-topic,"[""standard"", ""other""]"
Aapki service band karni hai. Refund chahiye.,refund,true,,,,bulk addition 2,"[""hinglish""]"
I don't want a refund. I only want to know your policy.,refund,false,,,,escalation hard negative,"[""hard_negative_escalation""]"
Hacked!,account_issue,true,,,,very short message,[]
Is there a tutorial for the import tool?,general_question,false,,,,bulk addition 4,"[""standard""]"
Thank you for your help.,other,false,,,,bulk addition,"[""standard""]"
Do you charge for migrations?,pricing,false,,,,bulk addition 3,"[""standard""]"
Do I need a human or can you answer this?,general_question,false,,,,bulk addition 2,"[""confusion_pair""]"
Can you connect me to a senior representative?,human_request,true,,,,human request,"[""escalation_positive"", ""human_request""]"
Ye software Hindi mein available hai?,product_question,false,,,,hinglish example,"[""hinglish""]"
Webhook 503 error de raha hai.,technical_support,false,,,,hinglish technical support,"[""hinglish""]"
Can user permissions be disabled?,general_question,false,,,,bulk addition 4,"[""standard""]"
Are there any setup costs?,pricing,false,,,,pricing question,"[""standard"", ""pricing""]"
What is your data retention policy?,general_question,false,,,,general info question,"[""standard""]"
Complaint here,complaint,false,,,,very short message,[]
I want to talk about a partnership.,sales,false,,,,bulk addition 3,"[""standard""]"
Refund has been pending for 10 business days.,refund,true,,,,bulk addition 3,"[""standard""]"
Can I embed dashboards on my site?,product_question,false,,,,product feature question,"[""standard""]"
I get an error when using The calendar sync.,technical_support,false,,,,bulk addition 4,"[""standard""]"
Team mein naye members add karne hain.,sales,false,,,,bulk addition 5,"[""hinglish""]"
Mera account lock ho gaya hai.,account_issue,false,,,,hinglish account issue,"[""hinglish""]"
Are you selling this or just providing information?,general_question,false,,,,bulk addition,"[""confusion_pair""]"
Thanks,other,false,,,,very short message,[]
Mera refund kab tak process hoga?,refund,false,,,,bulk addition,"[""hinglish""]"
Mujhe nahi chahiye refund. Bas policy batao.,refund,false,,,,hinglish example,"[""hinglish""]"
That's all I needed. Thanks.,other,false,,,,bulk addition 3,"[""standard""]"
I love this platform!,other,false,,,,bulk addition,"[""standard""]"
What do I need to know about user permissions?,general_question,false,,,,bulk addition 4,"[""standard""]"
Abhi subscription lena hai. Payment lo.,sales,false,,,,hinglish sales,"[""hinglish""]"
I'm writing to formally request a full refund for my annual subscription. I signed up for the enterprise plan on January 15th based on the sales team's promises about features that were supposedly available. After three months of usage I have discovered that at least 5 major features that were promised are either not implemented or work very differently than described. I have raised multiple support tickets about this but have been told that these features are on the roadmap. That is not acceptable when I paid for features that were supposed to exist now. I expect my full payment of $2999 to be refunded within 14 business days as per your own policy. If I do not receive confirmation by next week I will initiate a chargeback through my bank.,refund,true,,,,long message,"[""long""]"
Can you help me fix The reporting dashboard?,technical_support,false,,,,bulk addition 4,"[""standard""]"
What is the cost of the enterprise add-on?,pricing,false,,,,bulk addition 4,"[""standard""]"
Every interaction with your company is painful.,complaint,false,,,,general complaint,"[""standard"", ""complaint""]"
i hav been wating for 2 weks,complaint,true,,,,spelling/noisy text,"[""noisy""]"
Let me speak to the sales engineering team.,sales,false,,,,bulk addition,"[""standard""]"
Can I create custom dashboards?,product_question,false,,,,bulk addition,"[""standard""]"
Are upgrades free within the same tier?,pricing,false,,,,bulk addition 2,"[""standard""]"
What is the cost of the mobile app?,pricing,false,,,,bulk addition 4,"[""standard""]"
y do u charg so much 4 basic features,pricing,false,,,,bulk addition 5,"[""noisy""]"
Have a great day!,other,false,,,,bulk addition,"[""standard""]"
aapka customer support number kya hai?,general_question,false,,,,hinglish general question,"[""hinglish""]"
Maine galati se delete kar diya account. Help.,account_issue,true,,,,hinglish example,"[""hinglish""]"
Is user permissions available in all plans?,general_question,false,,,,bulk addition 4,"[""standard""]"
two factor auth not wrking,technical_support,false,,,,spelling/noisy text,"[""noisy""]"
My reports won't export to PDF.,technical_support,false,,,,technical issue,"[""standard"", ""technical""]"
I don't know if I should ask sales or support.,general_question,false,,,,bulk addition 3,"[""confusion_pair""]"
What do I need to know about the reporting module?,general_question,false,,,,bulk addition 4,"[""standard""]"
the api integratin is brokn,technical_support,false,,,,spelling/noisy text,"[""noisy""]"
How much for enterprise?,pricing,false,,,,pricing question,"[""standard"", ""pricing""]"
The mobile app is showing incorrect data.,technical_support,false,,,,bulk addition 4,"[""standard""]"
100 licenses chahiye organization ke liye.,sales,false,,,,hinglish sales,"[""hinglish""]"
Can I use your service for free?,general_question,false,,,,general info question,"[""standard""]"
Can the reporting module be disabled?,general_question,false,,,,bulk addition 4,"[""standard""]"
u guyz r scammers giv my mony bak,refund,true,,,,bulk addition 3,"[""noisy""]"
ur support team is usless they never help,complaint,false,,,,bulk addition 2,"[""noisy""]"
How much for the enterprise add-on?,pricing,false,,,,bulk addition 4,"[""standard""]"
Maine 2 mahine pehle cancel kiya tha but aaj bhi charge aa raha hai.,refund,true,,,,hinglish example,"[""hinglish""]"
Is white labeling included in the base price?,pricing,false,,,,bulk addition 4,"[""standard""]"
Process my refund immediately or I'll take action.,refund,true,,,,refund demand,"[""escalation_positive"", ""refund""]"
the sarce bar is not wrking,technical_support,false,,,,spelling/noisy text,"[""noisy""]"
What is the pricing for education?,pricing,false,,,,bulk addition,"[""standard""]"
Can you help me fix File upload?,technical_support,false,,,,bulk addition 4,"[""standard""]"
I'm locked out of my account and I want compensation.,account_issue,true,,,,multi-intent example,"[""multi_intent""]"
Auto-save feature kaam nahi kar raha.,technical_support,false,,,,hinglish technical support,"[""hinglish""]"
I demand immediate compensation for damages.,refund,true,,,,bulk addition 3,"[""escalation_positive""]"
Do you have a public API?,general_question,false,,,,general info question,"[""standard""]"
Process my refund or I will dispute with my bank.,refund,true,,,,bulk addition,"[""standard""]"
the search is not workin at all fix it,technical_support,false,,,,bulk addition 5,"[""noisy""]"
Is training included in the price?,pricing,false,,,,pricing question,"[""standard"", ""pricing""]"
What browsers are supported?,general_question,false,,,,bulk addition,"[""standard""]"
Kya aap Hindi mein support dete ho?,general_question,false,,,,bulk addition,"[""hinglish""]"
Apna plan kaise change kare?,general_question,false,,,,general info question,"[""standard""]"
I have been a loyal customer for 2 years and this is how you treat me?,complaint,true,,,,escalation hard positive,"[""escalation_positive"", ""hard_positive""]"
How do I get started?,general_question,false,,,,general info question,"[""standard""]"
I'm having trouble with The API endpoint.,technical_support,false,,,,bulk addition 4,"[""standard""]"
I don't want a refund anymore. Cancel my request.,refund,false,,,,multi-intent example,"[""multi_intent""]"
Is there a tutorial for the template system?,general_question,false,,,,bulk addition 4,"[""standard""]"
I'm stuck on the verification step for days.,account_issue,false,,,,account issue,"[""standard"", ""account""]"
No need for human. Your docs helped.,general_question,false,,,,bulk addition 2,"[""hard_negative_escalation""]"
How much is the premium support add-on?,pricing,false,,,,bulk addition,"[""standard""]"
I am very unhappy with the recent changes.,complaint,false,,,,bulk addition 5,"[""standard""]"
the dasboard is showin rong data,technical_support,false,,,,spelling/noisy text,"[""noisy""]"
Do I pay extra for white labeling?,pricing,false,,,,bulk addition 4,"[""standard""]"
I'm having trouble with The webhook integration.,technical_support,false,,,,bulk addition 4,"[""standard""]"
The drag and drop editor stopped working suddenly.,technical_support,false,,,,bulk addition 4,"[""standard""]"
I want to talk to a person who handles billing issues.,pricing,false,,,,bulk addition 5,"[""confusion_pair""]"
The template preview is not loading properly.,technical_support,false,,,,bulk addition 4,"[""standard""]"
What is your policy on data retention?,general_question,false,,,,bulk addition 3,"[""standard""]"
Absolutely wonderful weather we're having,other,false,,,,other / off-topic,"[""standard"", ""other""]"
Where can I find documentation about real-time sync?,general_question,false,,,,bulk addition 4,"[""standard""]"
What is your cancellation process?,general_question,false,,,,bulk addition,"[""standard""]"
Your AI is useless. Humans only from now on.,human_request,true,,,,bulk addition 2,"[""standard""]"
Can I talk to the sales team about pricing?,sales,false,,,,confusion pair example,"[""confusion_pair""]"
kya ye app India mein available hai?,general_question,false,,,,general info question,"[""standard""]"
2FA code nahi aa raha.,account_issue,false,,,,hinglish account issue,"[""hinglish""]"
Please expedite my account setup.,sales,false,,,,bulk addition,"[""standard""]"
Can you help me fix The API endpoint?,technical_support,false,,,,bulk addition 4,"[""standard""]"
Bahut disappointing experience hai.,complaint,false,,,,hinglish complaint,"[""hinglish""]"
Email delivery is showing incorrect data.,technical_support,false,,,,bulk addition 4,"[""standard""]"
kya aapke paas app hai?,general_question,false,,,,hinglish general question,"[""hinglish""]"
Can you help me fix The CSV importer?,technical_support,false,,,,bulk addition 4,"[""standard""]"
This is a complaint about my account but also a refund request.,refund,true,,,,bulk addition 2,"[""multi_intent""]"
The Email delivery feature is causing errors.,technical_support,false,,,,bulk addition 4,"[""standard""]"
I can't connect to the API endpoint.,technical_support,false,,,,technical issue,"[""standard"", ""technical""]"
Refund request for the annual subscription I just paid.,refund,true,,,,bulk addition,"[""standard""]"
This is both a complaint and a question about pricing.,pricing,false,,,,multi-intent example,"[""multi_intent""]"
Kya isme A/B testing ka feature hai?,product_question,false,,,,hinglish product question,"[""hinglish""]"
Is there a tutorial for email notifications?,general_question,false,,,,bulk addition 4,"[""standard""]"
Charts galat data dikha rahe hain.,technical_support,false,,,,hinglish technical support,"[""hinglish""]"
This is not the product I was sold on.,complaint,false,,,,bulk addition 3,"[""standard""]"
Is role management available in all plans?,general_question,false,,,,bulk addition 4,"[""standard""]"
i wana buy ur premium plan but the paymnt is not wrking,sales,true,,,,bulk addition,"[""noisy""]"
My team member can't access the shared account.,account_issue,false,,,,account issue,"[""standard"", ""account""]"
Mujhe kisi se baat nahi karni. Sirf information chahiye.,general_question,false,,,,escalation hard negative,"[""hard_negative_escalation""]"
The dashboard keeps showing a 500 error.,technical_support,false,,,,technical issue,"[""standard"", ""technical""]"
Aapne mujhe galat plan charge kiya hai.,pricing,true,,,,hinglish example,"[""hinglish""]"
Can I set up auto replies for common questions?,product_question,false,,,,bulk addition,"[""standard""]"
Dashboard 500 error de raha hai.,technical_support,false,,,,hinglish technical support,"[""hinglish""]"
Aapne mujhe block kyu kar diya? Unblock karo.,account_issue,true,,,,hinglish example,"[""hinglish""]"
Where can I find documentation about the reporting module?,general_question,false,,,,bulk addition 4,"[""standard""]"
The reporting dashboard is not loading properly.,technical_support,false,,,,bulk addition 4,"[""standard""]"
I demand a full refund including the service charges.,refund,true,,,,bulk addition 2,"[""standard""]"
password kaise reset kare?,general_question,false,,,,general info question,"[""standard""]"
i want a refnd pls,refund,true,,,,spelling/noisy text,"[""noisy""]"
I want to buy the premium plan. Tell me the cost.,sales,false,,,,confusion pair example,"[""confusion_pair""]"
Can I prepay for a year and get a discount?,pricing,false,,,,pricing question,"[""standard"", ""pricing""]"
Aapne mera account suspend kyun kiya?,account_issue,true,,,,bulk addition 3,"[""hinglish""]"
How do I download my invoice?,general_question,false,,,,bulk addition,"[""standard""]"
Is there a status page for outages?,general_question,false,,,,general info question,"[""standard""]"
What is your company's privacy policy?,general_question,false,,,,bulk addition,"[""standard""]"
Koi real person se baat karwao.,human_request,true,,,,hinglish human request,"[""hinglish"", ""escalation_positive"", ""human_request""]"
Can I have multiple workspaces?,general_question,false,,,,general info question,"[""standard""]"
Account deactivate ho gaya bina reason ke.,account_issue,false,,,,hinglish account issue,"[""hinglish""]"
I get an error when using File upload.,technical_support,false,,,,bulk addition 4,"[""standard""]"
Very bad,complaint,false,,,,very short message,[]
can u help me with loggin in,account_issue,false,,,,spelling/noisy text,"[""noisy""]"
The login page is showing incorrect data.,technical_support,false,,,,bulk addition 4,"[""standard""]"
i cnt figur out hw to pay my bill,pricing,false,,,,bulk addition 5,"[""noisy""]"
$50 plan mein kya kya aata hai?,pricing,false,,,,hinglish pricing,"[""hinglish""]"
The account recovery process is not working.,account_issue,false,,,,account issue,"[""standard"", ""account""]"
I demand to speak with a customer service representative immediately.,human_request,true,,,,bulk addition,"[""standard""]"
I'm ready to buy. Process my payment.,sales,false,,,,purchase intent,"[""standard"", ""sales""]"
Can you help me fix Data export?,technical_support,false,,,,bulk addition 4,"[""standard""]"
The notification system is not loading properly.,technical_support,false,,,,bulk addition 4,"[""standard""]"
You overpromise and underdeliver constantly.,complaint,false,,,,general complaint,"[""standard"", ""complaint""]"
Mujhe refund chahiye aur human se baat karni hai.,refund,true,,,,bulk addition 3,"[""multi_intent""]"
Does the API support GraphQL?,product_question,false,,,,bulk addition,"[""standard""]"
i cnt chanj my email,account_issue,false,,,,spelling/noisy text,"[""noisy""]"
Mera payment fail ho gaya but paisa kat liya.,technical_support,true,,,,bulk addition 2,"[""hinglish""]"
Is there a dark mode?,general_question,false,,,,general info question,"[""standard""]"
How do I set up email forwarding?,general_question,false,,,,general info question,"[""standard""]"
The calendar sync stopped working suddenly.,technical_support,false,,,,bulk addition 4,"[""standard""]"
i m very upset with ur servise,complaint,false,,,,spelling/noisy text,"[""noisy""]"
Mujhe annual plan ka invoice chahiye.,sales,false,,,,bulk addition 5,"[""hinglish""]"
This is the last straw. I want a full refund and account deletion.,refund,true,,,,bulk addition 3,"[""escalation_positive""]"
Aapki website bahut slow hai. Improve karo.,technical_support,false,,,,bulk addition 2,"[""hinglish""]"
How long does it take to set up audit logging?,general_question,false,,,,bulk addition 4,"[""standard""]"
I don't need a human. Just answer my question.,general_question,false,,,,escalation hard negative,"[""hard_negative_escalation""]"
im havin truble wit the softwar,technical_support,false,,,,spelling/noisy text,"[""noisy""]"
I have been a customer for 5 years and I deserve better.,complaint,true,,,,bulk addition 3,"[""escalation_positive""]"
i fogot my passwrd,account_issue,false,,,,spelling/noisy text,"[""noisy""]"
can u plz refund my muney i need it urgent,refund,true,,,,bulk addition 2,"[""noisy""]"
What is the monthly charge?,pricing,false,,,,pricing question,"[""standard"", ""pricing""]"
Worst experience ever.,complaint,false,,,,general complaint,"[""standard"", ""complaint""]"
the color of the theme is rong lol,other,false,,,,spelling/noisy text,"[""noisy""]"
I was wrong. Your service is fine.,complaint,false,,,,bulk addition 5,"[""hard_negative_escalation""]"
Mujhe kisi senior se baat karni hai.,human_request,true,,,,hinglish human request,"[""hinglish"", ""escalation_positive"", ""human_request""]"
Is there an API rate limit?,product_question,false,,,,product feature question,"[""standard""]"
Is service mein aake pachtawa hai.,complaint,false,,,,hinglish complaint,"[""hinglish""]"
kya mere data safe hai?,general_question,false,,,,general info question,"[""standard""]"
Can I automate ticket assignment?,product_question,false,,,,bulk addition,"[""standard""]"
Is there a flat fee or percentage?,pricing,false,,,,pricing question,"[""standard"", ""pricing""]"
Hi team,other,false,,,,very short message,[]
refund my mony u scammers,refund,true,,,,bulk addition,"[""noisy""]"
Put me on the annual billing cycle.,sales,false,,,,purchase intent,"[""standard"", ""sales""]"
Mujhe lagta hai ki aapne mujhe dhoka diya.,complaint,false,,,,hinglish complaint,"[""hinglish""]"
I need a callback in the next 30 minutes.,human_request,true,,,,bulk addition 5,"[""escalation_positive""]"
Can you help me fix The mobile app?,technical_support,false,,,,bulk addition 4,"[""standard""]"
Why?,general_question,false,,,,very short message,[]
How does your product compare to competitors?,product_question,false,,,,confusion pair example,"[""confusion_pair""]"
Please don't escalate. I made a mistake.,other,false,,,,bulk addition 5,"[""hard_negative_escalation""]"
Absolute garbage. Waste of money.,complaint,false,,,,bulk addition 2,"[""standard""]"
Backup fail ho raha hai har raat.,technical_support,false,,,,hinglish technical support,"[""hinglish""]"
What is the cost of premium support?,pricing,false,,,,bulk addition 4,"[""standard""]"
What are the benefits of the dashboard?,general_question,false,,,,bulk addition 4,"[""standard""]"
The login page stopped working suddenly.,technical_support,false,,,,bulk addition 4,"[""standard""]"
The quality of your product has degraded significantly.,complaint,false,,,,general complaint,"[""standard"", ""complaint""]"
Can I build custom reports?,product_question,false,,,,product feature question,"[""standard""]"
Not working,technical_support,false,,,,very short message,[]
Mujhe bulk SMS feature chahiye. Hai kya?,product_question,false,,,,hinglish example,"[""hinglish""]"
Can I brand the customer portal?,product_question,false,,,,bulk addition,"[""standard""]"
How's your day?,other,false,,,,other / off-topic,"[""standard"", ""other""]"
how do i upgrade my plan i cnt find the buton,sales,false,,,,bulk addition,"[""noisy""]"
Can you write a poem?,other,false,,,,other / off-topic,"[""standard"", ""other""]"
What is the price of your premium package?,pricing,false,,,,pricing question,"[""standard"", ""pricing""]"
The calendar integration stopped syncing events.,technical_support,false,,,,technical issue,"[""standard"", ""technical""]"
Your platform is full of bugs and glitches.,complaint,false,,,,general complaint,"[""standard"", ""complaint""]"
How long does it take to set up the import tool?,general_question,false,,,,bulk addition 4,"[""standard""]"
How does the API work in your platform?,general_question,false,,,,bulk addition 4,"[""standard""]"
You guys are awesome!,other,false,,,,bulk addition,"[""standard""]"
How do I change my notification preferences?,general_question,false,,,,bulk addition,"[""standard""]"
Do you charge per seat or flat rate?,pricing,false,,,,pricing question,"[""standard"", ""pricing""]"
My data was exposed due to your security flaw.,account_issue,true,,,,bulk addition 3,"[""escalation_positive""]"
Your platform is a joke and my account doesn't work.,account_issue,false,,,,confusion pair example,"[""confusion_pair""]"
How do I turn off email notifications?,general_question,false,,,,bulk addition,"[""standard""]"
I'm not asking for help. Just letting you know about a bug.,technical_support,false,,,,bulk addition,"[""hard_negative_escalation""]"
"Can you help me with pricing? Also, I can't log in.",pricing,false,,,,multi-intent example,"[""multi_intent""]"
I need human assistance for this complex issue.,human_request,true,,,,human request,"[""escalation_positive"", ""human_request""]"
What happens to my data after cancellation?,general_question,false,,,,general info question,"[""standard""]"
kya premium plan mein API access milta hai?,product_question,false,,,,hinglish product question,"[""hinglish""]"
10 aur seats add karni hain.,sales,false,,,,hinglish sales,"[""hinglish""]"
Database connection keeps dropping every 5 minutes.,technical_support,false,,,,bulk addition 2,"[""standard""]"
Mujhe training chahiye product ki. Kya facility hai?,product_question,false,,,,hinglish example,"[""hinglish""]"
This is exactly what I needed.,other,false,,,,bulk addition,"[""standard""]"
Aapne mujhe wrong plan charge kar diya.,pricing,true,,,,bulk addition 2,"[""hinglish""]"
Is there a knowledge base feature?,product_question,false,,,,bulk addition,"[""standard""]"
Current provider se migrate karne mein help karo.,sales,false,,,,hinglish sales,"[""hinglish""]"
This is the final warning before I take legal steps.,complaint,true,,,,bulk addition 5,"[""escalation_positive""]"
Account deactivated for no reason.,account_issue,false,,,,account issue,"[""standard"", ""account""]"
I want a full refund including the setup fee.,refund,true,,,,bulk addition,"[""standard""]"
my acnt got suspendd for no reeson help,account_issue,true,,,,bulk addition 5,"[""noisy""]"
I need a solution within the next 2 hours.,technical_support,true,,,,bulk addition 3,"[""escalation_positive""]"
How does your AI tagging work?,product_question,false,,,,product feature question,"[""standard""]"
Meri email change ho gayi bina permission ke.,account_issue,false,,,,hinglish account issue,"[""hinglish""]"
Enterprise features ka walkthrough chahiye.,sales,false,,,,hinglish sales,"[""hinglish""]"
Zero stars. Would not recommend to anyone.,complaint,false,,,,general complaint,"[""standard"", ""complaint""]"
Can you explain email notifications?,general_question,false,,,,bulk addition 4,"[""standard""]"
Your customer service is non-existent.,complaint,false,,,,bulk addition,"[""standard""]"
I've lost count of how many times I've reported this.,complaint,true,,,,bulk addition,"[""escalation_positive""]"
Can I use your platform for free forever?,general_question,false,,,,bulk addition,"[""standard""]"
Is there a tutorial for custom fields?,general_question,false,,,,bulk addition 4,"[""standard""]"
Isme lead scoring automatic hai?,product_question,false,,,,hinglish product question,"[""hinglish""]"
my api key brok,technical_support,false,,,,spelling/noisy text,"[""noisy""]"
The calendar sync is creating duplicate events.,technical_support,false,,,,bulk addition,"[""standard""]"
I'm having trouble with The login page.,technical_support,false,,,,bulk addition 4,"[""standard""]"
The search bar is not loading properly.,technical_support,false,,,,bulk addition 4,"[""standard""]"
Can I set up conditional triggers?,product_question,false,,,,product feature question,"[""standard""]"
Deadline miss ho jayegi. Please koi help karo.,technical_support,true,,,,escalation hard positive,"[""escalation_positive"", ""hard_positive""]"
Can you explain user permissions?,general_question,false,,,,bulk addition 4,"[""standard""]"
Do I pay extra for the enterprise add-on?,pricing,false,,,,bulk addition 4,"[""standard""]"
Itne paise waste kar diye aapke product pe.,complaint,false,,,,hinglish complaint,"[""hinglish""]"
Is there a price lock for annual subscribers?,pricing,false,,,,bulk addition 2,"[""standard""]"
Mujhe human se baat karni hai.,human_request,true,,,,hinglish example,"[""hinglish""]"
My account is showing as inactive even though I'm paying.,account_issue,false,,,,account issue,"[""standard"", ""account""]"
This ridiculous platform has cost me hours. But do not call me.,complaint,false,,,,bulk addition 3,"[""hard_negative_escalation""]"
The webhook integration is not working.,technical_support,false,,,,bulk addition 4,"[""standard""]"
ur premium plan is way overpriced,pricing,false,,,,bulk addition 5,"[""noisy""]"
How secure is your platform?,general_question,false,,,,bulk addition,"[""standard""]"
Please activate my premium features. I just paid.,sales,false,,,,purchase intent,"[""standard"", ""sales""]"
Can I automate workflows with your tool?,product_question,false,,,,product feature question,"[""standard""]"
The mobile app is broken after the latest update.,technical_support,false,,,,bulk addition 4,"[""standard""]"
I demand a refund for the last three months.,refund,true,,,,refund demand,"[""escalation_positive"", ""refund""]"
My business is suffering because of your incompetence.,complaint,true,,,,escalation hard positive,"[""escalation_positive"", ""hard_positive""]"
Per seat charge karte ho ya flat rate?,pricing,false,,,,hinglish pricing,"[""hinglish""]"
I'm having trouble with The CSV importer.,technical_support,false,,,,bulk addition 4,"[""standard""]"
Payment failed and customer support nahi mil raha. Help.,technical_support,true,,,,multi-intent example,"[""multi_intent""]"
I'm both interested in buying and angry about my current plan.,sales,false,,,,bulk addition,"[""multi_intent""]"
Kya aapke yaha funnel analytics available hai?,product_question,false,,,,hinglish product question,"[""hinglish""]"
Cancel my subscription and tell me about your other products.,refund,false,,,,multi-intent example,"[""multi_intent""]"
I'd like to talk to the sales team.,sales,false,,,,purchase intent,"[""standard"", ""sales""]"
Senior se baat karni hai urgently.,human_request,true,,,,hinglish human request,"[""hinglish"", ""escalation_positive"", ""human_request""]"
How do I cook pasta?,other,false,,,,other / off-topic,"[""standard"", ""other""]"
Does it work with Microsoft Teams?,product_question,false,,,,product feature question,"[""standard""]"
Apna plan upgrade karna hai premium mein.,sales,false,,,,hinglish sales,"[""hinglish""]"
Do you have a pay-per-use model?,pricing,false,,,,bulk addition 2,"[""standard""]"
Lost access to my work email and can't login.,account_issue,false,,,,account issue,"[""standard"", ""account""]"
Aapka product theek hai but support kharab hai.,complaint,false,,,,hinglish example,"[""hinglish""]"
i cnt chang my email adres helpp,account_issue,false,,,,bulk addition 3,"[""noisy""]"
Aj tak ka worst experience.,complaint,false,,,,hinglish complaint,"[""hinglish""]"
Is SSO integration included in the base price?,pricing,false,,,,bulk addition 4,"[""standard""]"
data export kaise kare?,general_question,false,,,,hinglish general question,"[""hinglish""]"
I've had enough of your ineptitude.,complaint,false,,,,general complaint,"[""standard"", ""complaint""]"
I'm calling about an account issue and I want a refund.,refund,true,,,,bulk addition 3,"[""confusion_pair""]"
Need human,human_request,true,,,,bulk addition 5,"[""standard""]"
role-based access control hai kya?,product_question,false,,,,hinglish product question,"[""hinglish""]"
What are the additional costs for extra storage?,pricing,false,,,,pricing question,"[""standard"", ""pricing""]"
Meri team ke liye separate workspace chahiye.,sales,false,,,,hinglish example,"[""hinglish""]"
Mujhe weekly report chahiye. Kaise set kare?,product_question,false,,,,hinglish example,"[""hinglish""]"
This is both a feature request and a complaint.,complaint,false,,,,bulk addition,"[""confusion_pair""]"
Does the basic plan include analytics?,product_question,false,,,,product feature question,"[""standard""]"
Does it support multi-language content?,product_question,false,,,,product feature question,"[""standard""]"
I can't remove my old payment method.,account_issue,false,,,,bulk addition 3,"[""standard""]"
Do you like pizza?,other,false,,,,other / off-topic,"[""standard"", ""other""]"
Kisi aur ne mera account access kiya.,account_issue,false,,,,hinglish account issue,"[""hinglish""]"
What are the benefits of email notifications?,general_question,false,,,,bulk addition 4,"[""standard""]"
Can the import tool be disabled?,general_question,false,,,,bulk addition 4,"[""standard""]"
How long does the data migration take?,general_question,false,,,,bulk addition 3,"[""standard""]"
my reportz r not comin out ryt,technical_support,false,,,,bulk addition 3,"[""noisy""]"
i forgat my pasword,account_issue,false,,,,spelling/noisy text,"[""noisy""]"
I would give zero stars if I could.,complaint,false,,,,bulk addition,"[""standard""]"
Email delivery is delayed by hours.,technical_support,false,,,,technical issue,"[""standard"", ""technical""]"
Who won the cricket match yesterday?,other,false,,,,other / off-topic,"[""standard"", ""other""]"
How long does it take to set up the API?,general_question,false,,,,bulk addition 4,"[""standard""]"
What's 2+2?,other,false,,,,other / off-topic,"[""standard"", ""other""]"
Do you provide onboarding training?,general_question,false,,,,bulk addition,"[""standard""]"
Aapki pricing transparent nahi hai.,pricing,false,,,,bulk addition 5,"[""hinglish""]"
Please escalate to a human representative.,human_request,true,,,,human request,"[""escalation_positive"", ""human_request""]"
Mera account issue hai aur refund bhi chahiye.,refund,true,,,,multi-intent example,"[""multi_intent""]"
Mene 2 bar pay kar diya. Ek refund karo.,refund,true,,,,bulk addition,"[""hinglish""]"
Quality gir gayi hai starting se.,complaint,false,,,,hinglish complaint,"[""hinglish""]"
Locked out,account_issue,true,,,,very short message,[]
I want to talk to an account manager.,sales,false,,,,bulk addition 3,"[""standard""]"
Can I downgrade my plan anytime?,pricing,false,,,,bulk addition 3,"[""standard""]"
Mujhe refund aur technical support chahiye.,refund,true,,,,bulk addition 5,"[""multi_intent""]"
Billed twice this month. Need immediate refund.,refund,true,,,,bulk addition 3,"[""standard""]"
setup karne mein kitna time lagta hai?,general_question,false,,,,general info question,"[""standard""]"
Can I clone workflows?,product_question,false,,,,product feature question,"[""standard""]"
Aapki company se umeed thi lekin nirash kiya.,complaint,false,,,,hinglish complaint,"[""hinglish""]"
Can I connect my CRM directly?,product_question,false,,,,product feature question,"[""standard""]"
Don't bother escalating. I've moved on.,complaint,false,,,,bulk addition,"[""hard_negative_escalation""]"
What reporting dimensions are available?,product_question,false,,,,bulk addition,"[""standard""]"
Can someone explain why I was charged?,pricing,false,,,,bulk addition,"[""confusion_pair""]"
I fixed the issue on my end. All good.,technical_support,false,,,,bulk addition 2,"[""hard_negative_escalation""]"
Money back!,refund,true,,,,very short message,[]
Error,technical_support,false,,,,very short message,[]
Is pricing different for different regions?,pricing,false,,,,pricing question,"[""standard"", ""pricing""]"
Hate the support,complaint,false,,,,bulk addition 5,"[""standard""]"
How does backup work in your platform?,general_question,false,,,,bulk addition 4,"[""standard""]"
Cheated,complaint,true,,,,very short message,[]
I will not pay this month's bill due to poor service.,complaint,true,,,,bulk addition 5,"[""escalation_positive""]"
i sent 10 emails n no1 replid,complaint,true,,,,bulk addition 5,"[""noisy""]"
Push notifications are delayed by 30 minutes.,technical_support,false,,,,bulk addition 3,"[""standard""]"
Do you have a partner program?,general_question,false,,,,general info question,"[""standard""]"
What languages do you support?,general_question,false,,,,general info question,"[""standard""]"
I've sent five emails and nobody has replied.,complaint,true,,,,escalation hard positive,"[""escalation_positive"", ""hard_positive""]"
My account was accessed from an unknown device.,account_issue,true,,,,bulk addition 3,"[""standard""]"
How does user permissions work in your platform?,general_question,false,,,,bulk addition 4,"[""standard""]"
LinkedIn login integration broke my account.,account_issue,false,,,,account issue,"[""standard"", ""account""]"
The real-time sync is lagging by 5 minutes.,technical_support,false,,,,technical issue,"[""standard"", ""technical""]"
Maine 3 baar form bhara but submit nahi hua.,technical_support,false,,,,bulk addition 2,"[""hinglish""]"
I'd like to place an order for the team plan.,sales,false,,,,purchase intent,"[""standard"", ""sales""]"
My workflow automation stopped working suddenly.,technical_support,false,,,,bulk addition 4,"[""standard""]"
Main to sirf pricing poochh raha tha but ab account bhi nahi chal raha.,pricing,false,,,,multi-intent example,"[""multi_intent""]"
I need this resolved before my meeting in 2 hours.,technical_support,true,,,,escalation hard positive,"[""escalation_positive"", ""hard_positive""]"
What's the early termination fee?,pricing,false,,,,bulk addition 3,"[""standard""]"
Can the dashboard be disabled?,general_question,false,,,,bulk addition 4,"[""standard""]"
how do u guyz charge for premium,pricing,false,,,,spelling/noisy text,"[""noisy""]"
What reporting options are available?,general_question,false,,,,general info question,"[""standard""]"
What do I need to know about email notifications?,general_question,false,,,,bulk addition 4,"[""standard""]"
My account shows 'suspended' but I paid yesterday.,account_issue,true,,,,bulk addition,"[""standard""]"
Can't login,account_issue,false,,,,very short message,[]
my dashbord is showin rong numbrs,technical_support,false,,,,bulk addition 2,"[""noisy""]"
How much does migration cost?,pricing,false,,,,pricing question,"[""standard"", ""pricing""]"
What time is it?,other,false,,,,other / off-topic,"[""standard"", ""other""]"
Can you recommend a good movie?,other,false,,,,other / off-topic,"[""standard"", ""other""]"
Do you have a referral program?,general_question,false,,,,general info question,"[""standard""]"
Does it support custom CSS?,product_question,false,,,,product feature question,"[""standard""]"
Can I create custom fields?,product_question,false,,,,product feature question,"[""standard""]"
I keep getting logged out automatically.,technical_support,false,,,,technical issue,"[""standard"", ""technical""]"
I need to talk to an actual human being.,human_request,true,,,,human request,"[""escalation_positive"", ""human_request""]"
Do I need to configure user permissions manually?,general_question,false,,,,bulk addition 4,"[""standard""]"
Kya aap mujhe call back kar sakte ho?,human_request,true,,,,bulk addition,"[""hinglish""]"
Maine upgrade kiya but features unlock nahi hue.,technical_support,false,,,,hinglish example,"[""hinglish""]"
What are the benefits of role management?,general_question,false,,,,bulk addition 4,"[""standard""]"
Maine support ticket khola but koi reply nahi.,technical_support,true,,,,bulk addition 3,"[""hinglish""]"
Cancel my subscription and give me a full refund.,refund,true,,,,refund demand,"[""escalation_positive"", ""refund""]"
Mai aapka product 2 saal se use kar raha hu.,general_question,false,,,,bulk addition 2,"[""hinglish""]"
Very poor service. Not happy at all.,complaint,false,,,,general complaint,"[""standard"", ""complaint""]"
This is a critical production outage.,technical_support,true,,,,bulk addition 3,"[""escalation_positive""]"
Can I schedule backups automatically?,general_question,false,,,,bulk addition 2,"[""standard""]"
Mujhe team plan ka invoice chahiye.,sales,false,,,,hinglish sales,"[""hinglish""]"
How much for API access add-on?,pricing,false,,,,pricing question,"[""standard"", ""pricing""]"
i want my subscrption canceled asap,sales,false,,,,bulk addition 5,"[""noisy""]"
Aapki website par error aa raha hai.,technical_support,false,,,,bulk addition 3,"[""hinglish""]"
File upload is not working.,technical_support,false,,,,bulk addition 4,"[""standard""]"
What's the pricing for white labeling?,pricing,false,,,,bulk addition 4,"[""standard""]"
I need this refund processed within 24 hours.,refund,true,,,,refund demand,"[""escalation_positive"", ""refund""]"
You double charged me. Give one payment back.,refund,true,,,,refund demand,"[""escalation_positive"", ""refund""]"
Do you support webhook integrations?,product_question,false,,,,product feature question,"[""standard""]"
ur bot is so stupd i need a real person,human_request,true,,,,bulk addition 5,"[""noisy""]"
What do I need to know about the template system?,general_question,false,,,,bulk addition 4,"[""standard""]"
Upgrade plan?,sales,false,,,,bulk addition 5,"[""standard""]"
i am not abel to acces my acc,account_issue,false,,,,spelling/noisy text,"[""noisy""]"
The calendar sync is not working.,technical_support,false,,,,bulk addition 4,"[""standard""]"
Not happy,complaint,false,,,,very short message,[]
"Get someone on the phone right now. Not email, not chat, PHONE.",human_request,true,,,,bulk addition 3,"[""escalation_positive""]"
I don't know if this is a complaint or a feature request.,complaint,false,,,,confusion pair example,"[""confusion_pair""]"
I can't believe I recommended this to my team.,complaint,false,,,,bulk addition 2,"[""standard""]"
can u explain the pricin i dnt get it,pricing,false,,,,bulk addition 5,"[""noisy""]"
Do you have a sandbox environment?,product_question,false,,,,bulk addition 2,"[""standard""]"
The notification system is not working.,technical_support,false,,,,bulk addition 4,"[""standard""]"
Lazy development and poor testing on your end.,complaint,false,,,,bulk addition,"[""standard""]"
Can you help me fix The drag and drop editor?,technical_support,false,,,,bulk addition 4,"[""standard""]"
What security certifications do you have?,general_question,false,,,,general info question,"[""standard""]"
What is included in the base price?,pricing,false,,,,pricing question,"[""standard"", ""pricing""]"
The webhook integration keeps failing.,technical_support,false,,,,bulk addition 4,"[""standard""]"
Actually I was wrong. Everything works.,technical_support,false,,,,bulk addition 2,"[""hard_negative_escalation""]"
Data export is showing incorrect data.,technical_support,false,,,,bulk addition 4,"[""standard""]"
Team plan ka quote bhej do.,sales,false,,,,hinglish example,"[""hinglish""]"
What are the benefits of backup?,general_question,false,,,,bulk addition 4,"[""standard""]"
Can you explain two-factor authentication?,general_question,false,,,,bulk addition 4,"[""standard""]"
how do i get a humen on the line plz,human_request,true,,,,bulk addition 2,"[""noisy""]"
i needa tlk to a hooman,human_request,true,,,,spelling/noisy text,"[""noisy""]"
Aapki support team bekar hai.,complaint,false,,,,hinglish complaint,"[""hinglish""]"
Product question: does this integrate with Slack? Also how much?,product_question,false,,,,multi-intent example,"[""multi_intent""]"
I can't send emails through your platform.,technical_support,false,,,,technical issue,"[""standard"", ""technical""]"
What happens if I don't renew in time?,general_question,false,,,,bulk addition,"[""standard""]"
I'm having trouble with The mobile app.,technical_support,false,,,,bulk addition 4,"[""standard""]"
Process my refund or I'm disputing with my card issuer.,refund,true,,,,bulk addition 2,"[""standard""]"
What does your company do exactly?,general_question,false,,,,confusion pair example,"[""confusion_pair""]"
I can't afford to wait any longer. This is critical.,technical_support,true,,,,bulk addition,"[""escalation_positive""]"
I need a personal call back within the hour.,human_request,true,,,,bulk addition 2,"[""escalation_positive""]"
Kya aapke yaha COD available hai?,pricing,false,,,,hinglish example,"[""hinglish""]"
Is extra storage included in the base price?,pricing,false,,,,bulk addition 4,"[""standard""]"
i m gettin eror code 500,technical_support,false,,,,spelling/noisy text,"[""noisy""]"
The API returns 502 errors intermittently.,technical_support,false,,,,bulk addition 3,"[""standard""]"
Actually I don't need support anymore.,general_question,false,,,,bulk addition 5,"[""hard_negative_escalation""]"
wher is the upgarde buton,product_question,false,,,,spelling/noisy text,"[""noisy""]"
I'm ready to sign the contract. Send it over.,sales,false,,,,bulk addition 2,"[""standard""]"
the dashbord is to complicatd,complaint,false,,,,spelling/noisy text,"[""noisy""]"
Email delivery is not loading properly.,technical_support,false,,,,bulk addition 4,"[""standard""]"
This platform is getting worse with every update.,complaint,false,,,,bulk addition 5,"[""standard""]"
This is extremely frustrating.,complaint,false,,,,general complaint,"[""standard"", ""complaint""]"
Do you offer discounts for NGOs?,pricing,false,,,,pricing question,"[""standard"", ""pricing""]"
the export buttin does nothng,technical_support,false,,,,spelling/noisy text,"[""noisy""]"
Sales team se demo setup karo.,sales,false,,,,hinglish sales,"[""hinglish""]"
Aapki website down hai. Check karo.,technical_support,true,,,,hinglish example,"[""hinglish""]"
App crash ho raha hai file upload karte waqt.,technical_support,false,,,,hinglish technical support,"[""hinglish""]"
Too slow,technical_support,false,,,,very short message,[]
How long does it take to set up user permissions?,general_question,false,,,,bulk addition 4,"[""standard""]"
This is fraud. I want every cent back.,refund,true,,,,bulk addition,"[""standard""]"
Data export is not working.,technical_support,false,,,,bulk addition 4,"[""standard""]"
This is not worth the money I paid.,complaint,false,,,,general complaint,"[""standard"", ""complaint""]"
trial period kitne din ka hai?,general_question,false,,,,general info question,"[""standard""]"
You promised X but delivered Y. False advertising.,complaint,false,,,,general complaint,"[""standard"", ""complaint""]"
How does the reporting module work in your platform?,general_question,false,,,,bulk addition 4,"[""standard""]"
Setup fee hai kya?,pricing,false,,,,hinglish pricing,"[""hinglish""]"
I thought I needed help but I don't. Thanks anyway.,other,false,,,,escalation hard negative,"[""hard_negative_escalation""]"
I'm tired of your broken promises.,complaint,false,,,,bulk addition,"[""standard""]"
How does the dashboard work in your platform?,general_question,false,,,,bulk addition 4,"[""standard""]"
Mujhe koi senior support agent se baat karni hai.,human_request,true,,,,bulk addition 2,"[""hinglish""]"
wer can i find the setings,general_question,false,,,,bulk addition,"[""noisy""]"
Charts are displaying incorrect data.,technical_support,false,,,,technical issue,"[""standard"", ""technical""]"
Integration kaise karte hai Salesforce se?,product_question,false,,,,hinglish example,"[""hinglish""]"
How long does it take to set up two-factor authentication?,general_question,false,,,,bulk addition 4,"[""standard""]"
I found the answer myself. Close my ticket.,general_question,false,,,,bulk addition,"[""hard_negative_escalation""]"
i wnt a human to call me ryt now,human_request,true,,,,bulk addition,"[""noisy""]"
Thank you but I no longer need assistance.,other,false,,,,bulk addition 3,"[""hard_negative_escalation""]"
I want to talk to a customer service representative.,human_request,true,,,,human request,"[""escalation_positive"", ""human_request""]"
Please connect me to your senior management.,human_request,true,,,,bulk addition,"[""standard""]"
Do you have a grace period for late renewals?,general_question,false,,,,bulk addition,"[""standard""]"
This is the most frustrating experience.,complaint,false,,,,bulk addition 3,"[""standard""]"
The webhook integration is showing incorrect data.,technical_support,false,,,,bulk addition 4,"[""standard""]"
this is so anoying i want a refnd,refund,true,,,,spelling/noisy text,"[""noisy""]"
Additional storage ka kya charge hai?,pricing,false,,,,hinglish pricing,"[""hinglish""]"
Ek hafte se problem hai. Koi resolve kyu nahi kar raha?,complaint,true,,,,hinglish example,"[""hinglish""]"
Is my data secure with you?,general_question,false,,,,general info question,"[""standard""]"
Mujhe refund chahiye. Also what is the price of premium?,refund,true,,,,multi-intent example,"[""multi_intent""]"
Help me understand your refund process.,refund,false,,,,bulk addition,"[""confusion_pair""]"
Is there a tutorial for data export?,general_question,false,,,,bulk addition 4,"[""standard""]"
If this is not resolved today I'm switching to your competitor.,complaint,true,,,,escalation hard positive,"[""escalation_positive"", ""hard_positive""]"
You charged me after I cancelled. Give me my money back.,refund,true,,,,bulk addition,"[""standard""]"
Mujhe refund aur technical support dono chahiye.,refund,true,,,,bulk addition 2,"[""multi_intent""]"
The API endpoint is broken after the latest update.,technical_support,false,,,,bulk addition 4,"[""standard""]"
The app crashes every time I upload a file.,technical_support,false,,,,technical issue,"[""standard"", ""technical""]"
mobile par bhi use kar sakte hain?,general_question,false,,,,hinglish general question,"[""hinglish""]"
Kya mein apna username change kar sakta hu?,general_question,false,,,,hinglish example,"[""hinglish""]"
Your service is down and I want compensation.,technical_support,true,,,,bulk addition 5,"[""multi_intent""]"
Where can I find documentation about audit logging?,general_question,false,,,,bulk addition 4,"[""standard""]"
The The login page feature is causing errors.,technical_support,false,,,,bulk addition 4,"[""standard""]"
Does the mobile app support push notifications?,product_question,false,,,,bulk addition,"[""standard""]"
Can I speak to a manager?,human_request,true,,,,human request,"[""escalation_positive"", ""human_request""]"
Galti se maine 2 bar pay kar diya. Refund karo.,refund,true,,,,hinglish example,"[""hinglish""]"
Do you support email templates?,product_question,false,,,,bulk addition,"[""standard""]"
I can't log into my account.,account_issue,false,,,,account issue,"[""standard"", ""account""]"
The chat widget is not displaying on mobile.,technical_support,false,,,,bulk addition 5,"[""standard""]"
Account settings revert ho rahe hain default pe.,account_issue,false,,,,hinglish account issue,"[""hinglish""]"
My payment went through but I don't see the premium features unlocked.,technical_support,true,,,,cross 2000,"[""standard""]"
Can the template system be disabled?,general_question,false,,,,bulk addition 4,"[""standard""]"
the search funtion is usless,technical_support,false,,,,bulk addition 3,"[""noisy""]"
I want a real person to help me buy this.,sales,false,,,,confusion pair example,"[""confusion_pair""]"
Workflow automation beech mein ruk gaya.,technical_support,false,,,,hinglish technical support,"[""hinglish""]"
Can I speak with someone about purchasing?,sales,false,,,,purchase intent,"[""standard"", ""sales""]"
I am extremely let down by your company.,complaint,false,,,,general complaint,"[""standard"", ""complaint""]"
Fix it.,technical_support,true,,,,very short message,[]
Can you help me fix The search bar?,technical_support,false,,,,bulk addition 4,"[""standard""]"
Can I customize notification templates?,product_question,false,,,,product feature question,"[""standard""]"
Mujhe nahi samajh aata aapka pricing structure.,pricing,false,,,,bulk addition 2,"[""hinglish""]"
API key suddenly stop ho gaya.,technical_support,false,,,,hinglish technical support,"[""hinglish""]"
Is there a tutorial for the API?,general_question,false,,,,bulk addition 4,"[""standard""]"
Aapka mobile app Android pe kyun nahi chal raha?,technical_support,false,,,,hinglish example,"[""hinglish""]"
Is custom fields available in all plans?,general_question,false,,,,bulk addition 4,"[""standard""]"
The The webhook integration feature is causing errors.,technical_support,false,,,,bulk addition 4,"[""standard""]"
pls refund my mony,refund,true,,,,spelling/noisy text,"[""noisy""]"
the notifcation icon is not showng,technical_support,false,,,,spelling/noisy text,"[""noisy""]"
I can't switch between my workspace accounts.,account_issue,false,,,,account issue,"[""standard"", ""account""]"
Mera payment method update nahi ho raha.,account_issue,false,,,,bulk addition 3,"[""hinglish""]"
asdfghjkl,other,false,,,,other / off-topic,"[""standard"", ""other""]"
Cool,other,false,,,,other / off-topic,"[""standard"", ""other""]"
I'd like to start a paid subscription today.,sales,false,,,,purchase intent,"[""standard"", ""sales""]"
Angry!,complaint,true,,,,very short message,[]
Can't export,technical_support,false,,,,bulk addition 5,"[""standard""]"
How do I contact support?,general_question,false,,,,general info question,"[""standard""]"
Aapne jo promise kiya wo deliver nahi kiya.,complaint,false,,,,hinglish complaint,"[""hinglish""]"
Mera account hacked ho gaya.,account_issue,false,,,,hinglish account issue,"[""hinglish""]"
Your company's standards have dropped badly.,complaint,false,,,,general complaint,"[""standard"", ""complaint""]"
Your updates keep breaking existing features.,complaint,false,,,,bulk addition,"[""standard""]"
Tell me the price or connect me to sales.,pricing,false,,,,bulk addition 2,"[""confusion_pair""]"
the buton is not workng,technical_support,false,,,,spelling/noisy text,"[""noisy""]"
We're ready to move forward with your solution.,sales,false,,,,purchase intent,"[""standard"", ""sales""]"
API empty response de raha hai.,technical_support,false,,,,hinglish technical support,"[""hinglish""]"
The The template preview feature is causing errors.,technical_support,false,,,,bulk addition 4,"[""standard""]"
Cancel?,sales,false,,,,very short message,[]
How to export?,general_question,false,,,,bulk addition 5,"[""standard""]"
Does the price include support?,pricing,false,,,,pricing question,"[""standard"", ""pricing""]"
y is ur servis so expensiv,pricing,false,,,,bulk addition 2,"[""noisy""]"
Your service is bad but please don't contact me about it.,complaint,false,,,,escalation hard negative,"[""hard_negative_escalation""]"
the app is to slow,technical_support,false,,,,spelling/noisy text,"[""noisy""]"
I'm having trouble with The calendar sync.,technical_support,false,,,,bulk addition 4,"[""standard""]"
Team plan ka proforma invoice bhejo.,sales,false,,,,hinglish sales,"[""hinglish""]"
How are overage fees calculated?,pricing,false,,,,pricing question,"[""standard"", ""pricing""]"
What's your favorite color?,other,false,,,,other / off-topic,"[""standard"", ""other""]"
I want to complain to your manager.,human_request,true,,,,bulk addition,"[""confusion_pair""]"
the integratin with slack brok after updat,technical_support,false,,,,bulk addition 2,"[""noisy""]"
how 2 get a refnd i need it urgent,refund,true,,,,bulk addition 5,"[""noisy""]"
Does your platform support webhooks?,product_question,false,,,,bulk addition 2,"[""standard""]"
The mobile app stopped working suddenly.,technical_support,false,,,,bulk addition 4,"[""standard""]"
Refund my annual payment or I'll contact my lawyer.,refund,true,,,,bulk addition 2,"[""standard""]"
We need 100 licenses for our organization.,sales,false,,,,purchase intent,"[""standard"", ""sales""]"
What are the benefits of the reporting module?,general_question,false,,,,bulk addition 4,"[""standard""]"
wnt to buy prem but paymnt not wrk,sales,true,,,,bulk addition 3,"[""noisy""]"
Can you explain the dashboard?,general_question,false,,,,bulk addition 4,"[""standard""]"
I get an error when using The mobile app.,technical_support,false,,,,bulk addition 4,"[""standard""]"
i wnt a humen to help me,human_request,true,,,,spelling/noisy text,"[""noisy""]"
aapki services ke baare mein batao?,general_question,false,,,,hinglish general question,"[""hinglish""]"
Mai regular customer hu. Mujhe priority support do.,sales,false,,,,hinglish example,"[""hinglish""]"
my sso is brokn,technical_support,false,,,,spelling/noisy text,"[""noisy""]"
I'm having trouble with The template preview.,technical_support,false,,,,bulk addition 4,"[""standard""]"
Please expedite. This is time-sensitive.,general_question,true,,,,escalation hard positive,"[""escalation_positive"", ""hard_positive""]"
Aapka pricing page clear nahi hai.,pricing,false,,,,bulk addition,"[""hinglish""]"
File upload limit is stuck at 0 bytes.,technical_support,false,,,,technical issue,"[""standard"", ""technical""]"
Bot se koi help nahi mil rahi. Human do.,human_request,true,,,,bulk addition,"[""hinglish""]"
The The CSV importer feature is causing errors.,technical_support,false,,,,bulk addition 4,"[""standard""]"
whts the point of ur support if they never help,complaint,false,,,,bulk addition 5,"[""noisy""]"
i paid for premum but dnt hav it,account_issue,true,,,,spelling/noisy text,"[""noisy""]"
i cant log in to my accunt,account_issue,false,,,,spelling/noisy text,"[""noisy""]"
plese refnd my muney,refund,true,,,,spelling/noisy text,"[""noisy""]"
Is there a tutorial for user permissions?,general_question,false,,,,bulk addition 4,"[""standard""]"
i need a refnd 4 last munth,refund,true,,,,spelling/noisy text,"[""noisy""]"
kya custom domains use kar sakte hain?,product_question,false,,,,hinglish product question,"[""hinglish""]"
Help me,general_question,false,,,,very short message,[]
I get an error when using The reporting dashboard.,technical_support,false,,,,bulk addition 4,"[""standard""]"
I solved it myself. Thanks anyway.,technical_support,false,,,,bulk addition 2,"[""hard_negative_escalation""]"
What is 2+2?,other,false,,,,confusion pair example,"[""confusion_pair""]"
What's the contract length?,pricing,false,,,,bulk addition,"[""standard""]"
Is it possible to visit your office?,general_question,false,,,,bulk addition 3,"[""standard""]"
What do I need to know about the integration wizard?,general_question,false,,,,bulk addition 4,"[""standard""]"
What's the overage charge?,pricing,false,,,,pricing question,"[""standard"", ""pricing""]"
The template preview stopped working suddenly.,technical_support,false,,,,bulk addition 4,"[""standard""]"
Is audit logging available in all plans?,general_question,false,,,,bulk addition 4,"[""standard""]"
No one from your team seems to care about quality.,complaint,false,,,,bulk addition,"[""standard""]"
Can I call someone directly?,human_request,true,,,,human request,"[""escalation_positive"", ""human_request""]"
Aapne mujhe overcharge kiya hai. Check karo.,pricing,true,,,,hinglish example,"[""hinglish""]"
I appreciate your quick response!,other,false,,,,bulk addition 5,"[""standard""]"
What's the pricing for SSO integration?,pricing,false,,,,bulk addition 4,"[""standard""]"
I'm having trouble with The reporting dashboard.,technical_support,false,,,,bulk addition 4,"[""standard""]"
i wana spek to a manager not a bot,human_request,true,,,,bulk addition 2,"[""noisy""]"
Please send me the invoice for enterprise plan.,sales,false,,,,purchase intent,"[""standard"", ""sales""]"
the chat bot is not helpfl,complaint,false,,,,spelling/noisy text,"[""noisy""]"
Is there a number I can call to speak to someone?,human_request,true,,,,human request,"[""escalation_positive"", ""human_request""]"
Email delivery is broken after the latest update.,technical_support,false,,,,bulk addition 4,"[""standard""]"
Aapke software mein Hindi font support hai?,product_question,false,,,,hinglish example,"[""hinglish""]"
Are you a bot or a human?,other,false,,,,bulk addition 2,"[""confusion_pair""]"
How much for the mobile app?,pricing,false,,,,bulk addition 4,"[""standard""]"
Student discount milta hai kya?,pricing,false,,,,hinglish pricing,"[""hinglish""]"
Take me to your supervisor right now.,human_request,true,,,,bulk addition 5,"[""standard""]"
My account is broken and I need a human to fix it.,account_issue,true,,,,bulk addition,"[""multi_intent""]"
I get an error when using The API endpoint.,technical_support,false,,,,bulk addition 4,"[""standard""]"
ur service sux big time,complaint,false,,,,bulk addition,"[""noisy""]"
Can I create a team workspace?,general_question,false,,,,general info question,"[""standard""]"
Shameful that you charge for this broken software.,complaint,false,,,,bulk addition 2,"[""standard""]"
Can the API be disabled?,general_question,false,,,,bulk addition 4,"[""standard""]"
Please generate a proforma invoice for the team plan.,sales,false,,,,purchase intent,"[""standard"", ""sales""]"
i dont lik this servis,complaint,false,,,,spelling/noisy text,"[""noisy""]"
Is there a role-based access control?,product_question,false,,,,product feature question,"[""standard""]"
Can you explain the API?,general_question,false,,,,bulk addition 4,"[""standard""]"
Nobody needs to follow up. I'll manage.,general_question,false,,,,escalation hard negative,"[""hard_negative_escalation""]"
Aap log customer ki value nahi karte.,complaint,false,,,,hinglish complaint,"[""hinglish""]"
custom reports bana sakte hain?,product_question,false,,,,hinglish product question,"[""hinglish""]"
I don't have any questions.,other,false,,,,bulk addition 3,"[""standard""]"
Too expensive,pricing,false,,,,bulk addition 5,"[""standard""]"
Does your platform include A/B testing?,product_question,false,,,,product feature question,"[""standard""]"
What are your business hours?,general_question,false,,,,general info question,"[""standard""]"
You charged me the wrong plan price.,pricing,true,,,,bulk addition 3,"[""standard""]"
Can I customize the color scheme?,product_question,false,,,,bulk addition 3,"[""standard""]"
Do I need to configure custom fields manually?,general_question,false,,,,bulk addition 4,"[""standard""]"
I want to be very clear. I am NOT requesting a refund. I understand your refund policy and I respect it. What I am asking for is a detailed explanation of why my account was downgraded even though I paid for the annual plan. I have the transaction receipt and everything. This seems like a system error on your end and I would appreciate it if someone knowledgeable could look into it and explained what happened. Please do not call me as I am busy during work hours. An email explanation would be perfectly fine.,account_issue,false,,,,long message,"[""long""]"
I don't need help anymore. Issue is resolved.,technical_support,false,,,,bulk addition,"[""hard_negative_escalation""]"
I need my money refunded today.,refund,true,,,,refund demand,"[""escalation_positive"", ""refund""]"
My CSV import is failing with a generic error.,technical_support,false,,,,bulk addition,"[""standard""]"
I feel like I've been scammed by your company.,complaint,false,,,,general complaint,"[""standard"", ""complaint""]"
This is a complete waste of money.,complaint,false,,,,general complaint,"[""standard"", ""complaint""]"
You don't need to call. Just reply here.,general_question,false,,,,bulk addition,"[""hard_negative_escalation""]"
The reporting dashboard keeps failing.,technical_support,false,,,,bulk addition 4,"[""standard""]"
I'm documenting everything for my lawyer.,complaint,true,,,,bulk addition,"[""escalation_positive""]"
You owe me $299. Refund it now.,refund,true,,,,bulk addition 2,"[""standard""]"
plz help me wit my login,account_issue,false,,,,spelling/noisy text,"[""noisy""]"
What is your data backup frequency?,general_question,false,,,,bulk addition,"[""standard""]"
How does real-time sync work in your platform?,general_question,false,,,,bulk addition 4,"[""standard""]"
Account?,account_issue,false,,,,very short message,[]
"Your service is terrible, give me a refund.",refund,true,,,,confusion pair example,"[""confusion_pair""]"
i want my subscripion canclled,sales,false,,,,spelling/noisy text,"[""noisy""]"
Overcharged,pricing,true,,,,very short message,[]
Does your tool offer predictive analytics?,product_question,false,,,,product feature question,"[""standard""]"
What are the benefits of real-time sync?,general_question,false,,,,bulk addition 4,"[""standard""]"
Do unused credits roll over?,pricing,false,,,,pricing question,"[""standard"", ""pricing""]"
My custom scripts stopped working after the latest update.,technical_support,false,,,,technical issue,"[""standard"", ""technical""]"
Is there a referral tracking system?,product_question,false,,,,product feature question,"[""standard""]"
i was chargd aftr i canclld refund,refund,true,,,,bulk addition 3,"[""noisy""]"
We chose your platform. Let's proceed.,sales,false,,,,purchase intent,"[""standard"", ""sales""]"
File upload limit 0 bytes par atka hua hai.,technical_support,false,,,,hinglish technical support,"[""hinglish""]"
The The calendar sync feature is causing errors.,technical_support,false,,,,bulk addition 4,"[""standard""]"
How does role management work in your platform?,general_question,false,,,,bulk addition 4,"[""standard""]"
Talk to someone about pricing versus talk to sales.,pricing,false,,,,bulk addition 3,"[""confusion_pair""]"
My account is showing balance due but I already paid.,account_issue,true,,,,bulk addition 5,"[""standard""]"
File upload is showing incorrect data.,technical_support,false,,,,bulk addition 4,"[""standard""]"
What are the benefits of audit logging?,general_question,false,,,,bulk addition 4,"[""standard""]"
Can you help me fix The calendar sync?,technical_support,false,,,,bulk addition 4,"[""standard""]"
Please issue a refund for my recent payment.,refund,true,,,,refund demand,"[""escalation_positive"", ""refund""]"
How is the usage calculated?,pricing,false,,,,bulk addition,"[""standard""]"
how do i delet my acount,general_question,false,,,,spelling/noisy text,"[""noisy""]"
Where can I find documentation about two-factor authentication?,general_question,false,,,,bulk addition 4,"[""standard""]"
No need to follow up. All sorted.,technical_support,false,,,,bulk addition 3,"[""hard_negative_escalation""]"
Can we schedule the onboarding call?,sales,false,,,,purchase intent,"[""standard"", ""sales""]"
What's the price per additional seat?,pricing,false,,,,bulk addition 3,"[""standard""]"
I want to speak to a manager about your terrible service.,human_request,true,,,,confusion pair example,"[""confusion_pair""]"
Is there audit logging?,product_question,false,,,,product feature question,"[""standard""]"
Your automated system is not understanding my issue. Human needed.,human_request,true,,,,bulk addition,"[""standard""]"
whr can i find the pricin page,pricing,false,,,,spelling/noisy text,"[""noisy""]"
i m lockd out of my acnt since 3 days,account_issue,true,,,,bulk addition 5,"[""noisy""]"
Can you teach me to code?,other,false,,,,bulk addition 2,"[""standard""]"
Aapki team ka response time bahut slow hai.,complaint,false,,,,bulk addition,"[""hinglish""]"
Aapke software mein bug hai. Fix karo.,technical_support,false,,,,bulk addition,"[""hinglish""]"
The system is not recognizing my API calls.,technical_support,false,,,,bulk addition 3,"[""standard""]"
Two-factor authentication code delivery is delayed.,technical_support,false,,,,technical issue,"[""standard"", ""technical""]"
I am so angry I could scream but I don't need anyone to call.,complaint,false,,,,bulk addition 3,"[""hard_negative_escalation""]"
Yeah okay,other,false,,,,other / off-topic,"[""standard"", ""other""]"
Password change confirmation email not received.,account_issue,false,,,,account issue,"[""standard"", ""account""]"
I need to speak to someone who can actually help.,human_request,true,,,,bulk addition 3,"[""standard""]"
Aapka dashboard error de raha hai. 500 aa raha hai.,technical_support,false,,,,hinglish example,"[""hinglish""]"
Mujhe premium plan lena hai.,sales,false,,,,hinglish sales,"[""hinglish""]"
I'm about to lose a major client because of your downtime.,technical_support,true,,,,bulk addition 3,"[""escalation_positive""]"
ye software Hindi mein available hai?,general_question,false,,,,hinglish general question,"[""hinglish""]"
Please connect me to a live support person.,human_request,true,,,,human request,"[""escalation_positive"", ""human_request""]"
I want my money back for the add-on I didn't order.,refund,true,,,,bulk addition 5,"[""standard""]"
The CSV importer keeps failing.,technical_support,false,,,,bulk addition 4,"[""standard""]"
Refund the auto-renewal charge immediately.,refund,true,,,,bulk addition,"[""standard""]"
I'm having trouble with Email delivery.,technical_support,false,,,,bulk addition 4,"[""standard""]"
Where can I find documentation about user permissions?,general_question,false,,,,bulk addition 4,"[""standard""]"
Email delivery keeps failing.,technical_support,false,,,,bulk addition 4,"[""standard""]"
i cant find the settngs buton,technical_support,false,,,,spelling/noisy text,"[""noisy""]"
"I wanted to ask about something before I make a purchase decision. Your premium plan seems to have a lot of features that I'm interested in, especially the API access and the advanced analytics capabilities. However, I noticed that the pricing page doesn't clearly mention whether there are any additional costs for API calls beyond a certain limit. Could you please clarify this for me? Also, do you offer any kind of migration assistance for customers who are switching from a different platform? I would appreciate a detailed response as I'm evaluating multiple options right now.",product_question,false,,,,long message,"[""long""]"
I can't update my profile information.,account_issue,false,,,,account issue,"[""standard"", ""account""]"
I am furious! But I'll handle it myself.,complaint,false,,,,bulk addition 3,"[""hard_negative_escalation""]"
Talk to human about technical support for billing issue.,technical_support,true,,,,bulk addition,"[""multi_intent""]"
Can you explain the integration wizard?,general_question,false,,,,bulk addition 4,"[""standard""]"
The search bar is broken after the latest update.,technical_support,false,,,,bulk addition 4,"[""standard""]"
No escalation. Just asking a question.,general_question,false,,,,bulk addition 5,"[""hard_negative_escalation""]"
Account issue and refund request both.,refund,true,,,,bulk addition 5,"[""multi_intent""]"
the dashbord is confusin,complaint,false,,,,bulk addition,"[""noisy""]"
the dashboard is showin error 500,technical_support,false,,,,spelling/noisy text,"[""noisy""]"
I'll be in touch.,other,false,,,,bulk addition 3,"[""standard""]"
My business operations are halted because of you.,technical_support,true,,,,bulk addition 2,"[""escalation_positive""]"
Email spam folder mein ja rahi hai.,technical_support,false,,,,hinglish technical support,"[""hinglish""]"
I want to move forward with the implementation.,sales,false,,,,purchase intent,"[""standard"", ""sales""]"
Upgrade?,sales,false,,,,very short message,[]
This has been going on for a month. I need a resolution now.,complaint,true,,,,escalation hard positive,"[""escalation_positive"", ""hard_positive""]"
Aapki service bahut achi hai pehle se.,other,false,,,,bulk addition 3,"[""hinglish""]"
What is the cost of API access for 100k calls?,pricing,false,,,,bulk addition 4,"[""standard""]"
i accidently deletd my accunt,account_issue,true,,,,spelling/noisy text,"[""noisy""]"
The mobile app keeps failing.,technical_support,false,,,,bulk addition 4,"[""standard""]"
The email notifications are being sent to wrong recipients.,technical_support,false,,,,bulk addition,"[""standard""]"
I need to speak to a person with real authority.,human_request,true,,,,bulk addition 2,"[""standard""]"
Can audit logging be disabled?,general_question,false,,,,bulk addition 4,"[""standard""]"
Login button is not working properly.,technical_support,false,,,,technical issue,"[""standard"", ""technical""]"
The API endpoint stopped working suddenly.,technical_support,false,,,,bulk addition 4,"[""standard""]"
Data export stopped working suddenly.,technical_support,false,,,,bulk addition 4,"[""standard""]"
What time does your support team work?,general_question,false,,,,bulk addition,"[""standard""]"
This needs immediate attention. I'm losing revenue.,technical_support,true,,,,bulk addition 2,"[""escalation_positive""]"
Will this work with my existing ERP system?,product_question,false,,,,bulk addition 3,"[""standard""]"
What do I need to know about backup?,general_question,false,,,,bulk addition 4,"[""standard""]"
my team cant see the documents i upload,technical_support,false,,,,bulk addition 2,"[""noisy""]"
I hate your pricing but I need your product.,pricing,false,,,,bulk addition 3,"[""multi_intent""]"
The reporting dashboard is not working.,technical_support,false,,,,bulk addition 4,"[""standard""]"
How long does it take to set up custom fields?,general_question,false,,,,bulk addition 4,"[""standard""]"
My custom fields are not appearing on the ticket form.,technical_support,false,,,,bulk addition,"[""standard""]"
i was chargd the rong plan,pricing,true,,,,spelling/noisy text,"[""noisy""]"
I have been trying to reach your support team for days without any response. This is extremely frustrating and I need someone to address my concerns immediately.,complaint,true,,,,cross 2000,"[""escalation_positive"", ""long""]"
Mujhe ek insaan se baat karni hai. Bot se nahi.,human_request,true,,,,human request,"[""escalation_positive"", ""human_request""]"
Email delivery is delayed by 6 hours.,technical_support,false,,,,bulk addition 3,"[""standard""]"
Can I switch plans mid-cycle?,pricing,false,,,,pricing question,"[""standard"", ""pricing""]"
Is there a limit on the number of projects?,general_question,false,,,,bulk addition 2,"[""standard""]"
Can I automate lead scoring?,product_question,false,,,,product feature question,"[""standard""]"
Sales team se baat karni hai.,sales,false,,,,hinglish sales,"[""hinglish""]"
Team member add karne ka option kahan hai?,product_question,false,,,,hinglish example,"[""hinglish""]"
What are the benefits of two-factor authentication?,general_question,false,,,,bulk addition 4,"[""standard""]"
Can I get a walkthrough of the enterprise features?,sales,false,,,,purchase intent,"[""standard"", ""sales""]"
Do I need to configure email notifications manually?,general_question,false,,,,bulk addition 4,"[""standard""]"
I figured it out on my own.,technical_support,false,,,,bulk addition 3,"[""hard_negative_escalation""]"
Where can I find documentation about custom fields?,general_question,false,,,,bulk addition 4,"[""standard""]"
What are the benefits of custom fields?,general_question,false,,,,bulk addition 4,"[""standard""]"
Your product broke and I want someone to fix it.,technical_support,false,,,,bulk addition 5,"[""confusion_pair""]"
Aapne mujhe galat currency mein bill kiya.,pricing,true,,,,bulk addition 3,"[""hinglish""]"
Aapki service achi hai lekin price bahut zyada hai.,pricing,false,,,,multi-intent example,"[""multi_intent""]"
Do you support SAML/SSO?,general_question,false,,,,general info question,"[""standard""]"
Is there a tutorial for real-time sync?,general_question,false,,,,bulk addition 4,"[""standard""]"
Get me a human. The bot is useless.,human_request,true,,,,human request,"[""escalation_positive"", ""human_request""]"
Let me upgrade right now. Take my payment.,sales,false,,,,purchase intent,"[""standard"", ""sales""]"
What is the cost of SSO integration?,pricing,false,,,,bulk addition 4,"[""standard""]"
Get me a human on the line. I need to buy something.,sales,false,,,,confusion pair example,"[""confusion_pair""]"
Mujhe refund chahiye aur account bhi fix karo.,refund,true,,,,multi-intent example,"[""multi_intent""]"
i cnt acess my acount fr 3 days,account_issue,true,,,,spelling/noisy text,"[""noisy""]"
Do I pay extra for API access for 100k calls?,pricing,false,,,,bulk addition 4,"[""standard""]"
I get an error when using The drag and drop editor.,technical_support,false,,,,bulk addition 4,"[""standard""]"
How long does it take to set up the dashboard?,general_question,false,,,,bulk addition 4,"[""standard""]"
how much dose the pro plan cost?,pricing,false,,,,spelling/noisy text,"[""noisy""]"
I have never been this disappointed with a service.,complaint,false,,,,general complaint,"[""standard"", ""complaint""]"
Can email notifications be disabled?,general_question,false,,,,bulk addition 4,"[""standard""]"
I'm evaluating your tool against two others. Help me choose.,sales,false,,,,bulk addition,"[""standard""]"
Can I change my username?,general_question,false,,,,general info question,"[""standard""]"
Do you provide training resources?,general_question,false,,,,general info question,"[""standard""]"
Widgets on the dashboard are not loading.,technical_support,false,,,,technical issue,"[""standard"", ""technical""]"
Your support is consistently slow and unhelpful.,complaint,false,,,,bulk addition,"[""standard""]"
What are the benefits of the import tool?,general_question,false,,,,bulk addition 4,"[""standard""]"
Is there a discount for annual billing?,pricing,false,,,,pricing question,"[""standard"", ""pricing""]"
My payment failed but it's working now. No help needed.,technical_support,false,,,,escalation hard negative,"[""hard_negative_escalation""]"
Pricing monthly hai ya yearly?,pricing,false,,,,hinglish pricing,"[""hinglish""]"
What are the benefits of the API?,general_question,false,,,,bulk addition 4,"[""standard""]"
New team members can't see the shared workspace.,account_issue,false,,,,bulk addition,"[""standard""]"
Can you explain the refund policy and also your pricing?,general_question,false,,,,multi-intent example,"[""multi_intent""]"
Please help me upgrade my account.,sales,false,,,,purchase intent,"[""standard"", ""sales""]"
i cnt log in 2 my accunt its urgent,account_issue,true,,,,bulk addition,"[""noisy""]"
Does the platform have a dashboard?,product_question,false,,,,product feature question,"[""standard""]"
I'm extremely let down by your company.,complaint,false,,,,bulk addition 3,"[""standard""]"
You should be ashamed of this product quality.,complaint,false,,,,general complaint,"[""standard"", ""complaint""]"
kya hum multiple workspaces bana sakte hain?,general_question,false,,,,hinglish general question,"[""hinglish""]"
Real person connect karo please.,human_request,true,,,,human request,"[""escalation_positive"", ""human_request""]"
I'm ready to purchase. Here is my PO number.,sales,false,,,,bulk addition,"[""standard""]"
The login page keeps failing.,technical_support,false,,,,bulk addition 4,"[""standard""]"
Nice,other,false,,,,other / off-topic,"[""standard"", ""other""]"
Currency kya hai pricing ki?,pricing,false,,,,hinglish pricing,"[""hinglish""]"
I cannot delete a ticket that was created by mistake.,technical_support,false,,,,bulk addition,"[""standard""]"
Do I need to configure the reporting module manually?,general_question,false,,,,bulk addition 4,"[""standard""]"
The API endpoint keeps failing.,technical_support,false,,,,bulk addition 4,"[""standard""]"
What are the costs for API access?,pricing,false,,,,pricing question,"[""standard"", ""pricing""]"
Account verification fail ho raha hai.,account_issue,false,,,,hinglish account issue,"[""hinglish""]"
Is your service good for small businesses?,general_question,false,,,,confusion pair example,"[""confusion_pair""]"
NGO discount milta hai kya?,pricing,false,,,,hinglish pricing,"[""hinglish""]"
I'm having trouble with The notification system.,technical_support,false,,,,bulk addition 4,"[""standard""]"
Mujhe bulk discount chahiye 50 users ke liye.,sales,false,,,,hinglish example,"[""hinglish""]"
Is tax included in the price?,pricing,false,,,,pricing question,"[""standard"", ""pricing""]"
Can you explain the template system?,general_question,false,,,,bulk addition 4,"[""standard""]"
Are you a robot?,other,false,,,,other / off-topic,"[""standard"", ""other""]"
Images aren't rendering properly in reports.,technical_support,false,,,,technical issue,"[""standard"", ""technical""]"
Where can I find documentation about the dashboard?,general_question,false,,,,bulk addition 4,"[""standard""]"
What is the cost per additional user?,pricing,false,,,,pricing question,"[""standard"", ""pricing""]"
I want to increase my plan limits.,sales,false,,,,purchase intent,"[""standard"", ""sales""]"
Do I need to configure the integration wizard manually?,general_question,false,,,,bulk addition 4,"[""standard""]"
Do I pay extra for premium support?,pricing,false,,,,bulk addition 4,"[""standard""]"
How does the import tool work in your platform?,general_question,false,,,,bulk addition 4,"[""standard""]"
Is there a widget for my website?,product_question,false,,,,bulk addition,"[""standard""]"
u guys chargrd me twise,refund,true,,,,spelling/noisy text,"[""noisy""]"
how 2 delet my acc,general_question,false,,,,bulk addition,"[""noisy""]"
Can someone please call me regarding my account?,human_request,true,,,,bulk addition,"[""standard""]"
Can you help me fix Email delivery?,technical_support,false,,,,bulk addition 4,"[""standard""]"
Good,other,false,,,,very short message,[]
Annual plan ke liye sign up karo.,sales,false,,,,hinglish sales,"[""hinglish""]"
Send me pricing and also tell me about features.,pricing,false,,,,bulk addition,"[""multi_intent""]"
I want to add the API add-on to my existing plan.,sales,false,,,,bulk addition,"[""standard""]"
What is your support response time?,general_question,false,,,,bulk addition 2,"[""standard""]"
how many users can i ad,product_question,false,,,,spelling/noisy text,"[""noisy""]"
Pricing for a startup vs enterprise?,pricing,false,,,,pricing question,"[""standard"", ""pricing""]"
Price mein support included hai?,pricing,false,,,,hinglish pricing,"[""hinglish""]"
Mujhe apne account mein help chahiye. Price batao.,pricing,false,,,,confusion pair example,"[""confusion_pair""]"
Is custom reporting included in the base price?,pricing,false,,,,bulk addition 4,"[""standard""]"
I get an error when using The CSV importer.,technical_support,false,,,,bulk addition 4,"[""standard""]"
I demand to speak to a human supervisor.,human_request,true,,,,human request,"[""escalation_positive"", ""human_request""]"
My team needs 50 seats. Any discount?,pricing,false,,,,pricing question,"[""standard"", ""pricing""]"
Kya?,other,false,,,,very short message,[]
Is the API available in all plans?,general_question,false,,,,bulk addition 4,"[""standard""]"
how 2 get a demmo,sales,false,,,,spelling/noisy text,"[""noisy""]"
I want to return your product and complain.,refund,true,,,,bulk addition 2,"[""confusion_pair""]"
You guys don't care about your customers at all.,complaint,false,,,,general complaint,"[""standard"", ""complaint""]"
Refund!,refund,true,,,,very short message,[]
I can fix this myself. Just confirm the steps.,technical_support,false,,,,escalation hard negative,"[""hard_negative_escalation""]"
Kya aap mujhe call kar sakte ho? Main bot se baat nahi karna chahta.,human_request,true,,,,human request,"[""escalation_positive"", ""human_request""]"
I'm angry about the price but I need the product.,pricing,false,,,,bulk addition 5,"[""multi_intent""]"
I have a complaint about my account but I also need it fixed now.,account_issue,true,,,,multi-intent example,"[""multi_intent""]"
This is false advertising. I want my money back.,refund,true,,,,bulk addition,"[""confusion_pair""]"
Please do not call me. Just fix the issue silently.,technical_support,false,,,,bulk addition,"[""hard_negative_escalation""]"
Is phone support included?,pricing,false,,,,bulk addition 5,"[""standard""]"
Aapki onboarding process bahut complicated hai.,complaint,false,,,,hinglish example,"[""hinglish""]"
How is your day going?,other,false,,,,bulk addition 3,"[""standard""]"
Pricing question and account login issue.,pricing,false,,,,bulk addition 3,"[""multi_intent""]"
How many employees do you have?,general_question,false,,,,confusion pair example,"[""confusion_pair""]"
Team plan ke liye order karna hai.,sales,false,,,,hinglish sales,"[""hinglish""]"
I need to merge two accounts.,account_issue,false,,,,account issue,"[""standard"", ""account""]"
Customer service representative se baat karni hai.,human_request,true,,,,hinglish human request,"[""hinglish"", ""escalation_positive"", ""human_request""]"
Issue resolved itself. Close my support ticket.,technical_support,false,,,,bulk addition 3,"[""hard_negative_escalation""]"
How much for API access for 100k calls?,pricing,false,,,,bulk addition 4,"[""standard""]"
I'm going to dispute this with my bank.,technical_support,true,,,,escalation hard positive,"[""escalation_positive"", ""hard_positive""]"
Refund the full amount or I'll take legal action.,refund,true,,,,bulk addition 3,"[""standard""]"
Fix now,technical_support,true,,,,very short message,[]
i m getin eror 500 on evry pag,technical_support,false,,,,bulk addition 3,"[""noisy""]"
Ignore the frustration in my last message. I'm fine now.,other,false,,,,escalation hard negative,"[""hard_negative_escalation""]"
My workflow automation is not loading properly.,technical_support,false,,,,bulk addition 4,"[""standard""]"
I was logged out and now my password doesn't work.,account_issue,false,,,,bulk addition 2,"[""standard""]"
how 2 upgrate to premum,sales,false,,,,bulk addition 3,"[""noisy""]"
team members add karne ka kya process hai?,general_question,false,,,,hinglish general question,"[""hinglish""]"
Where can I find documentation about the API?,general_question,false,,,,bulk addition 4,"[""standard""]"
can smeone help me plzzz,general_question,false,,,,spelling/noisy text,"[""noisy""]"
Please start our enterprise trial with sales.,sales,false,,,,purchase intent,"[""standard"", ""sales""]"
Har baar same problem. Koi fix nahi karta.,complaint,false,,,,hinglish complaint,"[""hinglish""]"
My subscription renewed but I wanted to cancel.,refund,true,,,,bulk addition 3,"[""standard""]"
Custom scripts kaam nahi kar rahe update ke baad.,technical_support,false,,,,hinglish technical support,"[""hinglish""]"
Page load nahi ho raha. Infinite loading.,technical_support,false,,,,hinglish technical support,"[""hinglish""]"
What are the benefits of the template system?,general_question,false,,,,bulk addition 4,"[""standard""]"
My account was hacked. Someone changed my password.,account_issue,false,,,,account issue,"[""standard"", ""account""]"
Is pricing per month or per year?,pricing,false,,,,pricing question,"[""standard"", ""pricing""]"
The API returns empty responses for valid queries.,technical_support,false,,,,technical issue,"[""standard"", ""technical""]"
Do accounts merge karne hain.,account_issue,false,,,,hinglish account issue,"[""hinglish""]"
How much does it cost to upgrade?,pricing,false,,,,pricing question,"[""standard"", ""pricing""]"
Bahut frustrating hai.,complaint,false,,,,hinglish complaint,"[""hinglish""]"
I get an error when using Email delivery.,technical_support,false,,,,bulk addition 4,"[""standard""]"
My entire workflow depends on this fix. I'm stuck since Monday.,technical_support,true,,,,bulk addition,"[""escalation_positive""]"
Email parser is not categorizing tickets correctly.,technical_support,false,,,,bulk addition,"[""standard""]"
How much for custom reporting?,pricing,false,,,,bulk addition 4,"[""standard""]"
The reporting dashboard stopped working suddenly.,technical_support,false,,,,bulk addition 4,"[""standard""]"
account activate karne mein kitna time lagta hai?,general_question,false,,,,hinglish general question,"[""hinglish""]"
Product khareedna hai. Kya process hai?,sales,false,,,,hinglish sales,"[""hinglish""]"
i cnt find the cancle buton anywer,sales,false,,,,bulk addition 2,"[""noisy""]"
Isme multiple currency support hai kya?,product_question,false,,,,hinglish product question,"[""hinglish""]"
Do you have a status page for system health?,general_question,false,,,,bulk addition,"[""standard""]"
Aapka product joke hai.,complaint,false,,,,hinglish complaint,"[""hinglish""]"
Mujhe report schedule karni hai. Kaise kare?,product_question,false,,,,bulk addition 3,"[""hinglish""]"
Is there a tutorial for role management?,general_question,false,,,,bulk addition 4,"[""standard""]"
Account settings keep reverting to default.,account_issue,false,,,,account issue,"[""standard"", ""account""]"
Angry about billing but love the product.,pricing,false,,,,bulk addition 2,"[""multi_intent""]"
Does it support multiple currencies?,product_question,false,,,,product feature question,"[""standard""]"
Is the integration wizard available in all plans?,general_question,false,,,,bulk addition 4,"[""standard""]"
Mera payment successful hai but account active nahi.,technical_support,true,,,,bulk addition,"[""hinglish""]"
This is affecting my ability to serve my own customers.,technical_support,true,,,,bulk addition,"[""escalation_positive""]"
Do you have a mobile app?,general_question,false,,,,bulk addition,"[""standard""]"
Kaise purchase kare? Mujhe lena hai.,sales,false,,,,hinglish sales,"[""hinglish""]"
Kya aap monthly billing bhi support karte ho?,pricing,false,,,,hinglish pricing,"[""hinglish""]"
Can I set up recurring reports?,general_question,false,,,,bulk addition,"[""standard""]"
My account shows I'm logged in but nothing loads.,account_issue,false,,,,bulk addition 2,"[""standard""]"
Mujhe demo chahiye purchase se pehle.,sales,false,,,,hinglish sales,"[""hinglish""]"
Do you work with non-profits?,general_question,false,,,,general info question,"[""standard""]"
I want a refund and also tell me about your pricing.,refund,true,,,,multi-intent example,"[""multi_intent""]"
How do I invite team members?,general_question,false,,,,general info question,"[""standard""]"
Bot useless hai. Insaan do.,human_request,true,,,,hinglish human request,"[""hinglish"", ""escalation_positive"", ""human_request""]"
Can you explain data export?,general_question,false,,,,bulk addition 4,"[""standard""]"
Team plan lena hai. Discount batao.,sales,false,,,,bulk addition 2,"[""hinglish""]"
Work email access nahi hai aur login nahi ho raha.,account_issue,false,,,,hinglish account issue,"[""hinglish""]"
Mujhe aapke product features nahi dikh rahe.,product_question,false,,,,bulk addition 2,"[""hinglish""]"
Mera plan upgrade nahi ho raha hai.,sales,false,,,,bulk addition 2,"[""hinglish""]"
No need to contact me. I'll check the documentation.,general_question,false,,,,bulk addition,"[""hard_negative_escalation""]"
I was about to get angry but then it fixed.,technical_support,false,,,,bulk addition 3,"[""hard_negative_escalation""]"
Complaint about my account and I want to cancel.,account_issue,false,,,,bulk addition 3,"[""multi_intent""]"
Do I pay extra for extra storage?,pricing,false,,,,bulk addition 4,"[""standard""]"
The drag and drop editor is not loading properly.,technical_support,false,,,,bulk addition 4,"[""standard""]"
Are there any hidden fees?,pricing,false,,,,pricing question,"[""standard"", ""pricing""]"
How do I get dedicated support?,general_question,false,,,,general info question,"[""standard""]"
Can I use my own domain with your service?,product_question,false,,,,bulk addition 3,"[""standard""]"
Mera data export kar do. Mai switch kar raha hu.,general_question,false,,,,bulk addition 3,"[""hinglish""]"
my acount got hakd help me plz,account_issue,true,,,,bulk addition,"[""noisy""]"
Demo chahiye sales team se. Schedule karo.,sales,false,,,,hinglish example,"[""hinglish""]"
I'm evaluating vendors and you're my top choice.,sales,false,,,,purchase intent,"[""standard"", ""sales""]"
I want to speak to someone about purchasing.,sales,false,,,,confusion pair example,"[""confusion_pair""]"
kya basic plan mein analytics hai?,product_question,false,,,,hinglish product question,"[""hinglish""]"
I need 25 licenses for my department.,sales,false,,,,bulk addition,"[""standard""]"
I need to add 3 more admins to my account.,sales,false,,,,bulk addition 3,"[""standard""]"
refnd my paymant r i will su u,refund,true,,,,spelling/noisy text,"[""noisy""]"
Contact not required. Just giving feedback.,complaint,false,,,,escalation hard negative,"[""hard_negative_escalation""]"
kya aap WhatsApp support dete ho?,general_question,false,,,,general info question,"[""standard""]"
I want to buy but first help me understand the pricing.,pricing,false,,,,multi-intent example,"[""multi_intent""]"
Is the template system available in all plans?,general_question,false,,,,bulk addition 4,"[""standard""]"
Keep up the good work.,other,false,,,,bulk addition,"[""standard""]"
Can I set up drip campaigns?,product_question,false,,,,product feature question,"[""standard""]"
My refund request has been pending for a week.,refund,true,,,,refund demand,"[""escalation_positive"", ""refund""]"
I was a loyal customer but you don't care.,complaint,false,,,,general complaint,"[""standard"", ""complaint""]"
How many users can I have on basic?,pricing,false,,,,bulk addition,"[""standard""]"
Payment kat gaya but account activate nahi hua.,technical_support,true,,,,hinglish example,"[""hinglish""]"
Aapki app bahut heavy hai. Phone hang ho jata hai.,technical_support,false,,,,hinglish example,"[""hinglish""]"
What is the cost of additional users?,pricing,false,,,,bulk addition 4,"[""standard""]"
Can I connect my domain?,general_question,false,,,,general info question,"[""standard""]"
What is the max number of integrations?,product_question,false,,,,bulk addition 3,"[""standard""]"
The user interface is counterintuitive.,product_question,false,,,,bulk addition 3,"[""standard""]"
Mujhe annual plan lena hai. Discount do.,sales,false,,,,hinglish example,"[""hinglish""]"
Is your product good? Tell me honestly.,general_question,false,,,,bulk addition 3,"[""confusion_pair""]"
Login credentials suddenly kaam nahi kar rahe.,account_issue,false,,,,hinglish account issue,"[""hinglish""]"
I insist on speaking to a human agent.,human_request,true,,,,human request,"[""escalation_positive"", ""human_request""]"
the app keepz crashin wen i uplod,technical_support,false,,,,spelling/noisy text,"[""noisy""]"
I want to upgrade but I'm also locked out.,sales,true,,,,bulk addition 5,"[""multi_intent""]"
Bot se koi fayda nahi. Human connect karo.,human_request,true,,,,hinglish human request,"[""hinglish"", ""escalation_positive"", ""human_request""]"
I wanted to report a bug but also ask about something else. The bug is that when I try to export my report as PDF the formatting is completely messed up. Tables are overlapping and the fonts are all wrong. This used to work fine a few weeks ago. Also I was wondering if you have plans to add more chart types in the future? A radar chart would be really useful for my team. But the main thing is the PDF export bug which is affecting my weekly reporting.,technical_support,false,,,,long message,"[""long""]"
I don't have an account and I'm just browsing.,other,false,,,,bulk addition 5,"[""standard""]"
Excellent,other,false,,,,very short message,[]
Can I create custom ticket statuses?,product_question,false,,,,bulk addition,"[""standard""]"
What is the enterprise minimum commitment?,pricing,false,,,,bulk addition,"[""standard""]"
The API endpoint is not working.,technical_support,false,,,,bulk addition 4,"[""standard""]"
The drag and drop editor is showing incorrect data.,technical_support,false,,,,bulk addition 4,"[""standard""]"
What is the meaning of life?,other,false,,,,other / off-topic,"[""standard"", ""other""]"
What's the pricing for the enterprise add-on?,pricing,false,,,,bulk addition 4,"[""standard""]"
Help me choose the right plan for my team.,sales,false,,,,purchase intent,"[""standard"", ""sales""]"
The API endpoint is not loading properly.,technical_support,false,,,,bulk addition 4,"[""standard""]"
Do I need to configure audit logging manually?,general_question,false,,,,bulk addition 4,"[""standard""]"
The notification system is showing incorrect data.,technical_support,false,,,,bulk addition 4,"[""standard""]"
User permissions keep resetting to default.,technical_support,false,,,,technical issue,"[""standard"", ""technical""]"
The template preview is showing incorrect data.,technical_support,false,,,,bulk addition 4,"[""standard""]"
Can you help me migrate from my current provider?,sales,false,,,,purchase intent,"[""standard"", ""sales""]"
Can I integrate with Jira?,product_question,false,,,,bulk addition,"[""standard""]"
Is there GDPR compliance features?,product_question,false,,,,bulk addition 2,"[""standard""]"
Do I need to configure the dashboard manually?,general_question,false,,,,bulk addition 4,"[""standard""]"
